corpus,kmer,freq,m,signal,noise
dedup,AAA,2146.0,8000,0.8799999952316284,0.0
dedup,AAE,2578.0,8000,1.0,0.0
dedup,AAI,83.0,8000,0.03500000014901161,0.14000000059604645
dedup,AAL,2564.0,8000,1.0099999904632568,0.0
dedup,AAR,2566.0,8000,0.9950000047683716,0.0
dedup,AAT,2503.0,8000,0.9599999785423279,0.0
dedup,AAX,23.0,8000,0.004999999888241291,0.019999999552965164
dedup,AAY,2162.0,8000,0.8949999809265137,3.5799999237060547
dedup,ADA,2565.0,8000,1.0,8.975000381469727
dedup,ADQ,2612.0,8000,1.0,0.9750000238418579
dedup,ADS,2566.0,8000,0.9850000143051147,0.0
dedup,ADT,1612.0,8000,0.6700000166893005,0.0
dedup,ADX,6.0,8000,0.004999999888241291,0.019999999552965164
dedup,ADY,5137.0,8000,3.9800000190734863,15.885000228881836
dedup,AEH,2487.0,8000,0.9599999785423279,0.0
dedup,AEI,2581.0,8000,1.0,0.0
dedup,AEN,2468.0,8000,0.9750000238418579,3.9000000953674316
dedup,AEV,2579.0,8000,1.0,0.0
dedup,AEY,93.0,8000,0.03500000014901161,0.0
dedup,AGA,4698.0,8000,3.609999895095825,0.0
dedup,AGC,2599.0,8000,0.9850000143051147,0.0
dedup,AGF,2566.0,8000,0.9950000047683716,0.0
dedup,AGI,2594.0,8000,0.9850000143051147,0.0
dedup,AGL,2595.0,8000,1.0,0.9800000190734863
dedup,AGN,51.0,8000,0.014999999664723873,0.0
dedup,AGS,2413.0,8000,0.9700000286102295,0.0
dedup,AGT,2555.0,8000,1.0,0.0
dedup,AGX,46.0,8000,0.009999999776482582,0.0
dedup,AHF,2607.0,8000,0.9900000095367432,0.0
dedup,AIC,2619.0,8000,1.0,4.0
dedup,AIE,1.0,8000,0.004999999888241291,0.019999999552965164
dedup,AIG,2558.0,8000,1.0,0.0
dedup,AIH,3915.0,8000,2.5899999141693115,0.0
dedup,AIK,81.0,8000,0.03500000014901161,0.0
dedup,AIL,9.0,8000,0.004999999888241291,0.004999999888241291
dedup,AIP,2569.0,8000,1.0,1.0
dedup,AIS,3500.0,8000,1.899999976158142,0.0
dedup,AIV,2584.0,8000,0.9900000095367432,0.0
dedup,AIX,37.0,8000,0.009999999776482582,0.03999999910593033
dedup,AIY,3.0,8000,0.004999999888241291,0.0
dedup,AKN,2528.0,8000,0.9950000047683716,0.0
dedup,AKT,28.0,8000,0.014999999664723873,0.0
dedup,ALD,2168.0,8000,0.8949999809265137,8.975000381469727
dedup,ALE,2305.0,8000,0.8550000190734863,0.0
dedup,ALG,2564.0,8000,1.0,4.0
dedup,ALH,2445.0,8000,0.9549999833106995,0.0
dedup,ALL,2568.0,8000,1.0,0.0
dedup,ALN,2593.0,8000,1.0,0.0
dedup,ALQ,2564.0,8000,0.9900000095367432,0.0
dedup,ALT,2567.0,8000,1.0,8.449999809265137
dedup,ALX,14.0,8000,0.004999999888241291,0.019999999552965164
dedup,AMQ,2562.0,8000,0.9950000047683716,0.0
dedup,ANL,2577.0,8000,0.9950000047683716,0.0
dedup,ANN,2533.0,8000,0.9700000286102295,3.880000114440918
dedup,ANP,58.0,8000,0.014999999664723873,0.8799999952316284
dedup,ANQ,2554.0,8000,0.9900000095367432,3.9600000381469727
dedup,APA,5044.0,8000,3.9049999713897705,0.0
dedup,APG,2561.0,8000,0.9900000095367432,0.0
dedup,APH,2617.0,8000,1.0,3.9700000286102295
dedup,AQA,2568.0,8000,0.9950000047683716,8.475000381469727
dedup,AQE,2601.0,8000,0.9800000190734863,1.0
dedup,AQK,2589.0,8000,1.0,0.0
dedup,AQV,2559.0,8000,0.9950000047683716,3.9800000190734863
dedup,AQX,10.0,8000,0.009999999776482582,0.0
dedup,AQY,2560.0,8000,1.0,4.0
dedup,ARD,2578.0,8000,1.0,0.0
dedup,ARL,977.0,8000,0.32499998807907104,1.2999999523162842
dedup,ARS,2576.0,8000,1.0,4.0
dedup,ASA,5126.0,8000,3.9549999237060547,15.819999694824219
dedup,ASE,1.0,8000,0.004999999888241291,0.0
dedup,ASF,2649.0,8000,1.0950000286102295,4.380000114440918
dedup,ASI,279.0,8000,0.10999999940395355,0.0
dedup,ASQ,2549.0,8000,0.9750000238418579,1.0149999856948853
dedup,AST,2013.0,8000,0.7549999952316284,3.0199999809265137
dedup,ASV,5075.0,8000,3.8350000381469727,0.0
dedup,ASX,11.0,8000,0.004999999888241291,0.0
dedup,ASY,2597.0,8000,0.9900000095367432,0.0
dedup,ATK,2508.0,8000,0.9750000238418579,0.0
dedup,ATN,2236.0,8000,0.8450000286102295,3.380000114440918
dedup,ATR,2571.0,8000,0.9900000095367432,3.9600000381469727
dedup,ATV,2459.0,8000,0.9750000238418579,0.0
dedup,AVD,2199.0,8000,0.9049999713897705,3.5299999713897705
dedup,AVE,2550.0,8000,0.9900000095367432,0.0
dedup,AVL,2614.0,8000,0.9950000047683716,3.9800000190734863
dedup,AVR,2614.0,8000,0.9950000047683716,3.9800000190734863
dedup,AVX,15.0,8000,0.004999999888241291,0.0
dedup,AWN,5179.0,8000,3.9700000286102295,8.920000076293945
dedup,AXF,5.0,8000,0.004999999888241291,0.019999999552965164
dedup,AXK,4.0,8000,0.004999999888241291,0.019999999552965164
dedup,AXL,4.0,8000,0.004999999888241291,0.009999999776482582
dedup,AXS,3.0,8000,0.004999999888241291,0.019999999552965164
dedup,AXX,157.0,8000,0.07500000298023224,0.0
dedup,AYR,2570.0,8000,1.0,4.0
dedup,AYS,2575.0,8000,0.9900000095367432,3.9600000381469727
dedup,AYT,5069.0,8000,3.940000057220459,0.0
dedup,AYY,2169.0,8000,0.8999999761581421,1.409999966621399
dedup,CAL,2166.0,8000,0.8899999856948853,0.9950000047683716
dedup,CAQ,2591.0,8000,1.0,4.0
dedup,CAS,2596.0,8000,0.9850000143051147,3.940000057220459
dedup,CCK,2614.0,8000,1.0,4.0
dedup,CCM,2580.0,8000,1.0,0.014999999664723873
dedup,CCS,5186.0,8000,3.984999895095825,0.0
dedup,CCX,6.0,8000,0.004999999888241291,0.0
dedup,CDI,2599.0,8000,0.9950000047683716,0.0
dedup,CDV,2618.0,8000,0.9950000047683716,3.9800000190734863
dedup,CEF,2234.0,8000,0.8299999833106995,3.319999933242798
dedup,CFI,7.0,8000,0.004999999888241291,0.019999999552965164
dedup,CFT,2564.0,8000,0.9900000095367432,3.9600000381469727
dedup,CGD,2564.0,8000,0.9950000047683716,3.9800000190734863
dedup,CGK,2606.0,8000,1.0,0.0
dedup,CGP,2534.0,8000,0.9800000190734863,0.009999999776482582
dedup,CGS,2603.0,8000,1.0,0.9900000095367432
dedup,CHD,2614.0,8000,0.9950000047683716,8.960000038146973
dedup,CKF,2615.0,8000,1.0,4.0
dedup,CLG,2576.0,8000,1.0,8.899999618530273
dedup,CLI,2605.0,8000,0.9950000047683716,0.0
dedup,CLK,2600.0,8000,1.0,0.0
dedup,CME,106.0,8000,0.04500000178813934,0.9950000047683716
dedup,CMI,3.0,8000,0.004999999888241291,0.0
dedup,CMT,2579.0,8000,0.9950000047683716,0.0
dedup,CND,2131.0,8000,0.7649999856948853,3.059999942779541
dedup,CNG,2462.0,8000,0.9599999785423279,0.0
dedup,CNH,30.0,8000,0.014999999664723873,0.05999999865889549
dedup,CNX,17.0,8000,0.014999999664723873,0.05999999865889549
dedup,CNY,89.0,8000,0.04500000178813934,0.18000000715255737
dedup,CPF,2582.0,8000,0.9950000047683716,0.0
dedup,CSC,5206.0,8000,3.984999895095825,15.9399995803833
dedup,CSF,2612.0,8000,0.9900000095367432,3.9600000381469727
dedup,CSN,2566.0,8000,0.9950000047683716,3.9800000190734863
dedup,CSX,8.0,8000,0.004999999888241291,0.019999999552965164
dedup,CTE,2612.0,8000,0.9950000047683716,0.0
dedup,CTF,2470.0,8000,0.949999988079071,3.700000047683716
dedup,CTL,2153.0,8000,0.8849999904632568,0.004999999888241291
dedup,CTM,2555.0,8000,0.9850000143051147,3.9649999141693115
dedup,CTQ,2563.0,8000,0.9950000047683716,0.0
dedup,CTV,4.0,8000,0.004999999888241291,0.0
dedup,CVA,2551.0,8000,0.9950000047683716,0.009999999776482582
dedup,CVI,2598.0,8000,0.9950000047683716,0.0
dedup,CVL,2587.0,8000,0.9950000047683716,0.9850000143051147
dedup,CVN,5135.0,8000,3.9100000858306885,0.0
dedup,CVS,9.0,8000,0.004999999888241291,0.019999999552965164
dedup,CVX,10.0,8000,0.004999999888241291,0.8849999904632568
dedup,CXC,1.0,8000,0.004999999888241291,0.0
dedup,CXF,5.0,8000,0.004999999888241291,0.0
dedup,CXL,3.0,8000,0.004999999888241291,0.0
dedup,CXX,54.0,8000,0.009999999776482582,0.03999999910593033
dedup,CYF,2455.0,8000,0.9599999785423279,3.8399999141693115
dedup,CYG,2556.0,8000,0.9900000095367432,0.0
dedup,CYS,7.0,8000,0.004999999888241291,0.019999999552965164
dedup,DAG,2560.0,8000,0.9950000047683716,0.0
dedup,DAV,4767.0,8000,3.6549999713897705,14.619999885559082
dedup,DAX,12.0,8000,0.004999999888241291,1.034999966621399
dedup,DCA,2169.0,8000,0.8899999856948853,14.664999961853027
dedup,DCL,2571.0,8000,1.0,4.0
dedup,DCT,2558.0,8000,0.9900000095367432,0.0
dedup,DDF,2599.0,8000,1.0,4.0
dedup,DDH,2.0,8000,0.004999999888241291,0.019999999552965164
dedup,DDI,5.0,8000,0.004999999888241291,0.9649999737739563
dedup,DDS,2600.0,8000,0.9950000047683716,3.9800000190734863
dedup,DDT,976.0,8000,0.3199999928474426,0.0
dedup,DED,2601.0,8000,0.9950000047683716,3.9800000190734863
dedup,DEM,2568.0,8000,1.0,4.0
dedup,DEV,2567.0,8000,0.9850000143051147,3.940000057220459
dedup,DFC,2604.0,8000,0.9950000047683716,0.0
dedup,DFG,2558.0,8000,1.0,4.0
dedup,DFP,8.0,8000,0.004999999888241291,0.0
dedup,DFS,9.0,8000,0.004999999888241291,0.019999999552965164
dedup,DFT,2603.0,8000,1.0,0.9950000047683716
dedup,DGK,2610.0,8000,0.9950000047683716,0.0
dedup,DGV,2278.0,8000,0.8500000238418579,3.4000000953674316
dedup,DGY,2479.0,8000,0.9750000238418579,3.9000000953674316
dedup,DHD,2.0,8000,0.004999999888241291,0.019999999552965164
dedup,DIA,4185.0,8000,2.994999885559082,11.875
dedup,DID,982.0,8000,0.33000001311302185,0.014999999664723873
dedup,DIL,2585.0,8000,1.024999976158142,0.0
dedup,DIP,2600.0,8000,0.9950000047683716,3.950000047683716
dedup,DIS,5071.0,8000,3.9200000762939453,0.0
dedup,DIT,2622.0,8000,1.0099999904632568,0.0
dedup,DIX,20.0,8000,0.004999999888241291,0.019999999552965164
dedup,DKN,2558.0,8000,1.0,0.0
dedup,DKV,5097.0,8000,3.940000057220459,0.0
dedup,DKY,2613.0,8000,1.0,0.0
dedup,DLC,2561.0,8000,0.9900000095367432,0.0
dedup,DLE,2470.0,8000,0.9549999833106995,3.819999933242798
dedup,DLF,2396.0,8000,0.9100000262260437,0.0
dedup,DLG,2598.0,8000,1.0,4.0
dedup,DLI,2586.0,8000,1.0,0.0
dedup,DLL,2576.0,8000,1.0,0.0
dedup,DLP,4907.0,8000,3.819999933242798,15.279999732971191
dedup,DLQ,2591.0,8000,1.0,0.0
dedup,DLX,11.0,8000,0.004999999888241291,1.0
dedup,DNP,2217.0,8000,0.8399999737739563,3.359999895095825
dedup,DNT,1623.0,8000,0.675000011920929,0.0
dedup,DPF,2160.0,8000,0.7850000262260437,3.140000104904175
dedup,DPL,4762.0,8000,3.6500000953674316,0.0
dedup,DPQ,2611.0,8000,0.9950000047683716,0.004999999888241291
dedup,DPS,2560.0,8000,0.9950000047683716,0.0
dedup,DQL,2613.0,8000,1.0,4.0
dedup,DRL,5152.0,8000,3.984999895095825,23.950000762939453
dedup,DSE,2601.0,8000,0.9950000047683716,0.0
dedup,DSF,5190.0,8000,3.9549999237060547,15.819999694824219
dedup,DSI,7.0,8000,0.004999999888241291,0.0
dedup,DSK,4773.0,8000,3.4549999237060547,13.819999694824219
dedup,DSL,2539.0,8000,1.0,4.0
dedup,DSS,2350.0,8000,0.9300000071525574,0.0
dedup,DST,2565.0,8000,1.0,0.0
dedup,DSX,166.0,8000,0.03999999910593033,3.694999933242798
dedup,DTT,2597.0,8000,0.9900000095367432,0.0
dedup,DVD,2599.0,8000,0.9900000095367432,0.0
dedup,DVN,7.0,8000,0.004999999888241291,0.019999999552965164
dedup,DVV,4502.0,8000,3.109999895095825,0.009999999776482582
dedup,DVY,272.0,8000,0.0949999988079071,0.3799999952316284
dedup,DXA,11.0,8000,0.004999999888241291,0.9399999976158142
dedup,DXF,5.0,8000,0.019999999552965164,0.07999999821186066
dedup,DXK,5.0,8000,0.004999999888241291,0.014999999664723873
dedup,DXL,37.0,8000,0.014999999664723873,0.0
dedup,DXX,116.0,8000,0.014999999664723873,1.0
dedup,DYN,2591.0,8000,0.9950000047683716,0.0
dedup,DYS,2559.0,8000,0.9950000047683716,3.9800000190734863
dedup,EAE,2578.0,8000,1.0,0.004999999888241291
dedup,ECD,2591.0,8000,0.9950000047683716,0.0
dedup,ECS,2572.0,8000,1.0,0.0
dedup,ECV,2586.0,8000,0.9950000047683716,3.9800000190734863
dedup,ECX,3.0,8000,0.004999999888241291,0.02500000037252903
dedup,EDD,2597.0,8000,0.9950000047683716,3.9800000190734863
dedup,EDL,2571.0,8000,1.0,0.0
dedup,EEL,2618.0,8000,1.0,8.449999809265137
dedup,EFL,2.0,8000,0.004999999888241291,1.0299999713897705
dedup,EFQ,2234.0,8000,0.8299999833106995,3.319999933242798
dedup,EFR,1856.0,8000,0.6949999928474426,0.0
dedup,EFV,2470.0,8000,0.949999988079071,0.9900000095367432
dedup,EFX,14.0,8000,0.004999999888241291,0.019999999552965164
dedup,EGF,2270.0,8000,0.8999999761581421,0.0
dedup,EGK,2461.0,8000,0.9549999833106995,0.0
dedup,EGV,2613.0,8000,1.0049999952316284,0.0
dedup,EHV,2493.0,8000,0.9599999785423279,3.924999952316284
dedup,EID,2584.0,8000,0.9950000047683716,0.9399999976158142
dedup,EIL,5170.0,8000,3.940000057220459,0.0
dedup,EIR,2580.0,8000,1.0,4.0
dedup,EIY,2461.0,8000,0.9649999737739563,0.0
dedup,EKF,55.0,8000,0.029999999329447746,0.0
dedup,EKG,2154.0,8000,0.8799999952316284,0.009999999776482582
dedup,EKN,2601.0,8000,0.9800000190734863,0.0
dedup,EKS,2245.0,8000,0.8500000238418579,3.450000047683716
dedup,EKX,16.0,8000,0.004999999888241291,0.0
dedup,ELD,5227.0,8000,4.0,0.0
dedup,ELG,2594.0,8000,1.0,4.0
dedup,ELL,2443.0,8000,0.9649999737739563,0.0
dedup,ELR,5.0,8000,0.004999999888241291,0.0
dedup,ELX,4.0,8000,0.004999999888241291,0.8949999809265137
dedup,EMI,2562.0,8000,1.0,0.0
dedup,ENG,2165.0,8000,0.8799999952316284,3.5199999809265137
dedup,ENL,7.0,8000,0.004999999888241291,0.019999999552965164
dedup,ENQ,2565.0,8000,1.0,4.0
dedup,ENS,2561.0,8000,0.9950000047683716,0.009999999776482582
dedup,ENX,14.0,8000,0.004999999888241291,0.019999999552965164
dedup,EPL,2524.0,8000,1.0099999904632568,0.0
dedup,EPQ,2615.0,8000,0.9950000047683716,0.0
dedup,EPV,2563.0,8000,0.9700000286102295,3.880000114440918
dedup,EQD,2560.0,8000,1.0,0.0
dedup,EQY,2599.0,8000,0.9950000047683716,7.755000114440918
dedup,ERD,2464.0,8000,0.9649999737739563,3.884999990463257
dedup,ERV,2.0,8000,0.004999999888241291,0.019999999552965164
dedup,ESE,1888.0,8000,0.7099999785423279,0.9950000047683716
dedup,ESG,536.0,8000,0.2150000035762787,0.0
dedup,ESI,2401.0,8000,0.9449999928474426,3.7799999713897705
dedup,ESL,2595.0,8000,1.0,4.0
dedup,ESN,2605.0,8000,0.9950000047683716,3.9800000190734863
dedup,EST,2.0,8000,0.004999999888241291,0.0
dedup,ESX,54.0,8000,0.009999999776482582,0.03999999910593033
dedup,ETK,2173.0,8000,0.8949999809265137,0.0
dedup,ETX,21.0,8000,0.009999999776482582,0.04500000178813934
dedup,EVA,2591.0,8000,1.0,4.0
dedup,EVF,5141.0,8000,3.9649999141693115,15.859999656677246
dedup,EVP,2615.0,8000,1.0,4.0
dedup,EVQ,2576.0,8000,1.0,4.0
dedup,EVR,2568.0,8000,0.9900000095367432,0.0
dedup,EXG,5.0,8000,0.004999999888241291,0.019999999552965164
dedup,EXK,4.0,8000,0.004999999888241291,0.019999999552965164
dedup,EXX,102.0,8000,0.11500000208616257,0.46000000834465027
dedup,EYV,2572.0,8000,1.0549999475479126,0.0
dedup,EYX,1.0,8000,0.004999999888241291,0.019999999552965164
dedup,FAA,2.0,8000,0.004999999888241291,0.0
dedup,FAI,11.0,8000,0.004999999888241291,0.019999999552965164
dedup,FAM,2562.0,8000,0.9950000047683716,3.9800000190734863
dedup,FAN,59.0,8000,0.014999999664723873,0.33000001311302185
dedup,FAQ,2560.0,8000,0.9950000047683716,0.0
dedup,FAS,4846.0,8000,3.5350000858306885,14.140000343322754
dedup,FCG,2607.0,8000,1.0,4.0
dedup,FCN,2250.0,8000,0.824999988079071,3.299999952316284
dedup,FCT,2563.0,8000,0.9950000047683716,1.0149999856948853
dedup,FDD,5.0,8000,0.004999999888241291,0.0
dedup,FDE,2610.0,8000,0.9950000047683716,3.9800000190734863
dedup,FDN,2217.0,8000,0.8399999737739563,3.3450000286102295
dedup,FEL,2445.0,8000,0.9649999737739563,0.019999999552965164
dedup,FER,2465.0,8000,0.9649999737739563,3.859999895095825
dedup,FEX,12.0,8000,0.004999999888241291,0.019999999552965164
dedup,FEY,2477.0,8000,0.949999988079071,0.0
dedup,FFH,4.0,8000,0.004999999888241291,0.019999999552965164
dedup,FFM,9.0,8000,0.004999999888241291,0.019999999552965164
dedup,FFS,2342.0,8000,0.8849999904632568,0.0
dedup,FFV,115.0,8000,0.05000000074505806,0.004999999888241291
dedup,FGA,5142.0,8000,4.0,16.0
dedup,FGE,2584.0,8000,0.9900000095367432,3.9600000381469727
dedup,FGG,5175.0,8000,3.984999895095825,0.0
dedup,FGN,4.0,8000,0.004999999888241291,0.0
dedup,FGR,2607.0,8000,0.9900000095367432,3.9600000381469727
dedup,FGT,2263.0,8000,0.8399999737739563,0.0
dedup,FGW,2.0,8000,0.004999999888241291,0.019999999552965164
dedup,FGX,2.0,8000,0.004999999888241291,0.019999999552965164
dedup,FHA,2291.0,8000,0.8550000190734863,0.0
dedup,FHV,15.0,8000,0.009999999776482582,0.0
dedup,FHX,4.0,8000,0.009999999776482582,0.0
dedup,FIA,2598.0,8000,1.0,0.0
dedup,FIE,2571.0,8000,0.9950000047683716,0.0
dedup,FIK,2575.0,8000,1.0,0.0
dedup,FIT,3.0,8000,0.004999999888241291,1.0049999952316284
dedup,FKC,2557.0,8000,0.9900000095367432,3.9600000381469727
dedup,FKE,2617.0,8000,1.0,4.0
dedup,FKI,2488.0,8000,0.9750000238418579,3.9000000953674316
dedup,FKN,7568.0,8000,8.645000457763672,0.0
dedup,FLD,268.0,8000,0.09000000357627869,0.0
dedup,FLF,4.0,8000,0.004999999888241291,0.019999999552965164
dedup,FLG,1951.0,8000,0.7400000095367432,1.6649999618530273
dedup,FLH,2616.0,8000,0.9950000047683716,4.03000020980835
dedup,FLL,2171.0,8000,0.8899999856948853,3.559999942779541
dedup,FLM,2459.0,8000,0.9549999833106995,0.0
dedup,FLP,4987.0,8000,3.694999933242798,0.03999999910593033
dedup,FLT,24.0,8000,0.004999999888241291,0.0
dedup,FLV,2406.0,8000,0.925000011920929,0.0
dedup,FLX,114.0,8000,0.03500000014901161,0.14000000059604645
dedup,FMD,9.0,8000,0.004999999888241291,1.0
dedup,FNA,2576.0,8000,0.9900000095367432,3.9600000381469727
dedup,FNC,2467.0,8000,0.9599999785423279,0.0
dedup,FND,2279.0,8000,0.8500000238418579,3.4000000953674316
dedup,FNE,1.0,8000,0.004999999888241291,0.019999999552965164
dedup,FNF,5161.0,8000,3.9700000286102295,0.0
dedup,FNG,7770.0,8000,8.975000381469727,35.900001525878906
dedup,FNI,59.0,8000,0.029999999329447746,0.0
dedup,FNK,2576.0,8000,1.0,0.0
dedup,FNN,6.0,8000,0.004999999888241291,0.0
dedup,FNS,2550.0,8000,0.9950000047683716,1.0850000381469727
dedup,FNV,7.0,8000,0.004999999888241291,0.019999999552965164
dedup,FNX,18.0,8000,0.004999999888241291,0.019999999552965164
dedup,FPL,2458.0,8000,0.9649999737739563,0.9950000047683716
dedup,FPN,2571.0,8000,0.9950000047683716,3.9800000190734863
dedup,FPQ,2616.0,8000,1.0099999904632568,4.039999961853027
dedup,FPR,2610.0,8000,0.9900000095367432,3.9600000381469727
dedup,FQF,2231.0,8000,0.8199999928474426,0.03500000014901161
dedup,FQI,3.0,8000,0.004999999888241291,0.019999999552965164
dedup,FQP,2466.0,8000,0.9900000095367432,1.0099999904632568
dedup,FQQ,2609.0,8000,0.9900000095367432,0.0
dedup,FQT,5125.0,8000,3.880000114440918,15.520000457763672
dedup,FQX,13.0,8000,0.019999999552965164,0.9850000143051147
dedup,FRK,2469.0,8000,0.9649999737739563,3.859999895095825
dedup,FRS,2576.0,8000,0.9950000047683716,0.0
dedup,FRV,4003.0,8000,2.765000104904175,0.0
dedup,FRX,26.0,8000,0.004999999888241291,0.0
dedup,FSA,2284.0,8000,0.8500000238418579,0.0
dedup,FSN,2323.0,8000,0.875,3.5
dedup,FSQ,2576.0,8000,0.9950000047683716,0.0
dedup,FSS,18.0,8000,0.004999999888241291,0.9649999737739563
dedup,FST,2562.0,8000,1.0049999952316284,4.400000095367432
dedup,FSV,180.0,8000,0.10499999672174454,0.41999998688697815
dedup,FSX,31.0,8000,0.014999999664723873,0.05999999865889549
dedup,FTG,2601.0,8000,1.0,0.0
dedup,FTI,2558.0,8000,0.9950000047683716,0.0
dedup,FTL,7.0,8000,0.004999999888241291,0.019999999552965164
dedup,FTN,2644.0,8000,1.0950000286102295,1.75
dedup,FTR,2519.0,8000,0.9850000143051147,1.1050000190734863
dedup,FTT,2703.0,8000,1.0700000524520874,0.0
dedup,FTV,2142.0,8000,0.8899999856948853,3.559999942779541
dedup,FTX,15.0,8000,0.009999999776482582,0.03999999910593033
dedup,FVE,2.0,8000,0.004999999888241291,0.0
dedup,FVF,4992.0,8000,3.7899999618530273,0.0
dedup,FVI,2567.0,8000,0.9900000095367432,3.9600000381469727
dedup,FVL,113.0,8000,0.05000000074505806,0.20000000298023224
dedup,FVN,88.0,8000,0.03500000014901161,0.0
dedup,FVS,5229.0,8000,3.9700000286102295,0.0
dedup,FVT,2591.0,8000,0.9850000143051147,3.940000057220459
dedup,FXD,1.0,8000,0.004999999888241291,0.0
dedup,FXX,152.0,8000,0.03999999910593033,0.009999999776482582
dedup,FYE,2617.0,8000,0.9950000047683716,3.9800000190734863
dedup,FYY,8.0,8000,0.004999999888241291,0.019999999552965164
dedup,GAA,4706.0,8000,3.5950000286102295,14.364999771118164
dedup,GAE,5051.0,8000,3.9100000858306885,15.640000343322754
dedup,GAG,5164.0,8000,3.9549999237060547,0.0
dedup,GAI,2579.0,8000,1.0,0.0
dedup,GAX,12.0,8000,0.004999999888241291,0.0
dedup,GCC,2591.0,8000,1.0,4.0
dedup,GCL,2602.0,8000,0.9950000047683716,3.9800000190734863
dedup,GCV,2602.0,8000,1.0,0.0
dedup,GDC,2571.0,8000,1.0,4.0
dedup,GDE,2566.0,8000,0.9850000143051147,3.940000057220459
dedup,GDF,8.0,8000,0.004999999888241291,0.0
dedup,GDI,5173.0,8000,4.0,16.0
dedup,GDS,5062.0,8000,3.880000114440918,0.004999999888241291
dedup,GEV,2586.0,8000,0.9900000095367432,8.920000076293945
dedup,GFA,1.0,8000,0.004999999888241291,0.0
dedup,GFI,5146.0,8000,3.9700000286102295,0.0
dedup,GFN,5020.0,8000,3.9049999713897705,15.619999885559082
dedup,GFQ,2462.0,8000,0.9800000190734863,0.0
dedup,GFS,2472.0,8000,0.9599999785423279,0.0
dedup,GGF,2565.0,8000,1.0,0.0
dedup,GGN,2457.0,8000,0.9750000238418579,3.9000000953674316
dedup,GGS,46.0,8000,0.009999999776482582,0.03999999910593033
dedup,GGV,2611.0,8000,0.9950000047683716,3.9800000190734863
dedup,GIA,2535.0,8000,0.9900000095367432,0.0
dedup,GIC,2594.0,8000,0.9850000143051147,3.940000057220459
dedup,GIG,2567.0,8000,1.0,4.0
dedup,GIN,5081.0,8000,3.880000114440918,15.520000457763672
dedup,GIS,4.0,8000,0.004999999888241291,0.009999999776482582
dedup,GIV,2616.0,8000,0.9950000047683716,0.0
dedup,GIY,2170.0,8000,0.8899999856948853,3.5850000381469727
dedup,GKA,2606.0,8000,0.9950000047683716,3.9800000190734863
dedup,GKG,2605.0,8000,1.0,4.0
dedup,GKI,5005.0,8000,3.8499999046325684,0.0
dedup,GKL,2564.0,8000,1.0,4.0
dedup,GKQ,2459.0,8000,0.9549999833106995,0.0
dedup,GKY,2598.0,8000,1.0,8.949999809265137
dedup,GLG,1.0,8000,0.004999999888241291,0.019999999552965164
dedup,GLI,2610.0,8000,1.0149999856948853,4.059999942779541
dedup,GLP,55.0,8000,0.009999999776482582,0.03999999910593033
dedup,GLT,5198.0,8000,3.9700000286102295,0.0
dedup,GNC,2605.0,8000,0.9900000095367432,3.9600000381469727
dedup,GNF,2476.0,8000,0.9649999737739563,0.07999999821186066
dedup,GNI,57.0,8000,0.009999999776482582,0.0
dedup,GNP,4.0,8000,0.004999999888241291,0.0
dedup,GNT,52.0,8000,0.014999999664723873,0.05999999865889549
dedup,GNY,2456.0,8000,0.9750000238418579,0.019999999552965164
dedup,GPK,2532.0,8000,0.9800000190734863,0.0
dedup,GQS,2608.0,8000,1.0,1.0
dedup,GQT,2564.0,8000,0.9900000095367432,0.0
dedup,GRD,2609.0,8000,0.9950000047683716,3.9800000190734863
dedup,GRL,2578.0,8000,1.0,0.004999999888241291
dedup,GSA,13.0,8000,0.009999999776482582,0.03999999910593033
dedup,GSC,2604.0,8000,1.0,0.2800000011920929
dedup,GSF,2566.0,8000,0.9950000047683716,0.0
dedup,GSK,697.0,8000,0.3050000071525574,1.2200000286102295
dedup,GSN,2611.0,8000,0.9900000095367432,0.0
dedup,GSS,46.0,8000,0.009999999776482582,0.03999999910593033
dedup,GST,1706.0,8000,0.6399999856948853,0.0
dedup,GTG,2608.0,8000,0.9950000047683716,0.0
dedup,GTH,2609.0,8000,0.9900000095367432,3.9600000381469727
dedup,GTI,4808.0,8000,3.825000047683716,4.079999923706055
dedup,GTK,2267.0,8000,0.8450000286102295,3.380000114440918
dedup,GTN,4916.0,8000,3.549999952316284,14.199999809265137
dedup,GTT,2272.0,8000,0.8650000095367432,3.4600000381469727
dedup,GTX,23.0,8000,0.004999999888241291,0.0
dedup,GVD,1.0,8000,0.004999999888241291,0.0
dedup,GVE,2375.0,8000,0.9449999928474426,0.9649999737739563
dedup,GVF,2613.0,8000,0.9900000095367432,3.9600000381469727
dedup,GVG,2458.0,8000,0.9549999833106995,0.0
dedup,GVK,2786.0,8000,1.149999976158142,0.0
dedup,GVL,2607.0,8000,0.9950000047683716,3.9800000190734863
dedup,GVN,2604.0,8000,0.9850000143051147,3.940000057220459
dedup,GVS,5168.0,8000,3.9549999237060547,0.0
dedup,GVT,2568.0,8000,1.0,1.0
dedup,GVV,2615.0,8000,0.9950000047683716,3.9800000190734863
dedup,GVY,7195.0,8000,8.130000114440918,0.0
dedup,GWI,2285.0,8000,0.8650000095367432,0.0
dedup,GWT,4870.0,8000,3.805000066757202,0.0
dedup,GWX,56.0,8000,0.014999999664723873,0.0
dedup,GXI,8.0,8000,0.009999999776482582,0.0
dedup,GXN,6.0,8000,0.004999999888241291,0.0
dedup,GXT,4.0,8000,0.004999999888241291,0.0
dedup,GXX,234.0,8000,0.09000000357627869,0.36000001430511475
dedup,GYE,1.0,8000,0.004999999888241291,0.0
dedup,GYF,2479.0,8000,0.9750000238418579,3.9000000953674316
dedup,GYH,2609.0,8000,1.0,4.0
dedup,GYL,2167.0,8000,0.8949999809265137,3.5799999237060547
dedup,GYQ,2457.0,8000,0.9599999785423279,1.940000057220459
dedup,HAD,2614.0,8000,1.0,0.0
dedup,HAI,2250.0,8000,0.8399999737739563,3.359999895095825
dedup,HAP,2439.0,8000,0.9649999737739563,3.859999895095825
dedup,HAX,57.0,8000,0.014999999664723873,0.0
dedup,HDG,2614.0,8000,0.9950000047683716,3.9800000190734863
dedup,HDS,2.0,8000,0.004999999888241291,0.0
dedup,HFP,2609.0,8000,0.9900000095367432,0.0
dedup,HGV,2622.0,8000,0.9950000047683716,0.0
dedup,HKN,2475.0,8000,0.9399999976158142,0.9950000047683716
dedup,HKX,3.0,8000,0.004999999888241291,0.9950000047683716
dedup,HLM,2610.0,8000,1.0,0.0
dedup,HLP,3.0,8000,0.004999999888241291,0.0
dedup,HLT,3.0,8000,0.004999999888241291,0.019999999552965164
dedup,HNT,978.0,8000,0.3149999976158142,1.2599999904632568
dedup,HPF,31.0,8000,0.014999999664723873,0.0
dedup,HRR,1014.0,8000,0.3499999940395355,1.399999976158142
dedup,HRS,2555.0,8000,0.9850000143051147,0.0
dedup,HST,2561.0,8000,0.9850000143051147,3.9649999141693115
dedup,HTN,34.0,8000,0.019999999552965164,0.9900000095367432
dedup,HTP,2480.0,8000,0.9750000238418579,0.0
dedup,HTQ,13.0,8000,0.009999999776482582,0.03999999910593033
dedup,HTS,2618.0,8000,1.0,4.0
dedup,HTX,7.0,8000,0.009999999776482582,0.03999999910593033
dedup,HVI,11.0,8000,0.004999999888241291,0.019999999552965164
dedup,HVN,2495.0,8000,0.9599999785423279,0.0
dedup,HVS,1303.0,8000,0.5299999713897705,2.119999885559082
dedup,HVT,2617.0,8000,1.0,4.0
dedup,HWF,2610.0,8000,0.9950000047683716,3.9800000190734863
dedup,HXV,2.0,8000,0.004999999888241291,0.019999999552965164
dedup,HXX,24.0,8000,0.014999999664723873,0.07000000029802322
dedup,HYT,2602.0,8000,0.9950000047683716,0.0
dedup,IAA,2563.0,8000,0.9950000047683716,8.220000267028809
dedup,IAD,4203.0,8000,3.005000114440918,12.020000457763672
dedup,IAG,2596.0,8000,1.0,0.0
dedup,IAI,5167.0,8000,4.010000228881836,16.040000915527344
dedup,IAN,2556.0,8000,0.9900000095367432,0.0
dedup,IAP,2558.0,8000,0.9900000095367432,0.0
dedup,IAQ,2558.0,8000,1.0,4.0
dedup,IAV,2554.0,8000,1.0049999952316284,0.0
dedup,IAW,2593.0,8000,0.9900000095367432,3.9600000381469727
dedup,IAY,2575.0,8000,1.0,4.0
dedup,ICA,5178.0,8000,3.9549999237060547,0.0
dedup,ICG,2563.0,8000,0.9950000047683716,3.9800000190734863
dedup,ICH,2616.0,8000,0.9950000047683716,3.9800000190734863
dedup,ICX,3.0,8000,0.004999999888241291,0.019999999552965164
dedup,IDD,981.0,8000,0.32499998807907104,0.0
dedup,IDG,2478.0,8000,0.9649999737739563,3.859999895095825
dedup,IDL,2600.0,8000,1.0099999904632568,0.0
dedup,IDR,5150.0,8000,3.984999895095825,0.0
dedup,IED,2571.0,8000,0.9950000047683716,1.0149999856948853
dedup,IEK,284.0,8000,0.11500000208616257,0.0
dedup,IEQ,1.0,8000,0.004999999888241291,0.019999999552965164
dedup,IFG,2260.0,8000,0.8399999737739563,3.359999895095825
dedup,IFX,2.0,8000,0.004999999888241291,0.05999999865889549
dedup,IGA,5187.0,8000,3.950000047683716,15.800000190734863
dedup,IGI,5107.0,8000,3.8949999809265137,15.579999923706055
dedup,IGK,2557.0,8000,1.0,0.0
dedup,IGV,2574.0,8000,1.0,0.0
dedup,IGW,2.0,8000,0.004999999888241291,0.019999999552965164
dedup,IGX,11.0,8000,0.009999999776482582,0.03999999910593033
dedup,IHA,2614.0,8000,1.0,0.0
dedup,IHN,2.0,8000,0.004999999888241291,0.02500000037252903
dedup,IHV,1306.0,8000,0.5299999713897705,2.119999885559082
dedup,IIA,2574.0,8000,1.0,4.0
dedup,IIG,3.0,8000,0.004999999888241291,0.019999999552965164
dedup,III,2.0,8000,0.004999999888241291,0.02500000037252903
dedup,IIR,2293.0,8000,0.8799999952316284,0.0
dedup,IIT,2618.0,8000,0.9950000047683716,0.0
dedup,IIX,8.0,8000,0.004999999888241291,0.019999999552965164
dedup,IKD,2555.0,8000,1.0,0.0
dedup,IKL,3.0,8000,0.004999999888241291,0.019999999552965164
dedup,IKM,81.0,8000,0.03500000014901161,0.0
dedup,IKQ,2569.0,8000,1.0,0.0
dedup,IKV,2235.0,8000,0.8349999785423279,3.3399999141693115
dedup,IKW,2599.0,8000,0.9950000047683716,3.9800000190734863
dedup,IKX,14.0,8000,0.004999999888241291,0.0
dedup,ILA,977.0,8000,0.32499998807907104,0.0
dedup,ILD,2609.0,8000,0.9950000047683716,0.0
dedup,ILL,5.0,8000,0.004999999888241291,1.0
dedup,ILM,9.0,8000,0.004999999888241291,0.0
dedup,ILP,5140.0,8000,3.984999895095825,15.9399995803833
dedup,ILS,1594.0,8000,0.6700000166893005,0.0
dedup,IML,2591.0,8000,1.0,0.0
dedup,INA,2583.0,8000,0.9900000095367432,0.0
dedup,INF,968.0,8000,0.3199999928474426,0.0
dedup,INI,2489.0,8000,0.9700000286102295,3.880000114440918
dedup,INL,2484.0,8000,0.9700000286102295,3.880000114440918
dedup,INS,10.0,8000,0.004999999888241291,0.019999999552965164
dedup,IPF,2566.0,8000,0.9950000047683716,3.9800000190734863
dedup,IPI,3567.0,8000,1.9550000429153442,7.820000171661377
dedup,IPT,1593.0,8000,0.6800000071525574,0.9750000238418579
dedup,IQC,106.0,8000,0.04500000178813934,0.0
dedup,IQD,2547.0,8000,1.0,0.0
dedup,IQK,2586.0,8000,0.9950000047683716,3.9800000190734863
dedup,IQL,4.0,8000,0.009999999776482582,0.0
dedup,IRA,5147.0,8000,3.9549999237060547,0.0
dedup,IRF,4.0,8000,0.004999999888241291,0.0
dedup,IRG,4852.0,8000,3.565000057220459,14.260000228881836
dedup,IRS,9.0,8000,0.009999999776482582,0.0
dedup,IRV,4.0,8000,0.004999999888241291,0.019999999552965164
dedup,ISA,10.0,8000,0.004999999888241291,0.20999999344348907
dedup,ISC,3.0,8000,0.004999999888241291,0.019999999552965164
dedup,ISG,3531.0,8000,1.940000057220459,3.700000047683716
dedup,ISN,2558.0,8000,0.9950000047683716,3.9800000190734863
dedup,ISS,2580.0,8000,1.0,0.0
dedup,IST,2462.0,8000,0.9649999737739563,3.859999895095825
dedup,ISV,2573.0,8000,1.0049999952316284,0.0
dedup,ISX,10.0,8000,0.009999999776482582,0.0
dedup,ITD,2176.0,8000,0.9100000262260437,0.0
dedup,ITF,2.0,8000,0.004999999888241291,0.019999999552965164
dedup,ITG,2577.0,8000,1.0,0.0
dedup,ITI,5.0,8000,0.004999999888241291,0.004999999888241291
dedup,ITK,7.0,8000,0.004999999888241291,0.0
dedup,ITN,2573.0,8000,0.9950000047683716,3.9800000190734863
dedup,ITP,5225.0,8000,3.9800000190734863,15.920000076293945
dedup,ITQ,6.0,8000,0.004999999888241291,1.024999976158142
dedup,ITR,2493.0,8000,0.9599999785423279,1.0
dedup,ITS,2562.0,8000,0.9950000047683716,0.9750000238418579
dedup,ITT,2612.0,8000,0.9900000095367432,0.04500000178813934
dedup,ITX,18.0,8000,0.004999999888241291,0.019999999552965164
dedup,IVI,9.0,8000,0.004999999888241291,0.019999999552965164
dedup,IVL,6.0,8000,0.004999999888241291,0.0
dedup,IVM,2568.0,8000,0.9850000143051147,3.940000057220459
dedup,IVN,4834.0,8000,3.515000104904175,0.0
dedup,IVR,2405.0,8000,0.9449999928474426,0.0
dedup,IVT,13.0,8000,0.004999999888241291,0.0
dedup,IWL,2596.0,8000,0.9950000047683716,3.9800000190734863
dedup,IXI,8.0,8000,0.004999999888241291,0.0
dedup,IXN,9.0,8000,0.004999999888241291,0.019999999552965164
dedup,IXR,16.0,8000,0.009999999776482582,0.03999999910593033
dedup,IXX,153.0,8000,0.06499999761581421,0.0
dedup,IYK,2560.0,8000,0.9950000047683716,0.0
dedup,IYQ,4632.0,8000,3.555000066757202,14.220000267028809
dedup,IYS,2492.0,8000,0.9800000190734863,3.9200000762939453
dedup,IYV,3.0,8000,0.004999999888241291,0.019999999552965164
dedup,IYX,17.0,8000,0.009999999776482582,0.0
dedup,KAH,2604.0,8000,0.9900000095367432,3.9600000381469727
dedup,KAX,1.0,8000,0.004999999888241291,3.9800000190734863
dedup,KCT,2160.0,8000,0.8849999904632568,3.5399999618530273
dedup,KCV,2609.0,8000,0.9900000095367432,1.0
dedup,KCX,12.0,8000,0.004999999888241291,0.019999999552965164
dedup,KCY,2557.0,8000,0.9900000095367432,0.0
dedup,KDF,2554.0,8000,1.0,4.0
dedup,KEE,2617.0,8000,1.0,8.949999809265137
dedup,KEI,2587.0,8000,0.9950000047683716,1.1200000047683716
dedup,KEV,2.0,8000,0.004999999888241291,0.019999999552965164
dedup,KFD,2617.0,8000,1.0,4.0
dedup,KFL,2603.0,8000,0.9900000095367432,3.9600000381469727
dedup,KFN,2646.0,8000,1.090000033378601,0.0
dedup,KGC,2593.0,8000,1.0,0.0
dedup,KGF,188.0,8000,0.05999999865889549,0.23999999463558197
dedup,KGI,2152.0,8000,0.8799999952316284,0.0
dedup,KGV,2603.0,8000,0.9900000095367432,3.9600000381469727
dedup,KGY,2605.0,8000,1.0,0.0
dedup,KHT,2487.0,8000,0.9850000143051147,3.940000057220459
dedup,KIA,2449.0,8000,0.949999988079071,3.799999952316284
dedup,KIQ,2560.0,8000,1.0,4.0
dedup,KIY,2493.0,8000,0.9750000238418579,0.0
dedup,KKF,2603.0,8000,0.9900000095367432,3.9600000381469727
dedup,KKS,2533.0,8000,0.9750000238418579,0.0
dedup,KKX,1.0,8000,0.004999999888241291,0.019999999552965164
dedup,KLH,2603.0,8000,0.9950000047683716,0.0
dedup,KLI,2560.0,8000,0.9950000047683716,0.0
dedup,KLN,2556.0,8000,0.9900000095367432,0.0
dedup,KLP,2603.0,8000,0.9950000047683716,0.0
dedup,KLQ,2564.0,8000,1.0,0.0
dedup,KLS,3.0,8000,0.004999999888241291,0.004999999888241291
dedup,KLV,1.0,8000,0.004999999888241291,0.0
dedup,KLX,7.0,8000,0.004999999888241291,0.019999999552965164
dedup,KMS,2587.0,8000,1.0,0.009999999776482582
dedup,KNF,2614.0,8000,0.9900000095367432,0.0
dedup,KNH,2618.0,8000,0.9950000047683716,3.9800000190734863
dedup,KNI,2474.0,8000,0.9549999833106995,0.7099999785423279
dedup,KNK,2609.0,8000,0.9900000095367432,0.0
dedup,KNL,5033.0,8000,3.930000066757202,0.0
dedup,KNN,2480.0,8000,0.9399999976158142,3.759999990463257
dedup,KNT,2557.0,8000,1.0,4.0
dedup,KNX,15.0,8000,0.009999999776482582,0.03999999910593033
dedup,KPC,694.0,8000,0.30000001192092896,1.2000000476837158
dedup,KPF,2470.0,8000,0.9649999737739563,0.0
dedup,KPS,2560.0,8000,0.9850000143051147,0.0
dedup,KPX,6.0,8000,0.009999999776482582,0.0
dedup,KQG,2472.0,8000,0.9599999785423279,0.0
dedup,KQI,2560.0,8000,0.9950000047683716,0.0
dedup,KQL,2587.0,8000,1.0,0.0
dedup,KQY,2570.0,8000,1.0,4.0
dedup,KRF,2277.0,8000,0.8500000238418579,0.0
dedup,KRI,2563.0,8000,0.9950000047683716,3.9800000190734863
dedup,KRS,2568.0,8000,1.0,4.0
dedup,KRV,2603.0,8000,1.0,4.0
dedup,KRX,25.0,8000,0.004999999888241291,0.0
dedup,KSC,106.0,8000,0.04500000178813934,0.0
dedup,KSF,2164.0,8000,0.8999999761581421,0.0
dedup,KSL,18.0,8000,0.004999999888241291,0.019999999552965164
dedup,KSN,4720.0,8000,3.4649999141693115,0.0
dedup,KSR,25.0,8000,0.009999999776482582,0.0
dedup,KSS,6.0,8000,0.004999999888241291,0.0
dedup,KST,2609.0,8000,0.9900000095367432,0.004999999888241291
dedup,KSW,2322.0,8000,0.8799999952316284,0.0
dedup,KSX,16.0,8000,0.004999999888241291,0.0
dedup,KTP,2553.0,8000,1.0,0.009999999776482582
dedup,KTQ,2246.0,8000,0.8550000190734863,0.0
dedup,KTS,2562.0,8000,0.9900000095367432,0.0
dedup,KVC,2235.0,8000,0.8299999833106995,3.319999933242798
dedup,KVE,2574.0,8000,1.0,4.0
dedup,KVF,2578.0,8000,1.0099999904632568,0.3400000035762787
dedup,KVG,2458.0,8000,0.9750000238418579,3.9000000953674316
dedup,KVT,2572.0,8000,1.0,0.9700000286102295
dedup,KVX,18.0,8000,0.004999999888241291,0.0
dedup,KWP,2598.0,8000,0.9950000047683716,0.0
dedup,KXF,9.0,8000,0.004999999888241291,0.019999999552965164
dedup,KXN,9.0,8000,0.004999999888241291,0.0
dedup,KXS,3.0,8000,0.004999999888241291,0.0
dedup,KXW,1.0,8000,0.004999999888241291,0.029999999329447746
dedup,KXX,212.0,8000,0.05999999865889549,0.0
dedup,KYE,2598.0,8000,1.0,4.0
dedup,KYF,2625.0,8000,1.0,0.0
dedup,KYN,2169.0,8000,0.8899999856948853,0.0
dedup,LAA,2580.0,8000,1.0,0.9800000190734863
dedup,LAD,2571.0,8000,1.0,4.0
dedup,LAG,2560.0,8000,1.0,4.0
dedup,LAL,2457.0,8000,0.9549999833106995,0.0
dedup,LAR,978.0,8000,0.32499998807907104,0.0
dedup,LCC,2585.0,8000,1.0,4.0
dedup,LCF,2570.0,8000,1.0049999952316284,0.0
dedup,LCP,2579.0,8000,0.9950000047683716,0.0
dedup,LDI,2619.0,8000,1.024999976158142,0.0
dedup,LDK,5189.0,8000,4.0,16.0
dedup,LDL,9.0,8000,0.004999999888241291,0.019999999552965164
dedup,LDP,2172.0,8000,0.8999999761581421,0.0
dedup,LDS,7401.0,8000,8.085000038146973,0.9850000143051147
dedup,LDV,271.0,8000,0.09000000357627869,0.36000001430511475
dedup,LDX,25.0,8000,0.004999999888241291,0.019999999552965164
dedup,LEG,2459.0,8000,0.9549999833106995,0.0
dedup,LEI,2599.0,8000,0.9850000143051147,0.0
dedup,LEK,11.0,8000,0.004999999888241291,0.0
dedup,LEP,2494.0,8000,0.9649999737739563,3.884999990463257
dedup,LEX,8.0,8000,0.004999999888241291,0.019999999552965164
dedup,LFK,4.0,8000,0.004999999888241291,1.024999976158142
dedup,LFL,2397.0,8000,0.9150000214576721,3.6449999809265137
dedup,LFN,2575.0,8000,1.0,0.0
dedup,LFR,2461.0,8000,0.9649999737739563,0.9850000143051147
dedup,LFS,3.0,8000,0.004999999888241291,0.019999999552965164
dedup,LGA,2475.0,8000,0.9750000238418579,3.9000000953674316
dedup,LGD,5190.0,8000,4.025000095367432,0.0
dedup,LGF,2582.0,8000,0.9950000047683716,0.0
dedup,LGK,5158.0,8000,4.0,0.0
dedup,LGQ,2609.0,8000,1.0,4.0
dedup,LGR,3.0,8000,0.004999999888241291,0.0
dedup,LGV,1968.0,8000,0.800000011920929,3.200000047683716
dedup,LGW,8.0,8000,0.004999999888241291,0.0
dedup,LGX,76.0,8000,0.014999999664723873,0.06499999761581421
dedup,LGY,3.0,8000,0.004999999888241291,0.0
dedup,LHA,2436.0,8000,0.9599999785423279,0.0
dedup,LHL,1.0,8000,0.004999999888241291,0.004999999888241291
dedup,LHR,2555.0,8000,0.9850000143051147,0.0
dedup,LHS,2569.0,8000,0.9850000143051147,0.0
dedup,LHV,2615.0,8000,0.9950000047683716,3.9800000190734863
dedup,LHX,17.0,8000,0.004999999888241291,0.019999999552965164
dedup,LHY,2603.0,8000,0.9950000047683716,3.9800000190734863
dedup,LIA,5152.0,8000,3.9700000286102295,15.880000114440918
dedup,LIC,2586.0,8000,1.0,4.025000095367432
dedup,LID,2601.0,8000,0.9950000047683716,0.0
dedup,LIG,2607.0,8000,0.9950000047683716,3.9800000190734863
dedup,LIR,2580.0,8000,1.0,4.0
dedup,LIT,2580.0,8000,1.0,4.0
dedup,LIV,2220.0,8000,0.8550000190734863,1.090000033378601
dedup,LIX,21.0,8000,0.004999999888241291,0.0
dedup,LKG,5202.0,8000,3.9700000286102295,0.0
dedup,LKP,2472.0,8000,0.9750000238418579,1.0
dedup,LKS,2159.0,8000,0.8899999856948853,0.0
dedup,LKX,15.0,8000,0.004999999888241291,0.019999999552965164
dedup,LKY,2176.0,8000,0.8899999856948853,0.0
dedup,LLA,5005.0,8000,3.865000009536743,15.460000038146973
dedup,LLF,2575.0,8000,1.0,0.0
dedup,LLH,2443.0,8000,0.9599999785423279,3.8399999141693115
dedup,LLI,2217.0,8000,0.8349999785423279,0.0
dedup,LLK,2199.0,8000,0.925000011920929,0.9950000047683716
dedup,LLL,2581.0,8000,1.034999966621399,0.0
dedup,LLP,2512.0,8000,0.9649999737739563,0.0
dedup,LLQ,2567.0,8000,0.9950000047683716,3.9800000190734863
dedup,LLT,2572.0,8000,1.0,0.0
dedup,LLV,12.0,8000,0.004999999888241291,0.019999999552965164
dedup,LLX,40.0,8000,0.004999999888241291,0.0
dedup,LMD,2461.0,8000,0.949999988079071,0.9750000238418579
dedup,LME,17.0,8000,0.004999999888241291,0.0
dedup,LMS,2610.0,8000,1.0,4.0
dedup,LMV,9.0,8000,0.004999999888241291,1.0399999618530273
dedup,LMY,1.0,8000,0.004999999888241291,0.019999999552965164
dedup,LND,5132.0,8000,3.9649999141693115,15.859999656677246
dedup,LNE,5189.0,8000,3.984999895095825,15.9399995803833
dedup,LNR,2569.0,8000,1.0,8.975000381469727
dedup,LNT,2587.0,8000,1.0,0.014999999664723873
dedup,LPD,5165.0,8000,3.9700000286102295,15.880000114440918
dedup,LPF,7247.0,8000,7.885000228881836,0.0
dedup,LPI,2493.0,8000,0.9700000286102295,0.0
dedup,LPL,2513.0,8000,0.9649999737739563,3.859999895095825
dedup,LPP,5000.0,8000,3.8499999046325684,15.399999618530273
dedup,LPQ,2470.0,8000,0.9800000190734863,0.0
dedup,LPS,87.0,8000,0.03500000014901161,0.0
dedup,LPV,2569.0,8000,0.9950000047683716,0.9950000047683716
dedup,LPX,50.0,8000,0.029999999329447746,0.0
dedup,LQD,1887.0,8000,0.7049999833106995,0.0
dedup,LQE,2587.0,8000,1.0,4.0
dedup,LQI,2566.0,8000,0.9900000095367432,3.9600000381469727
dedup,LQL,9.0,8000,0.009999999776482582,0.03999999910593033
dedup,LQN,636.0,8000,0.27000001072883606,0.0
dedup,LQP,4776.0,8000,3.6500000953674316,0.0
dedup,LQS,5033.0,8000,3.9100000858306885,15.640000343322754
dedup,LQT,2574.0,8000,1.0,4.0
dedup,LQX,61.0,8000,0.02500000037252903,0.0
dedup,LQY,2567.0,8000,0.9950000047683716,4.005000114440918
dedup,LRE,2405.0,8000,0.9350000023841858,3.740000009536743
dedup,LRT,681.0,8000,0.30000001192092896,1.2000000476837158
dedup,LRV,5.0,8000,0.004999999888241291,0.019999999552965164
dedup,LSE,2246.0,8000,0.9900000095367432,3.9600000381469727
dedup,LSF,2452.0,8000,0.9649999737739563,3.859999895095825
dedup,LSK,3.0,8000,0.004999999888241291,0.0
dedup,LSR,1593.0,8000,0.675000011920929,2.700000047683716
dedup,LSS,5130.0,8000,3.984999895095825,0.0
dedup,LTD,2573.0,8000,1.0,4.0
dedup,LTE,2603.0,8000,0.9950000047683716,0.0
dedup,LTG,5141.0,8000,3.9700000286102295,0.0
dedup,LTL,12.0,8000,0.004999999888241291,0.0
dedup,LTP,5157.0,8000,3.940000057220459,0.0
dedup,LTQ,25.0,8000,0.009999999776482582,0.0
dedup,LTT,1668.0,8000,0.6200000047683716,2.4800000190734863
dedup,LTV,2597.0,8000,1.0099999904632568,4.039999961853027
dedup,LTX,22.0,8000,0.004999999888241291,0.0
dedup,LVA,10.0,8000,0.004999999888241291,3.115000009536743
dedup,LVD,2502.0,8000,0.9700000286102295,3.880000114440918
dedup,LVK,5195.0,8000,3.9700000286102295,0.0
dedup,LVL,2414.0,8000,0.9350000023841858,0.0
dedup,LVR,2477.0,8000,0.9700000286102295,1.0
dedup,LVS,2510.0,8000,0.9750000238418579,0.0
dedup,LVX,10.0,8000,0.004999999888241291,0.019999999552965164
dedup,LXD,4.0,8000,0.009999999776482582,0.0
dedup,LXH,2.0,8000,0.004999999888241291,0.0
dedup,LXI,3.0,8000,0.004999999888241291,0.019999999552965164
dedup,LXR,13.0,8000,0.004999999888241291,0.0
dedup,LXV,59.0,8000,0.02500000037252903,0.0
dedup,LXX,238.0,8000,0.03500000014901161,0.14000000059604645
dedup,LYE,2572.0,8000,1.0,0.0
dedup,LYN,2555.0,8000,0.9900000095367432,3.9600000381469727
dedup,LYQ,2607.0,8000,0.9950000047683716,0.04500000178813934
dedup,LYR,1683.0,8000,0.6299999952316284,0.0
dedup,LYX,9.0,8000,0.004999999888241291,0.019999999552965164
dedup,MAK,27.0,8000,0.014999999664723873,0.625
dedup,MAS,1.0,8000,0.004999999888241291,0.0
dedup,MAY,2567.0,8000,1.0,0.0
dedup,MDL,2464.0,8000,0.9549999833106995,0.0
dedup,MES,2456.0,8000,0.9300000071525574,0.0
dedup,MEX,9.0,8000,0.014999999664723873,0.05999999865889549
dedup,MFV,2524.0,8000,0.9750000238418579,3.9000000953674316
dedup,MIA,2557.0,8000,1.0,4.0
dedup,MIS,4.0,8000,0.004999999888241291,0.019999999552965164
dedup,MLC,2588.0,8000,1.0,4.0
dedup,MQM,2567.0,8000,1.0,4.025000095367432
dedup,MSE,2587.0,8000,1.0,0.0
dedup,MSF,2609.0,8000,0.9950000047683716,3.9800000190734863
dedup,MSL,2572.0,8000,1.0149999856948853,8.880000114440918
dedup,MTK,2528.0,8000,0.9700000286102295,3.880000114440918
dedup,MTS,2582.0,8000,0.9950000047683716,0.0
dedup,MVT,2579.0,8000,0.9900000095367432,0.0
dedup,MYI,2561.0,8000,0.9900000095367432,0.0
dedup,MYL,1.0,8000,0.004999999888241291,0.004999999888241291
dedup,NAQ,2567.0,8000,0.9950000047683716,0.0
dedup,NAS,2585.0,8000,0.9950000047683716,0.0
dedup,NAT,4810.0,8000,3.5299999713897705,0.9950000047683716
dedup,NCD,2618.0,8000,0.9950000047683716,3.9800000190734863
dedup,NCT,5081.0,8000,3.8450000286102295,15.380000114440918
dedup,NCV,2556.0,8000,0.9950000047683716,3.9800000190734863
dedup,NCY,2463.0,8000,0.9649999737739563,0.0
dedup,NDG,2279.0,8000,0.8500000238418579,0.0
dedup,NDI,2577.0,8000,0.9950000047683716,0.0
dedup,NDL,2560.0,8000,0.9900000095367432,0.0
dedup,NDP,2149.0,8000,0.7799999713897705,3.119999885559082
dedup,NDS,1.0,8000,0.004999999888241291,0.019999999552965164
dedup,NDX,15.0,8000,0.004999999888241291,0.019999999552965164
dedup,NEG,1.0,8000,0.004999999888241291,0.019999999552965164
dedup,NEN,2171.0,8000,0.8849999904632568,3.5399999618530273
dedup,NES,2596.0,8000,1.0,4.0
dedup,NEV,2588.0,8000,0.9950000047683716,8.960000038146973
dedup,NEX,16.0,8000,0.004999999888241291,0.0
dedup,NFG,2578.0,8000,1.0,4.0
dedup,NFK,2476.0,8000,0.9649999737739563,1.225000023841858
dedup,NFN,5220.0,8000,3.9649999141693115,0.0
dedup,NFR,2171.0,8000,0.875,0.0
dedup,NFS,2553.0,8000,0.9950000047683716,3.9800000190734863
dedup,NFT,5335.0,8000,4.295000076293945,26.354999542236328
dedup,NFY,2615.0,8000,0.9950000047683716,0.0
dedup,NGI,2576.0,8000,1.0,0.0
dedup,NGL,5204.0,8000,3.984999895095825,15.9399995803833
dedup,NGT,7059.0,8000,7.755000114440918,0.9950000047683716
dedup,NGV,3837.0,8000,2.744999885559082,10.979999542236328
dedup,NGX,23.0,8000,0.004999999888241291,0.019999999552965164
dedup,NHP,30.0,8000,0.014999999664723873,0.05999999865889549
dedup,NHT,2618.0,8000,1.0,9.03499984741211
dedup,NIA,62.0,8000,0.009999999776482582,0.9300000071525574
dedup,NID,2482.0,8000,0.9649999737739563,0.0
dedup,NII,2294.0,8000,0.875,0.0
dedup,NIQ,2592.0,8000,0.9950000047683716,0.0
dedup,NIT,5061.0,8000,3.890000104904175,0.0
dedup,NIX,10.0,8000,0.004999999888241291,0.9900000095367432
dedup,NKC,2610.0,8000,0.9900000095367432,0.0
dedup,NKK,2605.0,8000,0.9950000047683716,0.925000011920929
dedup,NKS,2471.0,8000,0.9399999976158142,0.0
dedup,NKV,2575.0,8000,1.0,4.0
dedup,NKX,41.0,8000,0.014999999664723873,0.0
dedup,NLA,2578.0,8000,0.9950000047683716,0.0
dedup,NLC,2577.0,8000,0.9950000047683716,8.960000038146973
dedup,NLD,2543.0,8000,0.9800000190734863,3.9200000762939453
dedup,NLK,2472.0,8000,0.9700000286102295,0.0
dedup,NLL,2578.0,8000,0.9950000047683716,0.9800000190734863
dedup,NLN,2599.0,8000,1.0,0.0
dedup,NLR,3075.0,8000,1.7450000047683716,6.980000019073486
dedup,NLS,66.0,8000,0.029999999329447746,0.9049999713897705
dedup,NLT,1674.0,8000,0.625,0.014999999664723873
dedup,NLV,5094.0,8000,3.9049999713897705,15.619999885559082
dedup,NLX,17.0,8000,0.004999999888241291,0.019999999552965164
dedup,NNA,2236.0,8000,0.8399999737739563,3.359999895095825
dedup,NNC,2465.0,8000,0.949999988079071,3.799999952316284
dedup,NNH,1.0,8000,0.004999999888241291,0.0
dedup,NNK,2492.0,8000,0.9449999928474426,0.0
dedup,NNL,2578.0,8000,0.9800000190734863,3.9200000762939453
dedup,NNS,5154.0,8000,3.9700000286102295,15.880000114440918
dedup,NNT,2617.0,8000,0.9950000047683716,3.9649999141693115
dedup,NNX,28.0,8000,0.004999999888241291,0.019999999552965164
dedup,NPV,2285.0,8000,0.8600000143051147,0.0
dedup,NQF,2557.0,8000,0.9900000095367432,0.019999999552965164
dedup,NQI,1.0,8000,0.004999999888241291,0.0
dedup,NQK,2563.0,8000,0.9950000047683716,0.0
dedup,NQN,2571.0,8000,1.0099999904632568,0.004999999888241291
dedup,NQV,2610.0,8000,0.9900000095367432,0.0
dedup,NQX,25.0,8000,0.014999999664723873,0.05999999865889549
dedup,NRA,2567.0,8000,1.0,4.0
dedup,NRK,2564.0,8000,0.9950000047683716,0.0
dedup,NRT,78.0,8000,0.03500000014901161,0.14000000059604645
dedup,NSA,5106.0,8000,3.9700000286102295,15.880000114440918
dedup,NSF,2517.0,8000,0.9800000190734863,0.0
dedup,NSH,1017.0,8000,0.3499999940395355,0.0
dedup,NSI,2566.0,8000,0.9900000095367432,0.0
dedup,NSK,35.0,8000,0.009999999776482582,0.04500000178813934
dedup,NSL,4.0,8000,0.004999999888241291,0.0
dedup,NSN,2508.0,8000,0.9700000286102295,0.0
dedup,NSP,871.0,8000,0.3499999940395355,0.0
dedup,NSR,700.0,8000,0.30000001192092896,1.2000000476837158
dedup,NSV,2570.0,8000,1.0099999904632568,4.039999961853027
dedup,NSX,79.0,8000,0.014999999664723873,0.0
dedup,NSY,2584.0,8000,0.9950000047683716,3.9800000190734863
dedup,NTF,2618.0,8000,0.9950000047683716,0.0
dedup,NTK,2.0,8000,0.004999999888241291,0.019999999552965164
dedup,NTL,2587.0,8000,1.0,4.0
dedup,NTP,52.0,8000,0.014999999664723873,0.05999999865889549
dedup,NTQ,2559.0,8000,0.9950000047683716,8.960000038146973
dedup,NTS,2609.0,8000,0.9950000047683716,0.8949999809265137
dedup,NTV,2615.0,8000,0.9950000047683716,3.9800000190734863
dedup,NVF,2620.0,8000,0.9950000047683716,3.9800000190734863
dedup,NVL,2574.0,8000,1.0,0.0
dedup,NVT,2321.0,8000,0.875,3.5
dedup,NVV,2874.0,8000,1.409999966621399,0.0
dedup,NVY,2565.0,8000,0.9900000095367432,3.9600000381469727
dedup,NXP,5.0,8000,0.009999999776482582,0.03999999910593033
dedup,NXT,18.0,8000,0.009999999776482582,0.9950000047683716
dedup,NXX,215.0,8000,0.09000000357627869,0.36000001430511475
dedup,NYK,2607.0,8000,1.0,0.0
dedup,NYL,1681.0,8000,0.6349999904632568,0.0
dedup,NYN,2461.0,8000,0.9750000238418579,0.0
dedup,NYP,89.0,8000,0.04500000178813934,1.0099999904632568
dedup,NYR,778.0,8000,0.33500000834465027,0.0
dedup,NYX,13.0,8000,0.004999999888241291,0.0
dedup,PAI,2617.0,8000,1.0,4.0
dedup,PAQ,2608.0,8000,0.9900000095367432,0.0
dedup,PAT,2459.0,8000,0.9700000286102295,0.0
dedup,PAX,8.0,8000,0.004999999888241291,0.019999999552965164
dedup,PAY,2406.0,8000,0.9399999976158142,3.759999990463257
dedup,PCN,2464.0,8000,0.9649999737739563,0.004999999888241291
dedup,PCS,2611.0,8000,0.9900000095367432,3.9600000381469727
dedup,PCX,2.0,8000,0.004999999888241291,1.0
dedup,PDD,2601.0,8000,0.9950000047683716,3.9800000190734863
dedup,PDI,1.0,8000,0.004999999888241291,0.0
dedup,PDK,2523.0,8000,0.9800000190734863,3.9200000762939453
dedup,PDP,2558.0,8000,0.9950000047683716,15.0649995803833
dedup,PDV,2590.0,8000,0.9900000095367432,3.9600000381469727
dedup,PEL,2615.0,8000,1.0,0.0
dedup,PFA,2573.0,8000,1.0099999904632568,0.0
dedup,PFE,2465.0,8000,0.9649999737739563,0.0
dedup,PFF,2360.0,8000,0.8999999761581421,3.5999999046325684
dedup,PFG,2583.0,8000,0.9900000095367432,0.0
dedup,PFL,4739.0,8000,3.484999895095825,0.0
dedup,PFN,2280.0,8000,0.8550000190734863,3.4200000762939453
dedup,PFQ,2607.0,8000,0.9900000095367432,3.9600000381469727
dedup,PFX,40.0,8000,0.014999999664723873,0.05999999865889549
dedup,PFY,3.0,8000,0.004999999888241291,0.019999999552965164
dedup,PGD,2489.0,8000,0.9649999737739563,0.0
dedup,PGG,47.0,8000,0.009999999776482582,0.0
dedup,PGQ,2563.0,8000,0.9900000095367432,8.920000076293945
dedup,PGT,2612.0,8000,0.9950000047683716,3.9800000190734863
dedup,PGV,2.0,8000,0.004999999888241291,0.019999999552965164
dedup,PGX,3.0,8000,0.004999999888241291,0.0
dedup,PHG,2619.0,8000,0.9950000047683716,0.9700000286102295
dedup,PHX,2.0,8000,0.004999999888241291,0.019999999552965164
dedup,PIG,5091.0,8000,3.8949999809265137,15.579999923706055
dedup,PIK,2560.0,8000,1.0149999856948853,0.0
dedup,PIN,3450.0,8000,1.909999966621399,7.639999866485596
dedup,PKK,2532.0,8000,0.9750000238418579,1.899999976158142
dedup,PKX,1.0,8000,0.004999999888241291,0.0
dedup,PLL,2600.0,8000,1.0449999570846558,0.0
dedup,PLQ,5053.0,8000,3.859999895095825,0.0
dedup,PLS,2181.0,8000,0.8999999761581421,0.0
dedup,PLV,5005.0,8000,3.819999933242798,3.825000047683716
dedup,PNI,2571.0,8000,0.9950000047683716,3.9800000190734863
dedup,PPA,2405.0,8000,0.9399999976158142,3.759999990463257
dedup,PPI,2561.0,8000,1.0,0.0
dedup,PPL,2572.0,8000,1.0,0.0
dedup,PPS,20.0,8000,0.004999999888241291,0.019999999552965164
dedup,PPV,5.0,8000,0.004999999888241291,0.0
dedup,PQG,2476.0,8000,0.9649999737739563,8.729999542236328
dedup,PQI,2613.0,8000,0.9950000047683716,3.9800000190734863
dedup,PQS,2611.0,8000,1.0,4.0
dedup,PQT,2611.0,8000,0.9950000047683716,3.9800000190734863
dedup,PQX,6.0,8000,0.004999999888241291,3.5950000286102295
dedup,PRE,2610.0,8000,0.9900000095367432,0.0
dedup,PRR,854.0,8000,0.3499999940395355,1.399999976158142
dedup,PRT,2151.0,8000,0.8799999952316284,0.0
dedup,PRX,32.0,8000,0.009999999776482582,0.0
dedup,PSA,86.0,8000,0.03500000014901161,0.0
dedup,PSK,5121.0,8000,3.940000057220459,0.0
dedup,PSY,20.0,8000,0.004999999888241291,1.0199999809265137
dedup,PTE,2372.0,8000,0.9350000023841858,3.765000104904175
dedup,PTK,2547.0,8000,0.9900000095367432,0.0
dedup,PTN,2973.0,8000,2.494999885559082,0.0
dedup,PTW,2613.0,8000,1.0,4.0
dedup,PTY,1074.0,8000,0.3700000047683716,0.0
dedup,PVA,2599.0,8000,0.9950000047683716,0.0
dedup,PVL,4846.0,8000,3.494999885559082,0.0
dedup,PVQ,4.0,8000,0.004999999888241291,0.019999999552965164
dedup,PVS,2570.0,8000,0.9950000047683716,0.0
dedup,PVX,13.0,8000,0.004999999888241291,0.05999999865889549
dedup,PVY,5.0,8000,0.004999999888241291,0.019999999552965164
dedup,PWY,2559.0,8000,0.9800000190734863,0.014999999664723873
dedup,PXA,5.0,8000,0.004999999888241291,0.019999999552965164
dedup,PXK,7.0,8000,0.004999999888241291,0.0
dedup,PXX,97.0,8000,0.03999999910593033,0.1599999964237213
dedup,PXY,40.0,8000,0.014999999664723873,0.0
dedup,PYR,2467.0,8000,0.9599999785423279,0.0
dedup,QAG,2455.0,8000,0.9599999785423279,3.8399999141693115
dedup,QAL,2568.0,8000,0.9950000047683716,0.0
dedup,QAR,2.0,8000,0.004999999888241291,0.9150000214576721
dedup,QCV,2522.0,8000,0.9800000190734863,3.9200000762939453
dedup,QDK,2560.0,8000,1.0,0.0
dedup,QDL,2387.0,8000,0.9100000262260437,3.640000104904175
dedup,QDS,2544.0,8000,1.0,0.0
dedup,QDV,1892.0,8000,0.7200000286102295,2.880000114440918
dedup,QEK,2601.0,8000,0.9850000143051147,3.940000057220459
dedup,QEL,2591.0,8000,1.0,0.0
dedup,QEV,2550.0,8000,0.9900000095367432,0.0
dedup,QEX,3.0,8000,0.004999999888241291,0.019999999552965164
dedup,QFC,2252.0,8000,0.824999988079071,0.0
dedup,QFG,2608.0,8000,0.9850000143051147,0.0
dedup,QFN,2559.0,8000,0.9900000095367432,3.9600000381469727
dedup,QGF,2485.0,8000,0.9649999737739563,0.0
dedup,QGN,2470.0,8000,0.9599999785423279,0.0
dedup,QGV,2598.0,8000,0.9850000143051147,3.9649999141693115
dedup,QIA,2560.0,8000,1.0049999952316284,4.019999980926514
dedup,QID,2568.0,8000,1.0,4.0
dedup,QII,2614.0,8000,0.9950000047683716,0.0
dedup,QIL,2572.0,8000,1.0099999904632568,0.0
dedup,QIN,9.0,8000,0.004999999888241291,0.02500000037252903
dedup,QIP,2565.0,8000,0.9900000095367432,3.984999895095825
dedup,QIY,2563.0,8000,0.9950000047683716,3.9800000190734863
dedup,QKE,2585.0,8000,0.9950000047683716,3.9800000190734863
dedup,QKF,2591.0,8000,1.0,0.0
dedup,QKL,2561.0,8000,0.9950000047683716,0.0
dedup,QLG,3.0,8000,0.004999999888241291,0.0
dedup,QLI,2577.0,8000,1.0,0.0
dedup,QLN,2566.0,8000,1.0,3.9549999237060547
dedup,QLP,2521.0,8000,0.9900000095367432,0.0
dedup,QLR,9.0,8000,0.009999999776482582,0.0
dedup,QLS,2585.0,8000,1.0,0.0
dedup,QLT,2618.0,8000,1.0,4.0
dedup,QMA,2568.0,8000,1.0,4.0
dedup,QNA,2570.0,8000,0.9950000047683716,16.454999923706055
dedup,QNG,2.0,8000,0.004999999888241291,0.054999999701976776
dedup,QNV,3204.0,8000,1.809999942779541,7.239999771118164
dedup,QPE,2612.0,8000,0.9950000047683716,3.9800000190734863
dedup,QPF,2469.0,8000,0.9599999785423279,0.9950000047683716
dedup,QPR,2148.0,8000,0.8849999904632568,0.0
dedup,QPT,4737.0,8000,3.640000104904175,14.5600004196167
dedup,QPY,2473.0,8000,0.9599999785423279,3.8399999141693115
dedup,QQF,2608.0,8000,0.9850000143051147,0.0
dedup,QQL,2578.0,8000,1.0149999856948853,9.079999923706055
dedup,QRN,2614.0,8000,1.0,0.0
dedup,QSA,2619.0,8000,1.0,0.0
dedup,QSI,2571.0,8000,1.0,0.0
dedup,QSK,2606.0,8000,1.0,0.0
dedup,QSL,4817.0,8000,3.505000114440918,0.0
dedup,QSX,11.0,8000,0.004999999888241291,0.019999999552965164
dedup,QSY,2458.0,8000,0.9750000238418579,0.0
dedup,QTG,2566.0,8000,0.9950000047683716,0.0
dedup,QTH,33.0,8000,0.019999999552965164,0.0
dedup,QTL,5116.0,8000,3.865000009536743,15.425000190734863
dedup,QTN,2551.0,8000,0.9700000286102295,3.880000114440918
dedup,QTQ,2542.0,8000,0.949999988079071,3.799999952316284
dedup,QTR,2621.0,8000,1.0,4.25
dedup,QTS,2178.0,8000,0.875,0.0
dedup,QTX,13.0,8000,0.004999999888241291,0.019999999552965164
dedup,QTY,2574.0,8000,1.0,4.0
dedup,QVA,2612.0,8000,0.9900000095367432,3.9600000381469727
dedup,QVK,2561.0,8000,0.9950000047683716,0.05000000074505806
dedup,QXK,13.0,8000,0.009999999776482582,0.004999999888241291
dedup,QXN,2.0,8000,0.004999999888241291,0.019999999552965164
dedup,QXS,4.0,8000,0.004999999888241291,0.0
dedup,QXV,48.0,8000,0.03999999910593033,0.0
dedup,QXX,94.0,8000,0.07999999821186066,0.3199999928474426
dedup,QYG,5140.0,8000,3.984999895095825,15.9399995803833
dedup,QYI,2599.0,8000,0.9950000047683716,3.9800000190734863
dedup,QYT,2564.0,8000,1.0,4.0
dedup,RAA,2579.0,8000,1.0,0.925000011920929
dedup,RAG,2600.0,8000,0.9850000143051147,0.0
dedup,RAL,2570.0,8000,1.0,4.0
dedup,RAR,2575.0,8000,0.9950000047683716,1.0
dedup,RAS,2568.0,8000,0.9850000143051147,3.940000057220459
dedup,RDF,10.0,8000,0.004999999888241291,0.0
dedup,RDI,5073.0,8000,3.880000114440918,15.520000457763672
dedup,RDL,5005.0,8000,3.8499999046325684,8.645000457763672
dedup,RDP,2612.0,8000,0.9950000047683716,3.9800000190734863
dedup,REF,2406.0,8000,0.925000011920929,1.0
dedup,REG,2610.0,8000,0.9900000095367432,3.944999933242798
dedup,REX,6.0,8000,0.009999999776482582,1.0
dedup,RFA,2630.0,8000,1.034999966621399,0.0
dedup,RFD,2218.0,8000,0.8349999785423279,3.3399999141693115
dedup,RFG,4.0,8000,0.004999999888241291,0.019999999552965164
dedup,RFN,2571.0,8000,1.0,0.0
dedup,RFP,2572.0,8000,0.9950000047683716,0.0
dedup,RFQ,2497.0,8000,0.9599999785423279,3.8399999141693115
dedup,RFX,8.0,8000,0.009999999776482582,0.03999999910593033
dedup,RGD,2564.0,8000,0.9850000143051147,0.0
dedup,RGL,55.0,8000,0.009999999776482582,1.0750000476837158
dedup,RGV,2528.0,8000,0.9900000095367432,3.8350000381469727
dedup,RGW,2284.0,8000,0.8650000095367432,3.4600000381469727
dedup,RGY,1.0,8000,0.004999999888241291,0.9950000047683716
dedup,RHL,3.0,8000,0.004999999888241291,0.019999999552965164
dedup,RIQ,4.0,8000,0.009999999776482582,0.03999999910593033
dedup,RIS,2559.0,8000,0.9950000047683716,3.9800000190734863
dedup,RKR,2564.0,8000,0.9950000047683716,3.9800000190734863
dedup,RKS,2469.0,8000,0.9700000286102295,3.880000114440918
dedup,RLD,2579.0,8000,1.0,1.0099999904632568
dedup,RLF,2460.0,8000,0.9649999737739563,3.859999895095825
dedup,RLI,2569.0,8000,1.0,4.0
dedup,RLN,2585.0,8000,0.9950000047683716,3.9800000190734863
dedup,RLQ,2578.0,8000,1.0,3.984999895095825
dedup,RLX,6.0,8000,0.004999999888241291,0.8100000023841858
dedup,RME,25.0,8000,0.009999999776482582,0.0
dedup,RNF,2614.0,8000,0.9950000047683716,3.9800000190734863
dedup,RNX,1.0,8000,0.004999999888241291,0.0
dedup,RQA,2.0,8000,0.004999999888241291,0.0
dedup,RQI,2562.0,8000,0.9900000095367432,3.9600000381469727
dedup,RRA,2574.0,8000,0.9950000047683716,3.9800000190734863
dedup,RRQ,2.0,8000,0.004999999888241291,0.0
dedup,RRR,699.0,8000,0.29499998688697815,0.0
dedup,RSF,2568.0,8000,1.0,0.0
dedup,RSG,3.0,8000,0.009999999776482582,0.04500000178813934
dedup,RSS,2580.0,8000,1.0199999809265137,0.004999999888241291
dedup,RSV,2576.0,8000,1.0,0.0
dedup,RSX,8.0,8000,0.004999999888241291,0.019999999552965164
dedup,RSY,2560.0,8000,0.9850000143051147,0.36500000953674316
dedup,RTF,2170.0,8000,0.8799999952316284,0.014999999664723873
dedup,RTQ,2513.0,8000,0.9700000286102295,3.880000114440918
dedup,RTR,673.0,8000,0.2800000011920929,1.0
dedup,RTT,4.0,8000,0.009999999776482582,0.0
dedup,RTX,4.0,8000,0.009999999776482582,0.0
dedup,RVD,2599.0,8000,0.9950000047683716,3.9800000190734863
dedup,RVL,2.0,8000,0.004999999888241291,0.0
dedup,RVQ,2163.0,8000,0.8650000095367432,1.0149999856948853
dedup,RVS,3.0,8000,0.004999999888241291,3.4700000286102295
dedup,RVV,2473.0,8000,0.9649999737739563,3.859999895095825
dedup,RVX,15.0,8000,0.009999999776482582,0.03999999910593033
dedup,RVY,4478.0,8000,3.0999999046325684,0.0
dedup,RXQ,6.0,8000,0.004999999888241291,0.0
dedup,RXX,133.0,8000,0.019999999552965164,0.0
dedup,RYR,777.0,8000,0.33500000834465027,1.6299999952316284
dedup,SAA,13.0,8000,0.009999999776482582,0.03999999910593033
dedup,SAI,2553.0,8000,1.0,0.0
dedup,SAL,7412.0,8000,8.25,33.0
dedup,SAN,5042.0,8000,3.8350000381469727,0.0
dedup,SAP,2618.0,8000,1.0,8.975000381469727
dedup,SAR,10.0,8000,0.004999999888241291,0.0
dedup,SAS,2557.0,8000,0.9900000095367432,3.9600000381469727
dedup,SAX,7.0,8000,0.004999999888241291,0.004999999888241291
dedup,SAY,89.0,8000,0.03500000014901161,0.14000000059604645
dedup,SCC,5195.0,8000,4.0,16.0
dedup,SCG,2615.0,8000,0.9950000047683716,3.9800000190734863
dedup,SCL,2597.0,8000,1.0,0.0
dedup,SCM,106.0,8000,0.04500000178813934,0.9900000095367432
dedup,SEC,2588.0,8000,1.0,4.0
dedup,SEF,1929.0,8000,0.7900000214576721,3.1600000858306885
dedup,SEL,13.0,8000,0.004999999888241291,0.009999999776482582
dedup,SEP,2590.0,8000,0.9850000143051147,3.924999952316284
dedup,SER,2.0,8000,0.004999999888241291,0.0
dedup,SET,2188.0,8000,0.9049999713897705,0.0
dedup,SEX,25.0,8000,0.014999999664723873,1.1200000047683716
dedup,SFC,2562.0,8000,0.9950000047683716,4.054999828338623
dedup,SFE,2449.0,8000,0.9649999737739563,0.0
dedup,SFG,2611.0,8000,0.9900000095367432,0.0
dedup,SFI,2577.0,8000,0.9950000047683716,3.9800000190734863
dedup,SFK,2615.0,8000,1.0,8.975000381469727
dedup,SFN,2.0,8000,0.004999999888241291,0.019999999552965164
dedup,SFP,2609.0,8000,0.9950000047683716,3.9800000190734863
dedup,SFS,2571.0,8000,0.9900000095367432,0.0
dedup,SFT,4680.0,8000,3.6549999713897705,14.619999885559082
dedup,SFV,2658.0,8000,1.1050000190734863,0.0
dedup,SGC,4.0,8000,0.009999999776482582,1.0
dedup,SGI,2587.0,8000,0.9900000095367432,3.9600000381469727
dedup,SGN,2605.0,8000,0.9900000095367432,0.0
dedup,SGT,2309.0,8000,0.8550000190734863,0.0
dedup,SGV,536.0,8000,0.2150000035762787,0.0
dedup,SGW,4902.0,8000,3.7899999618530273,15.15999984741211
dedup,SGX,30.0,8000,0.004999999888241291,0.0
dedup,SHR,1018.0,8000,0.3499999940395355,1.399999976158142
dedup,SIA,2568.0,8000,0.9950000047683716,3.9800000190734863
dedup,SIE,289.0,8000,0.10999999940395355,0.4399999976158142
dedup,SII,2578.0,8000,1.0149999856948853,0.0
dedup,SIQ,109.0,8000,0.04500000178813934,0.18000000715255737
dedup,SIT,6.0,8000,0.004999999888241291,0.019999999552965164
dedup,SIV,2397.0,8000,0.9399999976158142,0.004999999888241291
dedup,SKH,2487.0,8000,0.9850000143051147,3.940000057220459
dedup,SKL,4.0,8000,0.004999999888241291,0.019999999552965164
dedup,SKN,34.0,8000,0.009999999776482582,0.0
dedup,SKP,3257.0,8000,1.8849999904632568,0.7400000095367432
dedup,SKR,5175.0,8000,4.0,16.0
dedup,SKS,7.0,8000,0.004999999888241291,0.019999999552965164
dedup,SKT,2236.0,8000,0.8299999833106995,3.319999933242798
dedup,SKV,2474.0,8000,0.9900000095367432,3.9600000381469727
dedup,SKX,81.0,8000,0.014999999664723873,1.0
dedup,SLD,8.0,8000,0.004999999888241291,0.9800000190734863
dedup,SLF,4.0,8000,0.004999999888241291,0.9800000190734863
dedup,SLG,2578.0,8000,1.0149999856948853,4.059999942779541
dedup,SLI,2594.0,8000,0.9950000047683716,0.0
dedup,SLL,2226.0,8000,0.8349999785423279,0.0
dedup,SLM,17.0,8000,0.004999999888241291,0.0
dedup,SLP,2.0,8000,0.004999999888241291,0.019999999552965164
dedup,SLQ,2575.0,8000,1.0,4.0
dedup,SLS,2555.0,8000,0.9950000047683716,3.9800000190734863
dedup,SLX,23.0,8000,0.004999999888241291,0.0
dedup,SMA,27.0,8000,0.014999999664723873,0.05999999865889549
dedup,SMT,2528.0,8000,0.9649999737739563,0.0
dedup,SNC,2554.0,8000,0.9950000047683716,0.0
dedup,SND,2.0,8000,0.004999999888241291,0.0
dedup,SNF,4745.0,8000,3.625,22.954999923706055
dedup,SNG,2613.0,8000,0.9900000095367432,0.0
dedup,SNI,2242.0,8000,0.8450000286102295,7.735000133514404
dedup,SNK,2610.0,8000,0.9950000047683716,3.9800000190734863
dedup,SNL,5038.0,8000,3.8949999809265137,15.579999923706055
dedup,SNN,5085.0,8000,3.880000114440918,15.520000457763672
dedup,SNQ,2608.0,8000,0.9950000047683716,3.9800000190734863
dedup,SNS,4.0,8000,0.004999999888241291,0.0
dedup,SNV,4924.0,8000,3.5950000286102295,14.380000114440918
dedup,SNX,52.0,8000,0.004999999888241291,0.02500000037252903
dedup,SPD,2602.0,8000,0.9950000047683716,3.9800000190734863
dedup,SPG,4.0,8000,0.004999999888241291,3.630000114440918
dedup,SPL,7.0,8000,0.004999999888241291,0.019999999552965164
dedup,SPR,873.0,8000,0.3499999940395355,1.399999976158142
dedup,SPT,2547.0,8000,0.9900000095367432,0.0
dedup,SQC,2420.0,8000,0.9350000023841858,0.0
dedup,SQI,2569.0,8000,0.9950000047683716,0.8899999856948853
dedup,SQP,2467.0,8000,0.9549999833106995,3.819999933242798
dedup,SQS,2573.0,8000,1.0,0.004999999888241291
dedup,SRL,1593.0,8000,0.675000011920929,0.0
dedup,SRM,25.0,8000,0.009999999776482582,0.03999999910593033
dedup,SRR,700.0,8000,0.30000001192092896,0.9750000238418579
dedup,SSA,2476.0,8000,0.9800000190734863,0.9950000047683716
dedup,SSG,2369.0,8000,0.9350000023841858,3.740000009536743
dedup,SSK,12.0,8000,0.004999999888241291,0.0
dedup,SSL,10.0,8000,0.004999999888241291,0.019999999552965164
dedup,SSN,2579.0,8000,1.0,4.0
dedup,SSQ,2412.0,8000,0.949999988079071,0.0
dedup,SSS,2373.0,8000,0.9350000023841858,0.0
dedup,SST,2553.0,8000,0.9950000047683716,3.9800000190734863
dedup,SSV,5154.0,8000,3.9649999141693115,1.5800000429153442
dedup,SSX,34.0,8000,0.02500000037252903,0.10000000149011612
dedup,STA,2552.0,8000,1.0,0.9599999785423279
dedup,STE,7042.0,8000,7.65500020980835,0.0
dedup,STF,2553.0,8000,0.9900000095367432,3.9600000381469727
dedup,STG,2618.0,8000,1.0,4.0
dedup,STN,2613.0,8000,0.9950000047683716,3.9800000190734863
dedup,STP,1707.0,8000,0.6499999761581421,2.5999999046325684
dedup,STQ,2406.0,8000,0.9049999713897705,0.0
dedup,STX,182.0,8000,0.08500000089406967,0.0
dedup,SVA,5116.0,8000,3.9200000762939453,15.680000305175781
dedup,SVD,2557.0,8000,0.9900000095367432,3.984999895095825
dedup,SVE,2.0,8000,0.004999999888241291,1.0
dedup,SVI,2613.0,8000,0.9950000047683716,0.0
dedup,SVL,7889.0,8000,9.640000343322754,38.560001373291016
dedup,SVN,12.0,8000,0.004999999888241291,0.0
dedup,SVS,6.0,8000,0.004999999888241291,3.865000009536743
dedup,SVT,2564.0,8000,0.9950000047683716,3.9800000190734863
dedup,SVV,2520.0,8000,1.0199999809265137,4.079999923706055
dedup,SVX,19.0,8000,0.019999999552965164,0.9750000238418579
dedup,SVY,2583.0,8000,0.9950000047683716,8.960000038146973
dedup,SWM,2305.0,8000,0.8799999952316284,0.0
dedup,SWT,6.0,8000,0.004999999888241291,0.019999999552965164
dedup,SXA,5.0,8000,0.004999999888241291,0.019999999552965164
dedup,SXL,12.0,8000,0.004999999888241291,0.0
dedup,SXV,14.0,8000,0.004999999888241291,0.019999999552965164
dedup,SXX,435.0,8000,0.3400000035762787,1.809999942779541
dedup,SYE,2583.0,8000,0.9950000047683716,0.0
dedup,SYG,2452.0,8000,0.9750000238418579,1.1299999952316284
dedup,SYH,13.0,8000,0.009999999776482582,0.0
dedup,SYK,1.0,8000,0.004999999888241291,0.0
dedup,SYL,2562.0,8000,0.9850000143051147,3.940000057220459
dedup,SYQ,2580.0,8000,0.9649999737739563,3.859999895095825
dedup,SYT,21.0,8000,0.004999999888241291,0.875
dedup,SYX,14.0,8000,0.009999999776482582,0.03999999910593033
dedup,TAG,2174.0,8000,0.8849999904632568,3.5399999618530273
dedup,TAP,2607.0,8000,0.9950000047683716,3.9800000190734863
dedup,TAS,2556.0,8000,1.0,4.0
dedup,TAX,25.0,8000,0.009999999776482582,0.0
dedup,TDA,4766.0,8000,3.6549999713897705,14.619999885559082
dedup,TDE,2569.0,8000,1.0,0.0
dedup,TDN,1621.0,8000,0.675000011920929,0.0
dedup,TDX,8.0,8000,0.004999999888241291,0.0
dedup,TEC,2568.0,8000,1.0,0.9950000047683716
dedup,TEI,5027.0,8000,3.890000104904175,15.5600004196167
dedup,TEK,2017.0,8000,0.7599999904632568,3.0399999618530273
dedup,TES,4999.0,8000,3.8450000286102295,15.380000114440918
dedup,TEV,2613.0,8000,1.0,4.0
dedup,TFE,2470.0,8000,0.949999988079071,0.0
dedup,TFG,2566.0,8000,1.0149999856948853,0.0
dedup,TFK,2555.0,8000,0.9900000095367432,0.0
dedup,TFL,2167.0,8000,0.8849999904632568,0.0
dedup,TFV,2615.0,8000,1.0,0.0
dedup,TGC,2604.0,8000,1.0,0.0
dedup,TGF,7.0,8000,0.004999999888241291,0.019999999552965164
dedup,TGI,2537.0,8000,0.9950000047683716,4.005000114440918
dedup,TGK,2445.0,8000,0.949999988079071,3.799999952316284
dedup,TGN,56.0,8000,0.009999999776482582,0.0
dedup,TGR,2575.0,8000,1.0,4.0
dedup,TGS,2610.0,8000,0.9950000047683716,3.9800000190734863
dedup,TGT,2676.0,8000,1.0700000524520874,4.28000020980835
dedup,TGV,2608.0,8000,0.9950000047683716,0.0
dedup,TGX,11.0,8000,0.009999999776482582,0.03999999910593033
dedup,THN,976.0,8000,0.3100000023841858,0.0
dedup,THT,33.0,8000,0.019999999552965164,0.0
dedup,THW,2609.0,8000,0.9950000047683716,3.9800000190734863
dedup,TIA,77.0,8000,0.02500000037252903,0.10000000149011612
dedup,TIH,2.0,8000,0.004999999888241291,0.0
dedup,TIM,2591.0,8000,1.0,4.0
dedup,TIS,2557.0,8000,0.9950000047683716,3.9800000190734863
dedup,TIT,4726.0,8000,3.684999942779541,14.739999771118164
dedup,TIX,16.0,8000,0.004999999888241291,0.019999999552965164
dedup,TKC,2163.0,8000,0.8899999856948853,0.0
dedup,TKE,2.0,8000,0.004999999888241291,0.019999999552965164
dedup,TKL,2553.0,8000,0.9900000095367432,3.9600000381469727
dedup,TKM,2503.0,8000,0.9599999785423279,0.0
dedup,TKR,2281.0,8000,0.8550000190734863,3.4200000762939453
dedup,TKT,2535.0,8000,0.9750000238418579,3.9000000953674316
dedup,TKX,25.0,8000,0.009999999776482582,0.0
dedup,TLA,2574.0,8000,1.0,4.0
dedup,TLD,2262.0,8000,0.8650000095367432,0.8949999809265137
dedup,TLE,2609.0,8000,1.0,0.0
dedup,TLG,13.0,8000,0.004999999888241291,0.019999999552965164
dedup,TLH,53.0,8000,0.009999999776482582,0.0
dedup,TLK,2157.0,8000,0.8849999904632568,3.5399999618530273
dedup,TLL,2449.0,8000,0.949999988079071,3.799999952316284
dedup,TLV,2587.0,8000,1.0,0.0
dedup,TLX,15.0,8000,0.009999999776482582,0.0
dedup,TMS,2572.0,8000,1.0,0.0
dedup,TMY,2557.0,8000,0.9900000095367432,0.0
dedup,TNA,3.0,8000,0.004999999888241291,0.0
dedup,TNF,1598.0,8000,0.6800000071525574,2.7200000286102295
dedup,TNG,3677.0,8000,2.3949999809265137,0.0
dedup,TNL,5184.0,8000,3.9700000286102295,0.0
dedup,TNR,79.0,8000,0.03500000014901161,0.14000000059604645
dedup,TNS,5101.0,8000,3.9100000858306885,15.640000343322754
dedup,TNT,2610.0,8000,0.9950000047683716,0.0
dedup,TNV,4811.0,8000,3.490000009536743,0.004999999888241291
dedup,TNX,19.0,8000,0.014999999664723873,0.05999999865889549
dedup,TPC,4372.0,8000,2.990000009536743,11.960000038146973
dedup,TPG,5151.0,8000,3.924999952316284,0.9599999785423279
dedup,TPI,2482.0,8000,0.9750000238418579,0.30000001192092896
dedup,TPP,2554.0,8000,1.0,0.0
dedup,TPT,2616.0,8000,1.0,0.0
dedup,TPX,10.0,8000,0.004999999888241291,1.0299999713897705
dedup,TQD,2398.0,8000,0.9100000262260437,0.0
dedup,TQE,2549.0,8000,0.9950000047683716,0.8650000095367432
dedup,TQI,11.0,8000,0.004999999888241291,0.0
dedup,TQL,5085.0,8000,3.924999952316284,1.5199999809265137
dedup,TQN,2570.0,8000,1.0,0.0
dedup,TQQ,2584.0,8000,1.0,4.0
dedup,TQR,2615.0,8000,1.0,4.0
dedup,TQS,2247.0,8000,0.8399999737739563,0.0
dedup,TQT,2551.0,8000,0.9700000286102295,3.880000114440918
dedup,TRA,2602.0,8000,0.9850000143051147,3.940000057220459
dedup,TRF,5075.0,8000,3.9100000858306885,15.640000343322754
dedup,TRG,2524.0,8000,0.9850000143051147,3.940000057220459
dedup,TRI,5.0,8000,0.009999999776482582,0.9950000047683716
dedup,TRS,4.0,8000,0.009999999776482582,0.03999999910593033
dedup,TRT,2426.0,8000,0.925000011920929,0.0
dedup,TRX,21.0,8000,0.004999999888241291,0.019999999552965164
dedup,TSA,2563.0,8000,1.0,4.0
dedup,TSC,2588.0,8000,0.9950000047683716,3.9800000190734863
dedup,TSG,2559.0,8000,0.9950000047683716,0.9950000047683716
dedup,TSN,4782.0,8000,3.609999895095825,0.0
dedup,TSP,2617.0,8000,1.0,0.0
dedup,TSV,2558.0,8000,0.9900000095367432,0.0
dedup,TTA,2608.0,8000,0.9950000047683716,0.0
dedup,TTD,4216.0,8000,3.005000114440918,0.0
dedup,TTE,2563.0,8000,0.9950000047683716,3.9800000190734863
dedup,TTH,976.0,8000,0.3100000023841858,0.33500000834465027
dedup,TTL,2260.0,8000,0.8450000286102295,7.769999980926514
dedup,TTQ,7.0,8000,0.009999999776482582,0.0
dedup,TTR,1766.0,8000,0.6600000262260437,2.6649999618530273
dedup,TTT,8.0,8000,0.009999999776482582,0.03999999910593033
dedup,TTY,6.0,8000,0.004999999888241291,0.0
dedup,TVC,2496.0,8000,0.9750000238418579,3.9000000953674316
dedup,TVE,2133.0,8000,0.875,0.0
dedup,TVI,16.0,8000,0.004999999888241291,0.019999999552965164
dedup,TVL,2581.0,8000,0.9950000047683716,0.1899999976158142
dedup,TVS,1.0,8000,0.004999999888241291,0.9950000047683716
dedup,TVY,2620.0,8000,1.0099999904632568,0.0
dedup,TWF,2319.0,8000,0.8700000047683716,0.0
dedup,TWR,2616.0,8000,1.0,0.0
dedup,TXF,6.0,8000,0.009999999776482582,0.03999999910593033
dedup,TXR,5.0,8000,0.009999999776482582,0.0
dedup,TXS,15.0,8000,0.004999999888241291,0.019999999552965164
dedup,TXX,1994.0,8000,0.9850000143051147,4.164999961853027
dedup,TYG,1073.0,8000,0.36500000953674316,1.0049999952316284
dedup,TYN,5.0,8000,0.004999999888241291,0.019999999552965164
dedup,TYV,5188.0,8000,4.0,0.0
dedup,TYX,3.0,8000,0.004999999888241291,0.019999999552965164
dedup,VAD,2552.0,8000,0.9950000047683716,1.0
dedup,VAI,2602.0,8000,1.0099999904632568,4.039999961853027
dedup,VAK,2524.0,8000,0.9950000047683716,3.9800000190734863
dedup,VAN,64.0,8000,0.004999999888241291,0.019999999552965164
dedup,VAS,2551.0,8000,0.9750000238418579,3.9000000953674316
dedup,VAV,2612.0,8000,0.9900000095367432,0.0
dedup,VAX,9.0,8000,0.009999999776482582,0.0
dedup,VAY,2572.0,8000,0.9900000095367432,0.0
dedup,VCE,2235.0,8000,0.8299999833106995,3.319999933242798
dedup,VCG,2533.0,8000,0.9800000190734863,8.84000015258789
dedup,VDC,4734.0,8000,3.6500000953674316,0.0
dedup,VDF,2600.0,8000,0.9950000047683716,3.9800000190734863
dedup,VDL,5099.0,8000,3.8949999809265137,0.0
dedup,VDX,33.0,8000,0.014999999664723873,0.05999999865889549
dedup,VEA,2577.0,8000,1.0,4.0
dedup,VED,2.0,8000,0.004999999888241291,3.5799999237060547
dedup,VEG,2270.0,8000,0.8999999761581421,0.0
dedup,VEK,2139.0,8000,0.875,0.03999999910593033
dedup,VEN,99.0,8000,0.02500000037252903,0.004999999888241291
dedup,VEQ,2559.0,8000,0.9950000047683716,0.004999999888241291
dedup,VFA,2563.0,8000,0.9950000047683716,0.0
dedup,VFF,116.0,8000,0.054999999701976776,0.0
dedup,VFK,2474.0,8000,0.949999988079071,0.0
dedup,VFL,5021.0,8000,3.759999990463257,0.0
dedup,VFN,2576.0,8000,0.9900000095367432,0.0
dedup,VFQ,2621.0,8000,1.0149999856948853,4.059999942779541
dedup,VFR,2577.0,8000,0.9950000047683716,1.0
dedup,VFV,2613.0,8000,0.9900000095367432,3.9600000381469727
dedup,VFX,23.0,8000,0.004999999888241291,0.019999999552965164
dedup,VGG,2465.0,8000,0.9750000238418579,0.0
dedup,VGY,4622.0,8000,3.569999933242798,14.324999809265137
dedup,VIA,2612.0,8000,1.0049999952316284,0.0
dedup,VIG,2616.0,8000,0.9950000047683716,3.9800000190734863
dedup,VIK,2239.0,8000,0.8399999737739563,3.359999895095825
dedup,VIR,2563.0,8000,0.9900000095367432,3.9600000381469727
dedup,VIS,7.0,8000,0.004999999888241291,0.019999999552965164
dedup,VIT,2610.0,8000,0.9950000047683716,3.9800000190734863
dedup,VIV,9.0,8000,0.004999999888241291,0.07000000029802322
dedup,VIX,11.0,8000,0.004999999888241291,0.019999999552965164
dedup,VKG,181.0,8000,0.05999999865889549,0.0
dedup,VKL,2602.0,8000,0.9950000047683716,0.9950000047683716
dedup,VKN,2606.0,8000,0.9900000095367432,0.0
dedup,VKQ,5165.0,8000,3.984999895095825,15.9399995803833
dedup,VLD,4.0,8000,0.004999999888241291,0.019999999552965164
dedup,VLE,185.0,8000,0.10499999672174454,0.0
dedup,VLG,2606.0,8000,0.9950000047683716,0.0
dedup,VLH,2570.0,8000,0.9900000095367432,3.9600000381469727
dedup,VLK,2575.0,8000,0.9750000238418579,0.0
dedup,VLL,2520.0,8000,0.9700000286102295,3.880000114440918
dedup,VLN,2580.0,8000,0.9950000047683716,0.004999999888241291
dedup,VLP,4855.0,8000,3.565000057220459,14.260000228881836
dedup,VLS,2452.0,8000,0.9649999737739563,0.12999999523162842
dedup,VLT,2609.0,8000,0.9950000047683716,3.9800000190734863
dedup,VLY,7742.0,8000,8.925000190734863,0.0
dedup,VMV,2570.0,8000,0.9850000143051147,0.0
dedup,VNC,2623.0,8000,1.0099999904632568,0.949999988079071
dedup,VNF,2781.0,8000,1.184999942779541,4.739999771118164
dedup,VNI,2591.0,8000,0.9950000047683716,8.1850004196167
dedup,VNL,2352.0,8000,0.9150000214576721,3.6600000858306885
dedup,VNN,7417.0,8000,8.15999984741211,0.0
dedup,VNQ,2568.0,8000,1.0,0.0
dedup,VNX,19.0,8000,0.009999999776482582,0.03999999910593033
dedup,VPA,2613.0,8000,0.9950000047683716,0.20000000298023224
dedup,VPF,10.0,8000,0.004999999888241291,0.0
dedup,VPV,2606.0,8000,1.0099999904632568,1.0
dedup,VQE,4.0,8000,0.004999999888241291,3654.570068359375
dedup,VQI,2577.0,8000,1.0,0.0
dedup,VQP,2177.0,8000,0.8700000047683716,3.4800000190734863
dedup,VRD,5031.0,8000,3.8499999046325684,0.0
dedup,VRF,2407.0,8000,0.9449999928474426,0.0
dedup,VRG,56.0,8000,0.009999999776482582,0.03999999910593033
dedup,VRH,3.0,8000,0.004999999888241291,0.019999999552965164
dedup,VRQ,2568.0,8000,0.9900000095367432,0.0
dedup,VSA,4.0,8000,0.004999999888241291,0.019999999552965164
dedup,VSF,3.0,8000,0.004999999888241291,0.0
dedup,VSG,3916.0,8000,2.569999933242798,10.279999732971191
dedup,VSI,116.0,8000,0.05000000074505806,0.20000000298023224
dedup,VSM,2558.0,8000,0.9800000190734863,0.004999999888241291
dedup,VSN,2613.0,8000,0.9900000095367432,3.9600000381469727
dedup,VSP,2551.0,8000,0.9900000095367432,3.9600000381469727
dedup,VSQ,2487.0,8000,1.0099999904632568,0.0
dedup,VSS,2414.0,8000,0.9449999928474426,0.0
dedup,VSV,2624.0,8000,1.024999976158142,8.925000190734863
dedup,VSX,15.0,8000,0.019999999552965164,0.0
dedup,VTI,2591.0,8000,0.9950000047683716,3.9800000190734863
dedup,VTL,2572.0,8000,1.0,4.0
dedup,VTQ,7731.0,8000,8.925000190734863,1.024999976158142
dedup,VTT,2562.0,8000,0.9950000047683716,0.9649999737739563
dedup,VTW,2314.0,8000,0.8700000047683716,3.4800000190734863
dedup,VTX,11.0,8000,0.004999999888241291,0.019999999552965164
dedup,VTY,2617.0,8000,1.0,4.0
dedup,VVF,2616.0,8000,1.0,0.0
dedup,VVI,4851.0,8000,3.505000114440918,0.0
dedup,VVL,2457.0,8000,0.9649999737739563,0.0
dedup,VVN,5070.0,8000,3.865000009536743,0.0
dedup,VVS,21.0,8000,0.019999999552965164,0.009999999776482582
dedup,VVV,2463.0,8000,0.9649999737739563,0.0
dedup,VVX,26.0,8000,0.004999999888241291,0.9900000095367432
dedup,VVY,9.0,8000,0.004999999888241291,0.0
dedup,VXA,6.0,8000,0.004999999888241291,0.019999999552965164
dedup,VXF,4.0,8000,0.004999999888241291,3.0950000286102295
dedup,VXX,194.0,8000,0.07000000029802322,0.0
dedup,VYA,5149.0,8000,3.9649999141693115,15.859999656677246
dedup,VYD,2616.0,8000,0.9950000047683716,3.9800000190734863
dedup,VYF,2276.0,8000,0.8550000190734863,0.0
dedup,VYH,870.0,8000,0.30000001192092896,0.0
dedup,VYI,3.0,8000,0.004999999888241291,0.019999999552965164
dedup,VYS,5078.0,8000,3.875,15.5
dedup,VYT,8.0,8000,0.004999999888241291,0.019999999552965164
dedup,VYX,28.0,8000,0.009999999776482582,0.03999999910593033
dedup,VYY,3846.0,8000,2.5999999046325684,10.399999618530273
dedup,WFH,2306.0,8000,0.8650000095367432,3.4600000381469727
dedup,WFI,1.0,8000,0.004999999888241291,0.019999999552965164
dedup,WFL,23.0,8000,0.004999999888241291,0.019999999552965164
dedup,WFV,2589.0,8000,0.9850000143051147,0.0
dedup,WFX,10.0,8000,0.004999999888241291,0.0
dedup,WIF,2255.0,8000,0.8450000286102295,3.380000114440918
dedup,WIX,34.0,8000,0.019999999552965164,0.0
dedup,WLC,7.0,8000,0.004999999888241291,0.019999999552965164
dedup,WLG,2578.0,8000,0.9900000095367432,0.0
dedup,WMA,1.0,8000,0.004999999888241291,0.019999999552965164
dedup,WME,2314.0,8000,0.8849999904632568,0.0
dedup,WNR,2563.0,8000,0.9950000047683716,0.0
dedup,WNS,2597.0,8000,0.9950000047683716,3.9800000190734863
dedup,WPW,2560.0,8000,0.9800000190734863,1.0
dedup,WPX,38.0,8000,0.014999999664723873,0.0
dedup,WRV,2618.0,8000,1.0,1.0149999856948853
dedup,WTA,2182.0,8000,0.8899999856948853,0.0
dedup,WTE,4.0,8000,0.004999999888241291,0.019999999552965164
dedup,WTF,2563.0,8000,1.0,0.9950000047683716
dedup,WTX,132.0,8000,0.04500000178813934,0.18000000715255737
dedup,WXF,2.0,8000,0.004999999888241291,0.019999999552965164
dedup,WXX,64.0,8000,0.009999999776482582,0.9800000190734863
dedup,WYI,2556.0,8000,0.9800000190734863,0.0
dedup,XAA,27.0,8000,0.014999999664723873,0.9800000190734863
dedup,XAL,47.0,8000,0.009999999776482582,0.9950000047683716
dedup,XAN,4.0,8000,0.004999999888241291,1.0049999952316284
dedup,XAP,9.0,8000,0.004999999888241291,0.019999999552965164
dedup,XAS,35.0,8000,0.014999999664723873,0.0
dedup,XAT,10.0,8000,0.004999999888241291,1.034999966621399
dedup,XAV,56.0,8000,0.019999999552965164,0.07999999821186066
dedup,XAW,4.0,8000,0.004999999888241291,0.019999999552965164
dedup,XAY,17.0,8000,0.009999999776482582,0.03999999910593033
dedup,XCG,8.0,8000,0.004999999888241291,3.859999895095825
dedup,XCN,14.0,8000,0.009999999776482582,0.0
dedup,XCV,10.0,8000,0.004999999888241291,0.0
dedup,XDD,3.0,8000,0.004999999888241291,0.019999999552965164
dedup,XDG,6.0,8000,0.009999999776482582,0.0
dedup,XDI,4.0,8000,0.004999999888241291,0.0
dedup,XDL,18.0,8000,0.004999999888241291,0.0
dedup,XDP,25.0,8000,0.004999999888241291,0.0
dedup,XDS,12.0,8000,0.004999999888241291,0.019999999552965164
dedup,XDV,2.0,8000,0.004999999888241291,0.019999999552965164
dedup,XEK,19.0,8000,0.004999999888241291,0.9900000095367432
dedup,XEL,1.0,8000,0.004999999888241291,0.0
dedup,XES,15.0,8000,0.004999999888241291,0.019999999552965164
dedup,XEV,8.0,8000,0.004999999888241291,0.0
dedup,XEY,3.0,8000,0.004999999888241291,0.0
dedup,XFC,5.0,8000,0.004999999888241291,0.0
dedup,XFD,6.0,8000,0.004999999888241291,0.0
dedup,XFE,14.0,8000,0.004999999888241291,0.019999999552965164
dedup,XFG,10.0,8000,0.02500000037252903,0.11500000208616257
dedup,XFH,6.0,8000,0.004999999888241291,0.0
dedup,XFI,13.0,8000,0.004999999888241291,0.019999999552965164
dedup,XFL,38.0,8000,0.009999999776482582,0.03999999910593033
dedup,XFN,17.0,8000,0.004999999888241291,0.009999999776482582
dedup,XFQ,19.0,8000,0.009999999776482582,0.03999999910593033
dedup,XFV,5.0,8000,0.009999999776482582,0.0
dedup,XGI,27.0,8000,0.009999999776482582,0.0
dedup,XGN,7.0,8000,0.004999999888241291,0.0
dedup,XGT,21.0,8000,0.009999999776482582,0.03999999910593033
dedup,XGV,39.0,8000,0.004999999888241291,0.0
dedup,XGW,13.0,8000,0.004999999888241291,0.019999999552965164
dedup,XGX,17.0,8000,0.004999999888241291,1.024999976158142
dedup,XHA,23.0,8000,0.004999999888241291,0.0
dedup,XHK,24.0,8000,0.004999999888241291,0.8399999737739563
dedup,XIA,13.0,8000,0.009999999776482582,0.0
dedup,XIE,3.0,8000,0.004999999888241291,1.0099999904632568
dedup,XIL,5.0,8000,0.004999999888241291,0.0
dedup,XIP,2.0,8000,0.004999999888241291,0.019999999552965164
dedup,XIS,14.0,8000,0.009999999776482582,0.03999999910593033
dedup,XIV,13.0,8000,0.004999999888241291,0.0
dedup,XIX,21.0,8000,0.004999999888241291,0.0
dedup,XIY,18.0,8000,0.004999999888241291,0.019999999552965164
dedup,XKM,3.0,8000,0.004999999888241291,0.949999988079071
dedup,XKN,25.0,8000,0.014999999664723873,0.05999999865889549
dedup,XKQ,5.0,8000,0.004999999888241291,0.019999999552965164
dedup,XKS,91.0,8000,0.014999999664723873,0.05999999865889549
dedup,XKT,11.0,8000,0.02500000037252903,0.0
dedup,XKV,60.0,8000,0.014999999664723873,0.05999999865889549
dedup,XLA,6.0,8000,0.004999999888241291,0.019999999552965164
dedup,XLD,16.0,8000,0.004999999888241291,0.019999999552965164
dedup,XLE,16.0,8000,0.004999999888241291,0.699999988079071
dedup,XLF,12.0,8000,0.004999999888241291,0.019999999552965164
dedup,XLG,9.0,8000,0.009999999776482582,0.004999999888241291
dedup,XLH,66.0,8000,0.02500000037252903,0.10000000149011612
dedup,XLI,25.0,8000,0.004999999888241291,0.019999999552965164
dedup,XLK,22.0,8000,0.02500000037252903,0.10000000149011612
dedup,XLP,15.0,8000,0.004999999888241291,0.019999999552965164
dedup,XLQ,52.0,8000,0.014999999664723873,2.994999885559082
dedup,XLS,12.0,8000,0.004999999888241291,0.0
dedup,XMQ,2.0,8000,0.004999999888241291,0.029999999329447746
dedup,XMT,2.0,8000,0.004999999888241291,0.019999999552965164
dedup,XNA,5.0,8000,0.009999999776482582,0.03999999910593033
dedup,XNC,9.0,8000,0.004999999888241291,0.019999999552965164
dedup,XND,38.0,8000,0.019999999552965164,0.0
dedup,XNG,12.0,8000,0.004999999888241291,0.019999999552965164
dedup,XNI,19.0,8000,0.009999999776482582,0.03999999910593033
dedup,XNK,17.0,8000,0.009999999776482582,0.03999999910593033
dedup,XNL,29.0,8000,0.004999999888241291,0.0
dedup,XNN,52.0,8000,0.004999999888241291,0.03500000014901161
dedup,XNQ,30.0,8000,0.004999999888241291,0.9300000071525574
dedup,XNS,13.0,8000,0.009999999776482582,0.03999999910593033
dedup,XPA,29.0,8000,0.004999999888241291,0.019999999552965164
dedup,XPE,2.0,8000,0.004999999888241291,0.0
dedup,XPF,28.0,8000,0.014999999664723873,0.0
dedup,XPL,14.0,8000,0.009999999776482582,0.0
dedup,XPR,16.0,8000,0.004999999888241291,0.019999999552965164
dedup,XPT,106.0,8000,0.029999999329447746,0.0
dedup,XQF,25.0,8000,0.004999999888241291,0.0
dedup,XQL,12.0,8000,0.004999999888241291,0.019999999552965164
dedup,XQP,111.0,8000,0.03500000014901161,0.0
dedup,XQS,16.0,8000,0.004999999888241291,0.019999999552965164
dedup,XQT,15.0,8000,0.009999999776482582,0.03999999910593033
dedup,XQX,11.0,8000,0.004999999888241291,0.0
dedup,XRF,182.0,8000,0.05000000074505806,0.23499999940395355
dedup,XRG,6.0,8000,0.004999999888241291,0.0
dedup,XRK,4.0,8000,0.004999999888241291,0.019999999552965164
dedup,XRT,15.0,8000,0.009999999776482582,0.0
dedup,XRV,19.0,8000,0.004999999888241291,0.0
dedup,XSE,19.0,8000,0.004999999888241291,0.0
dedup,XSF,27.0,8000,0.004999999888241291,0.0
dedup,XSG,58.0,8000,0.009999999776482582,0.03999999910593033
dedup,XSK,13.0,8000,0.014999999664723873,0.12999999523162842
dedup,XSN,33.0,8000,0.009999999776482582,0.07000000029802322
dedup,XSQ,9.0,8000,0.004999999888241291,0.019999999552965164
dedup,XSS,11.0,8000,0.009999999776482582,0.03999999910593033
dedup,XST,18.0,8000,0.029999999329447746,0.11999999731779099
dedup,XSV,13.0,8000,0.009999999776482582,0.04500000178813934
dedup,XSW,6.0,8000,0.004999999888241291,3.9200000762939453
dedup,XSX,25.0,8000,0.004999999888241291,0.019999999552965164
dedup,XTA,9.0,8000,0.004999999888241291,0.0
dedup,XTE,38.0,8000,0.014999999664723873,0.0
dedup,XTF,7.0,8000,0.009999999776482582,0.07999999821186066
dedup,XTH,1.0,8000,0.004999999888241291,0.019999999552965164
dedup,XTI,7.0,8000,0.004999999888241291,0.9750000238418579
dedup,XTK,19.0,8000,0.009999999776482582,0.03999999910593033
dedup,XTM,2.0,8000,0.004999999888241291,0.019999999552965164
dedup,XTN,31.0,8000,0.004999999888241291,0.019999999552965164
dedup,XTP,6.0,8000,0.004999999888241291,0.019999999552965164
dedup,XTQ,13.0,8000,0.014999999664723873,0.0
dedup,XTR,18.0,8000,0.004999999888241291,0.0
dedup,XTT,10.0,8000,0.014999999664723873,1.1150000095367432
dedup,XVA,5.0,8000,0.004999999888241291,0.019999999552965164
dedup,XVC,43.0,8000,0.004999999888241291,0.0
dedup,XVK,5.0,8000,0.004999999888241291,1.0399999618530273
dedup,XVN,15.0,8000,0.019999999552965164,0.0
dedup,XVQ,19.0,8000,0.004999999888241291,0.019999999552965164
dedup,XVV,58.0,8000,0.03500000014901161,0.0
dedup,XVX,23.0,8000,0.004999999888241291,0.0
dedup,XVY,146.0,8000,0.05999999865889549,0.0
dedup,XWM,11.0,8000,0.009999999776482582,0.9950000047683716
dedup,XXA,186.0,8000,0.07999999821186066,0.9649999737739563
dedup,XXC,92.0,8000,0.014999999664723873,0.24500000476837158
dedup,XXD,95.0,8000,0.02500000037252903,0.0
dedup,XXE,79.0,8000,0.03500000014901161,0.0
dedup,XXF,142.0,8000,0.03500000014901161,0.14000000059604645
dedup,XXG,148.0,8000,0.03500000014901161,0.15000000596046448
dedup,XXH,55.0,8000,0.004999999888241291,0.9850000143051147
dedup,XXI,109.0,8000,0.029999999329447746,0.0
dedup,XXK,200.0,8000,0.05000000074505806,0.20000000298023224
dedup,XXL,247.0,8000,0.14000000059604645,0.0
dedup,XXM,9.0,8000,0.019999999552965164,0.0
dedup,XXN,238.0,8000,0.07500000298023224,0.9649999737739563
dedup,XXP,211.0,8000,0.07000000029802322,0.2800000011920929
dedup,XXQ,180.0,8000,0.07000000029802322,0.2800000011920929
dedup,XXR,220.0,8000,0.05000000074505806,1.399999976158142
dedup,XXS,224.0,8000,0.11999999731779099,1.7450000047683716
dedup,XXT,202.0,8000,0.16500000655651093,0.6600000262260437
dedup,XXV,275.0,8000,0.0949999988079071,0.0
dedup,XXW,17.0,8000,0.004999999888241291,0.0
dedup,XXX,118795.0,8000,3654.550048828125,0.004999999888241291
dedup,XXY,415.0,8000,0.125,0.5
dedup,XYF,8.0,8000,0.004999999888241291,0.0
dedup,XYG,9.0,8000,0.004999999888241291,0.019999999552965164
dedup,XYH,72.0,8000,0.009999999776482582,0.0
dedup,XYI,41.0,8000,0.014999999664723873,0.0
dedup,XYN,45.0,8000,0.014999999664723873,0.05999999865889549
dedup,XYR,14.0,8000,0.004999999888241291,0.0
dedup,XYV,11.0,8000,0.004999999888241291,0.019999999552965164
dedup,XYY,216.0,8000,0.08500000089406967,0.3400000035762787
dedup,YAD,2565.0,8000,0.9900000095367432,3.9600000381469727
dedup,YAW,2584.0,8000,0.9950000047683716,0.0
dedup,YDP,2587.0,8000,0.9800000190734863,3.9200000762939453
dedup,YDX,30.0,8000,0.014999999664723873,0.0
dedup,YEC,2589.0,8000,0.9950000047683716,1.0
dedup,YEN,2565.0,8000,1.0,4.0
dedup,YEP,2616.0,8000,0.9950000047683716,0.0
dedup,YEQ,2598.0,8000,0.9950000047683716,0.0
dedup,YEV,2.0,8000,0.004999999888241291,0.019999999552965164
dedup,YEX,4.0,8000,0.004999999888241291,0.019999999552965164
dedup,YFA,2274.0,8000,0.8550000190734863,0.0
dedup,YFK,5102.0,8000,3.9100000858306885,0.0
dedup,YFN,1.0,8000,0.004999999888241291,0.0
dedup,YFP,2456.0,8000,0.9649999737739563,0.0
dedup,YGD,2571.0,8000,1.0,1.0
dedup,YGF,2465.0,8000,0.9800000190734863,3.9200000762939453
dedup,YGL,2.0,8000,0.004999999888241291,0.0
dedup,YGS,2569.0,8000,0.9950000047683716,3.9800000190734863
dedup,YGV,3631.0,8000,2.059999942779541,8.239999771118164
dedup,YHK,2455.0,8000,0.9399999976158142,0.0
dedup,YHL,2609.0,8000,1.0,4.0
dedup,YHT,13.0,8000,0.009999999776482582,0.0
dedup,YIC,2564.0,8000,0.9950000047683716,3.9800000190734863
dedup,YIK,2601.0,8000,0.9950000047683716,3.9800000190734863
dedup,YIW,2595.0,8000,0.9950000047683716,0.0
dedup,YKL,2606.0,8000,1.0,0.0
dedup,YKN,2.0,8000,0.004999999888241291,0.019999999552965164
dedup,YKT,2554.0,8000,1.0099999904632568,0.0
dedup,YLE,1.0,8000,0.004999999888241291,0.0
dedup,YLQ,2154.0,8000,0.8949999809265137,0.9950000047683716
dedup,YLT,2553.0,8000,0.9850000143051147,0.0
dedup,YLY,1682.0,8000,0.6349999904632568,2.5399999618530273
dedup,YNE,2174.0,8000,0.8899999856948853,3.559999942779541
dedup,YNQ,1.0,8000,0.004999999888241291,0.019999999552965164
dedup,YNS,2555.0,8000,0.9900000095367432,3.9600000381469727
dedup,YNT,8.0,8000,0.004999999888241291,0.0
dedup,YNX,15.0,8000,0.004999999888241291,0.019999999552965164
dedup,YNY,5073.0,8000,3.924999952316284,0.0
dedup,YPD,2525.0,8000,0.9800000190734863,3.9200000762939453
dedup,YPF,89.0,8000,0.04500000178813934,0.0
dedup,YPX,5.0,8000,0.004999999888241291,0.019999999552965164
dedup,YQA,2455.0,8000,0.9599999785423279,3.8399999141693115
dedup,YQD,5.0,8000,0.004999999888241291,0.0
dedup,YQG,2600.0,8000,0.9850000143051147,3.940000057220459
dedup,YQP,2460.0,8000,0.9599999785423279,3.865000009536743
dedup,YQT,4756.0,8000,3.5350000858306885,14.140000343322754
dedup,YQX,15.0,8000,0.009999999776482582,0.014999999664723873
dedup,YRF,2572.0,8000,1.0,0.0
dedup,YRL,2462.0,8000,0.9700000286102295,1.0149999856948853
dedup,YRV,2470.0,8000,0.9599999785423279,0.0
dedup,YRY,779.0,8000,0.33500000834465027,0.0
dedup,YSK,2492.0,8000,0.9800000190734863,0.0
dedup,YSN,2578.0,8000,0.9950000047683716,0.0
dedup,YSP,7.0,8000,0.004999999888241291,0.019999999552965164
dedup,YSS,2467.0,8000,0.949999988079071,3.799999952316284
dedup,YST,2627.0,8000,1.0,4.0
dedup,YSV,2556.0,8000,0.9950000047683716,0.0
dedup,YTM,2577.0,8000,1.0,0.0
dedup,YTN,2512.0,8000,0.9850000143051147,3.940000057220459
dedup,YTS,2565.0,8000,1.0,0.0
dedup,YTX,2615.0,8000,1.0099999904632568,0.0
dedup,YVF,1.0,8000,0.004999999888241291,0.9950000047683716
dedup,YVG,2170.0,8000,0.8949999809265137,3.5799999237060547
dedup,YVN,93.0,8000,0.03500000014901161,0.14000000059604645
dedup,YVP,2616.0,8000,1.0,4.074999809265137
dedup,YVS,2479.0,8000,0.9649999737739563,3.859999895095825
dedup,YVT,2573.0,8000,1.0,8.975000381469727
dedup,YVX,12.0,8000,0.004999999888241291,0.0
dedup,YXT,8.0,8000,0.009999999776482582,0.03999999910593033
dedup,YXX,133.0,8000,0.03500000014901161,0.14000000059604645
dedup,YXY,3.0,8000,0.004999999888241291,0.019999999552965164
dedup,YYH,1514.0,8000,0.6299999952316284,2.5199999809265137
dedup,YYK,2.0,8000,0.004999999888241291,0.019999999552965164
dedup,YYP,2531.0,8000,0.9850000143051147,3.940000057220459
dedup,YYV,2170.0,8000,0.8999999761581421,0.0
raw,AAA,6443.0,8000,0.925000011920929,0.0
raw,AAE,6933.0,8000,1.0,0.0
raw,AAI,196.0,8000,0.019999999552965164,0.07999999821186066
raw,AAL,6917.0,8000,0.9950000047683716,0.0
raw,AAR,6920.0,8000,0.9950000047683716,0.0
raw,AAT,6748.0,8000,0.9750000238418579,0.0
raw,AAX,23.0,8000,0.004999999888241291,0.019999999552965164
raw,AAY,6464.0,8000,0.9350000023841858,3.740000009536743
raw,ADA,6919.0,8000,1.0,8.975000381469727
raw,ADQ,6982.0,8000,1.0,0.9850000143051147
raw,ADS,6935.0,8000,0.9850000143051147,0.0
raw,ADT,3598.0,8000,0.5099999904632568,0.0
raw,ADX,6.0,8000,0.004999999888241291,0.019999999552965164
raw,ADY,13871.0,8000,3.9800000190734863,15.885000228881836
raw,AEH,6741.0,8000,0.9800000190734863,0.0
raw,AEI,6936.0,8000,1.0,0.0
raw,AEN,6729.0,8000,0.9850000143051147,3.940000057220459
raw,AEV,6934.0,8000,1.0,0.0
raw,AEY,205.0,8000,0.019999999552965164,0.0
raw,AGA,13348.0,8000,3.744999885559082,0.0
raw,AGC,6969.0,8000,0.9950000047683716,0.0
raw,AGF,6920.0,8000,0.9950000047683716,0.0
raw,AGI,6967.0,8000,0.9900000095367432,0.0
raw,AGL,6967.0,8000,1.0,0.9850000143051147
raw,AGN,151.0,8000,0.009999999776482582,0.0
raw,AGS,6670.0,8000,0.9900000095367432,0.0
raw,AGT,6910.0,8000,1.0,0.0
raw,AGX,47.0,8000,0.004999999888241291,0.0
raw,AHF,6979.0,8000,0.9900000095367432,0.0
raw,AIC,6992.0,8000,1.0,4.0
raw,AIG,6911.0,8000,1.0,0.0
raw,AIH,10132.0,8000,2.244999885559082,0.0
raw,AIK,194.0,8000,0.019999999552965164,0.0
raw,AIL,12.0,8000,0.004999999888241291,0.004999999888241291
raw,AIP,6924.0,8000,1.0,1.0
raw,AIS,10216.0,8000,2.4100000858306885,0.0
raw,AIV,6954.0,8000,0.9900000095367432,0.0
raw,AIX,49.0,8000,0.009999999776482582,0.03999999910593033
raw,AKN,6840.0,8000,0.9950000047683716,0.0
raw,AKT,59.0,8000,0.019999999552965164,0.0
raw,ALD,6467.0,8000,0.9300000071525574,8.975000381469727
raw,ALE,6413.0,8000,0.875,0.0
raw,ALG,6920.0,8000,1.0,4.0
raw,ALH,6779.0,8000,0.9549999833106995,0.0
raw,ALL,6926.0,8000,1.0,0.0
raw,ALN,6948.0,8000,1.0,0.0
raw,ALQ,6919.0,8000,0.9950000047683716,0.0
raw,ALT,6922.0,8000,1.0,8.625
raw,AMQ,6914.0,8000,0.9950000047683716,0.0
raw,ANL,6932.0,8000,0.9950000047683716,0.0
raw,ANN,6958.0,8000,0.9750000238418579,3.9000000953674316
raw,ANP,82.0,8000,0.014999999664723873,0.9300000071525574
raw,ANQ,6908.0,8000,0.9900000095367432,3.9600000381469727
raw,APA,13763.0,8000,3.934999942779541,0.0
raw,APG,6929.0,8000,0.9900000095367432,0.0
raw,APH,6990.0,8000,1.0,3.9700000286102295
raw,AQA,6923.0,8000,0.9950000047683716,8.649999618530273
raw,AQE,6967.0,8000,0.9850000143051147,1.0
raw,AQK,6944.0,8000,1.0,0.0
raw,AQV,6914.0,8000,0.9950000047683716,3.9800000190734863
raw,AQX,16.0,8000,0.009999999776482582,0.0
raw,AQY,6915.0,8000,1.0,4.0
raw,ARD,6933.0,8000,1.0,0.0
raw,ARL,3352.0,8000,0.49000000953674316,1.9600000381469727
raw,ARS,6930.0,8000,1.0,4.0
raw,ASA,13836.0,8000,3.9700000286102295,15.880000114440918
raw,ASE,1.0,8000,0.004999999888241291,0.0
raw,ASF,7131.0,8000,1.0499999523162842,4.199999809265137
raw,ASI,806.0,8000,0.07000000029802322,0.0
raw,ASQ,6894.0,8000,0.9900000095367432,1.0
raw,AST,5722.0,8000,0.8349999785423279,3.3399999141693115
raw,ASV,13700.0,8000,3.880000114440918,0.0
raw,ASX,11.0,8000,0.004999999888241291,0.0
raw,ASY,6970.0,8000,0.9950000047683716,0.0
raw,ATK,6753.0,8000,0.9750000238418579,0.0
raw,ATN,6467.0,8000,0.8999999761581421,3.5999999046325684
raw,ATR,6939.0,8000,0.9900000095367432,3.9600000381469727
raw,ATV,6809.0,8000,0.9850000143051147,0.0
raw,AVD,6497.0,8000,0.9399999976158142,3.700000047683716
raw,AVE,6902.0,8000,1.0,0.0
raw,AVL,6984.0,8000,0.9950000047683716,3.9800000190734863
raw,AVR,6984.0,8000,1.0,4.0
raw,AVX,15.0,8000,0.004999999888241291,0.0
raw,AWN,13916.0,8000,3.9700000286102295,8.920000076293945
raw,AXF,5.0,8000,0.004999999888241291,0.019999999552965164
raw,AXK,4.0,8000,0.004999999888241291,0.019999999552965164
raw,AXL,4.0,8000,0.004999999888241291,0.004999999888241291
raw,AXX,183.0,8000,0.05999999865889549,0.0
raw,AYR,6925.0,8000,1.0,4.0
raw,AYS,6924.0,8000,1.0,4.0
raw,AYT,13788.0,8000,3.9549999237060547,0.0
raw,AYY,6470.0,8000,0.9399999976158142,1.2699999809265137
raw,CAL,6466.0,8000,0.9300000071525574,0.9950000047683716
raw,CAQ,6946.0,8000,1.0,4.0
raw,CAS,6969.0,8000,0.9900000095367432,3.9600000381469727
raw,CCK,6986.0,8000,1.0,4.0
raw,CCM,6951.0,8000,1.0,0.009999999776482582
raw,CCS,13931.0,8000,4.0,0.0
raw,CDI,6972.0,8000,1.0,0.0
raw,CDV,6991.0,8000,0.9950000047683716,3.9800000190734863
raw,CEF,6465.0,8000,0.8899999856948853,3.559999942779541
raw,CFI,10.0,8000,0.004999999888241291,0.019999999552965164
raw,CFT,6933.0,8000,0.9900000095367432,3.9600000381469727
raw,CGD,6919.0,8000,1.0,4.0
raw,CGK,6979.0,8000,1.0,0.0
raw,CGP,6886.0,8000,0.9900000095367432,0.009999999776482582
raw,CGS,6974.0,8000,1.0,0.9950000047683716
raw,CHD,6987.0,8000,0.9950000047683716,8.960000038146973
raw,CKF,6987.0,8000,1.0,4.0
raw,CLG,6931.0,8000,1.0,8.949999809265137
raw,CLI,6974.0,8000,1.0,0.0
raw,CLK,6973.0,8000,1.0,0.0
raw,CME,170.0,8000,0.03999999910593033,0.9950000047683716
raw,CMI,3.0,8000,0.004999999888241291,0.0
raw,CMT,6951.0,8000,0.9950000047683716,0.0
raw,CND,6228.0,8000,0.8500000238418579,3.4000000953674316
raw,CNG,6814.0,8000,0.9750000238418579,0.0
raw,CNH,49.0,8000,0.009999999776482582,0.03999999910593033
raw,CNX,18.0,8000,0.004999999888241291,0.019999999552965164
raw,CNY,205.0,8000,0.029999999329447746,0.11999999731779099
raw,CPF,6954.0,8000,0.9950000047683716,0.0
raw,CSC,13952.0,8000,4.0,16.0
raw,CSF,6982.0,8000,0.9950000047683716,3.9800000190734863
raw,CSN,6921.0,8000,0.9950000047683716,3.9800000190734863
raw,CSX,8.0,8000,0.004999999888241291,0.019999999552965164
raw,CTE,6981.0,8000,0.9950000047683716,0.0
raw,CTF,6831.0,8000,0.9599999785423279,3.805000066757202
raw,CTL,6453.0,8000,0.925000011920929,0.004999999888241291
raw,CTM,6904.0,8000,0.9900000095367432,3.9600000381469727
raw,CTQ,6918.0,8000,0.9950000047683716,0.0
raw,CTV,10.0,8000,0.004999999888241291,0.0
raw,CVA,6917.0,8000,0.9950000047683716,0.004999999888241291
raw,CVI,6967.0,8000,0.9950000047683716,0.0
raw,CVL,6944.0,8000,1.0,0.9950000047683716
raw,CVN,13865.0,8000,3.9549999237060547,0.0
raw,CVS,13.0,8000,0.004999999888241291,0.019999999552965164
raw,CVX,10.0,8000,0.004999999888241291,0.925000011920929
raw,CXF,5.0,8000,0.004999999888241291,0.0
raw,CXX,57.0,8000,0.009999999776482582,0.03999999910593033
raw,CYF,6801.0,8000,0.9800000190734863,3.9200000762939453
raw,CYG,6923.0,8000,0.9900000095367432,0.0
raw,DAG,6914.0,8000,0.9950000047683716,0.0
raw,DAV,13434.0,8000,3.7899999618530273,15.15999984741211
raw,DAX,12.0,8000,0.004999999888241291,1.034999966621399
raw,DCA,6468.0,8000,0.9300000071525574,15.145000457763672
raw,DCL,6926.0,8000,1.0,4.0
raw,DCT,6913.0,8000,0.9950000047683716,0.0
raw,DDF,6968.0,8000,1.0,4.0
raw,DDH,3.0,8000,0.004999999888241291,0.019999999552965164
raw,DDI,14.0,8000,0.004999999888241291,0.9900000095367432
raw,DDS,6971.0,8000,0.9950000047683716,3.9800000190734863
raw,DDT,3349.0,8000,0.48500001430511475,0.0
raw,DED,6972.0,8000,0.9950000047683716,3.9800000190734863
raw,DEM,6923.0,8000,1.0,4.0
raw,DEV,6936.0,8000,0.9850000143051147,3.940000057220459
raw,DFC,6977.0,8000,0.9950000047683716,0.0
raw,DFG,6913.0,8000,1.0,4.0
raw,DFT,6972.0,8000,1.0,0.9950000047683716
raw,DGK,6983.0,8000,0.9950000047683716,0.0
raw,DGV,6515.0,8000,0.9049999713897705,3.619999885559082
raw,DGY,6842.0,8000,0.9800000190734863,3.9200000762939453
raw,DHD,3.0,8000,0.004999999888241291,0.019999999552965164
raw,DIA,10527.0,8000,2.515000104904175,9.954999923706055
raw,DID,3364.0,8000,0.4950000047683716,0.014999999664723873
raw,DIL,6943.0,8000,1.024999976158142,0.0
raw,DIP,6973.0,8000,1.0,3.9700000286102295
raw,DIS,13797.0,8000,3.950000047683716,0.0
raw,DIT,7003.0,8000,1.0149999856948853,0.0
raw,DIX,20.0,8000,0.004999999888241291,0.019999999552965164
raw,DKN,6910.0,8000,1.0,0.0
raw,DKV,13813.0,8000,3.940000057220459,0.0
raw,DKY,6986.0,8000,1.0,0.0
raw,DLC,6930.0,8000,0.9900000095367432,0.0
raw,DLE,6831.0,8000,0.9599999785423279,3.8399999141693115
raw,DLF,6649.0,8000,0.9300000071525574,0.0
raw,DLG,6966.0,8000,1.0,4.0
raw,DLI,6941.0,8000,1.0,0.0
raw,DLL,6931.0,8000,1.0,0.0
raw,DLP,13598.0,8000,3.8350000381469727,15.34000015258789
raw,DLQ,6964.0,8000,1.0,0.0
raw,DLX,11.0,8000,0.004999999888241291,1.0
raw,DNP,6431.0,8000,0.8899999856948853,3.559999942779541
raw,DNT,3610.0,8000,0.5099999904632568,0.0
raw,DPF,6259.0,8000,0.8550000190734863,3.4200000762939453
raw,DPL,13421.0,8000,3.755000114440918,0.0
raw,DPQ,6981.0,8000,1.0,0.004999999888241291
raw,DPS,6908.0,8000,0.9950000047683716,0.0
raw,DQL,6983.0,8000,1.0,4.0
raw,DRL,13877.0,8000,3.984999895095825,24.309999465942383
raw,DSE,6974.0,8000,1.0,0.0
raw,DSF,13933.0,8000,3.9549999237060547,15.819999694824219
raw,DSI,7.0,8000,0.004999999888241291,0.0
raw,DSK,13350.0,8000,3.6500000953674316,14.600000381469727
raw,DSL,6887.0,8000,1.0,4.0
raw,DSS,6615.0,8000,0.9549999833106995,0.0
raw,DST,6920.0,8000,1.0,0.0
raw,DSX,210.0,8000,0.02500000037252903,3.799999952316284
raw,DTT,6956.0,8000,0.9950000047683716,0.0
raw,DVD,6968.0,8000,0.9950000047683716,0.0
raw,DVN,7.0,8000,0.004999999888241291,0.019999999552965164
raw,DVV,12363.0,8000,3.4549999237060547,0.004999999888241291
raw,DVY,897.0,8000,0.06499999761581421,0.25999999046325684
raw,DXF,5.0,8000,0.019999999552965164,0.07999999821186066
raw,DXK,5.0,8000,0.004999999888241291,0.004999999888241291
raw,DXL,50.0,8000,0.014999999664723873,0.0
raw,DXX,116.0,8000,0.009999999776482582,1.0
raw,DYN,6959.0,8000,0.9950000047683716,0.0
raw,DYS,6925.0,8000,0.9950000047683716,3.9800000190734863
raw,EAE,6933.0,8000,1.0,0.0
raw,ECD,6961.0,8000,1.0,0.0
raw,ECS,6927.0,8000,1.0,0.0
raw,ECV,6943.0,8000,1.0,4.0
raw,EDD,6968.0,8000,0.9950000047683716,3.9800000190734863
raw,EDL,6926.0,8000,1.0,0.0
raw,EEL,6991.0,8000,1.0,8.625
raw,EFL,2.0,8000,0.004999999888241291,1.034999966621399
raw,EFQ,6465.0,8000,0.8899999856948853,3.559999942779541
raw,EFR,5358.0,8000,0.8149999976158142,0.0
raw,EFV,6832.0,8000,0.9549999833106995,0.9950000047683716
raw,EGF,6412.0,8000,0.9350000023841858,0.0
raw,EGK,6821.0,8000,0.9649999737739563,0.0
raw,EGV,6986.0,8000,0.9900000095367432,0.0
raw,EHV,6751.0,8000,0.9800000190734863,3.9700000286102295
raw,EID,6957.0,8000,0.9950000047683716,0.9599999785423279
raw,EIL,13892.0,8000,3.9549999237060547,0.0
raw,EIR,6935.0,8000,1.0,4.0
raw,EIY,6813.0,8000,0.9750000238418579,0.0
raw,EKF,125.0,8000,0.019999999552965164,0.0
raw,EKG,6449.0,8000,0.925000011920929,0.0
raw,EKN,6968.0,8000,0.9800000190734863,0.0
raw,EKS,6421.0,8000,0.8949999809265137,3.630000114440918
raw,EKX,16.0,8000,0.004999999888241291,0.0
raw,ELD,13973.0,8000,4.0,0.0
raw,ELG,6967.0,8000,1.0,4.0
raw,ELL,6795.0,8000,0.9850000143051147,0.0
raw,ELR,5.0,8000,0.004999999888241291,0.0
raw,EMI,6917.0,8000,1.0,0.0
raw,ENG,6467.0,8000,0.925000011920929,3.700000047683716
raw,ENQ,6920.0,8000,1.0,4.0
raw,ENS,6906.0,8000,1.0,0.004999999888241291
raw,ENX,14.0,8000,0.004999999888241291,0.019999999552965164
raw,EPL,6894.0,8000,0.9800000190734863,0.0
raw,EPQ,6988.0,8000,0.9950000047683716,0.0
raw,EPV,6923.0,8000,0.9850000143051147,3.940000057220459
raw,EQD,6912.0,8000,1.0,0.0
raw,EQY,6972.0,8000,0.9950000047683716,8.1850004196167
raw,ERD,6816.0,8000,0.9750000238418579,3.9000000953674316
raw,ERV,3.0,8000,0.004999999888241291,0.019999999552965164
raw,ESE,5392.0,8000,0.8199999928474426,1.0
raw,ESG,1382.0,8000,0.12999999523162842,0.0
raw,ESI,6727.0,8000,0.9599999785423279,3.8399999141693115
raw,ESL,6968.0,8000,1.0,4.0
raw,ESN,6975.0,8000,1.0,4.0
raw,EST,2.0,8000,0.004999999888241291,0.0
raw,ETK,6472.0,8000,0.9350000023841858,0.0
raw,ETX,22.0,8000,0.004999999888241291,0.02500000037252903
raw,EVA,6964.0,8000,1.0,4.0
raw,EVF,13864.0,8000,3.9649999141693115,15.859999656677246
raw,EVP,6985.0,8000,1.0,4.0
raw,EVQ,6931.0,8000,1.0,4.0
raw,EVR,6937.0,8000,0.9900000095367432,0.0
raw,EXX,104.0,8000,0.10000000149011612,0.4000000059604645
raw,EYV,7045.0,8000,1.0199999809265137,0.0
raw,FAI,25.0,8000,0.004999999888241291,0.019999999552965164
raw,FAM,6914.0,8000,0.9950000047683716,3.9800000190734863
raw,FAN,83.0,8000,0.014999999664723873,0.4950000047683716
raw,FAQ,6915.0,8000,0.9950000047683716,0.0
raw,FAS,13441.0,8000,3.684999942779541,14.739999771118164
raw,FCG,6980.0,8000,1.0,4.0
raw,FCN,6483.0,8000,0.8849999904632568,3.5399999618530273
raw,FCT,6918.0,8000,0.9950000047683716,1.0099999904632568
raw,FDD,6.0,8000,0.004999999888241291,0.0
raw,FDE,6982.0,8000,0.9950000047683716,3.9800000190734863
raw,FDN,6431.0,8000,0.8899999856948853,3.559999942779541
raw,FEL,6797.0,8000,0.9800000190734863,0.019999999552965164
raw,FER,6817.0,8000,0.9750000238418579,3.9000000953674316
raw,FEX,12.0,8000,0.004999999888241291,0.019999999552965164
raw,FEY,6838.0,8000,0.9549999833106995,0.0
raw,FFH,5.0,8000,0.004999999888241291,0.019999999552965164
raw,FFM,15.0,8000,0.004999999888241291,0.019999999552965164
raw,FFS,6593.0,8000,0.9300000071525574,0.0
raw,FFV,268.0,8000,0.04500000178813934,0.004999999888241291
raw,FGA,13852.0,8000,4.0,16.0
raw,FGE,6956.0,8000,0.9900000095367432,3.9600000381469727
raw,FGG,13900.0,8000,4.0,0.0
raw,FGR,6976.0,8000,1.0,4.0
raw,FGT,6495.0,8000,0.8899999856948853,0.0
raw,FGX,2.0,8000,0.004999999888241291,0.019999999552965164
raw,FHA,6535.0,8000,0.8999999761581421,0.0
raw,FHV,18.0,8000,0.009999999776482582,0.0
raw,FHX,4.0,8000,0.009999999776482582,0.0
raw,FIA,6970.0,8000,1.0,0.0
raw,FIE,6925.0,8000,1.0,0.0
raw,FIK,6930.0,8000,1.0,0.0
raw,FKC,6924.0,8000,0.9900000095367432,3.9600000381469727
raw,FKE,6990.0,8000,1.0,4.0
raw,FKI,6851.0,8000,0.9800000190734863,3.9200000762939453
raw,FKN,20664.0,8000,8.710000038146973,0.0
raw,FLD,893.0,8000,0.06499999761581421,0.0
raw,FLF,4.0,8000,0.004999999888241291,0.019999999552965164
raw,FLG,5504.0,8000,0.8199999928474426,1.409999966621399
raw,FLH,6988.0,8000,0.9950000047683716,4.03000020980835
raw,FLL,6474.0,8000,0.9350000023841858,3.740000009536743
raw,FLM,6812.0,8000,0.9599999785423279,0.0
raw,FLP,13611.0,8000,3.799999952316284,0.02500000037252903
raw,FLV,6616.0,8000,0.9399999976158142,0.0
raw,FLX,166.0,8000,0.014999999664723873,0.05999999865889549
raw,FMD,15.0,8000,0.004999999888241291,1.0
raw,FNA,6944.0,8000,0.9900000095367432,3.9600000381469727
raw,FNC,6819.0,8000,0.9750000238418579,0.0
raw,FND,6516.0,8000,0.9049999713897705,3.619999885559082
raw,FNF,13884.0,8000,3.984999895095825,0.0
raw,FNG,20850.0,8000,9.0,36.0
raw,FNI,129.0,8000,0.019999999552965164,0.0
raw,FNK,6931.0,8000,1.0,0.0
raw,FNS,6905.0,8000,0.9950000047683716,1.0700000524520874
raw,FNX,18.0,8000,0.004999999888241291,0.019999999552965164
raw,FPL,6804.0,8000,0.9800000190734863,0.9950000047683716
raw,FPN,6942.0,8000,0.9950000047683716,3.9800000190734863
raw,FPQ,6992.0,8000,0.9950000047683716,3.9800000190734863
raw,FPR,6983.0,8000,0.9900000095367432,3.9600000381469727
raw,FQF,6462.0,8000,0.8799999952316284,0.02500000037252903
raw,FQI,3.0,8000,0.004999999888241291,0.019999999552965164
raw,FQP,6818.0,8000,0.9950000047683716,1.0099999904632568
raw,FQQ,6979.0,8000,0.9950000047683716,0.0
raw,FQT,13856.0,8000,3.880000114440918,15.520000457763672
raw,FQX,13.0,8000,0.019999999552965164,1.0
raw,FRK,6821.0,8000,0.9800000190734863,3.9200000762939453
raw,FRS,6945.0,8000,0.9950000047683716,0.0
raw,FRV,11807.0,8000,3.244999885559082,0.0
raw,FRX,26.0,8000,0.004999999888241291,0.0
raw,FSA,6390.0,8000,0.875,0.0
raw,FSN,6570.0,8000,0.9200000166893005,3.680000066757202
raw,FSQ,6932.0,8000,0.9950000047683716,0.0
raw,FST,6935.0,8000,0.9900000095367432,4.230000019073486
raw,FSV,433.0,8000,0.08500000089406967,0.3400000035762787
raw,FSX,35.0,8000,0.014999999664723873,0.05999999865889549
raw,FTG,6970.0,8000,1.0,0.0
raw,FTI,6907.0,8000,1.0,0.0
raw,FTN,7124.0,8000,1.0499999523162842,1.465000033378601
raw,FTR,6877.0,8000,0.9900000095367432,1.059999942779541
raw,FTT,7195.0,8000,1.0549999475479126,0.0
raw,FTV,6437.0,8000,0.9300000071525574,3.7200000286102295
raw,FTX,15.0,8000,0.004999999888241291,0.019999999552965164
raw,FVF,13719.0,8000,3.819999933242798,0.0
raw,FVI,6936.0,8000,0.9900000095367432,3.9600000381469727
raw,FVL,266.0,8000,0.04500000178813934,0.18000000715255737
raw,FVN,203.0,8000,0.019999999552965164,0.0
raw,FVS,13973.0,8000,3.9700000286102295,0.0
raw,FVT,6957.0,8000,0.9950000047683716,3.9800000190734863
raw,FXX,162.0,8000,0.019999999552965164,0.004999999888241291
raw,FYE,6990.0,8000,0.9950000047683716,3.9800000190734863
raw,FYY,9.0,8000,0.004999999888241291,0.019999999552965164
raw,GAA,13356.0,8000,3.7300000190734863,14.904999732971191
raw,GAE,13678.0,8000,3.9549999237060547,15.819999694824219
raw,GAG,13892.0,8000,3.9700000286102295,0.0
raw,GAI,6934.0,8000,1.0,0.0
raw,GAX,12.0,8000,0.004999999888241291,0.0
raw,GCC,6963.0,8000,1.0,4.0
raw,GCL,6972.0,8000,1.0,4.0
raw,GCV,6971.0,8000,1.0,0.0
raw,GDC,6926.0,8000,1.0,4.0
raw,GDE,6935.0,8000,0.9850000143051147,3.940000057220459
raw,GDI,13896.0,8000,4.0,16.0
raw,GDS,13719.0,8000,3.940000057220459,0.0
raw,GEV,6958.0,8000,0.9900000095367432,8.920000076293945
raw,GFI,13867.0,8000,3.9700000286102295,0.0
raw,GFN,13725.0,8000,3.924999952316284,15.699999809265137
raw,GFQ,6814.0,8000,0.9850000143051147,0.0
raw,GFS,6831.0,8000,0.9649999737739563,0.0
raw,GGF,6920.0,8000,1.0,0.0
raw,GGN,6809.0,8000,0.9850000143051147,3.940000057220459
raw,GGS,110.0,8000,0.004999999888241291,0.019999999552965164
raw,GGV,6981.0,8000,1.0,4.0
raw,GIA,6865.0,8000,0.9950000047683716,0.0
raw,GIC,6967.0,8000,0.9900000095367432,3.9600000381469727
raw,GIG,6924.0,8000,1.0,4.0
raw,GIN,13815.0,8000,3.8949999809265137,15.579999923706055
raw,GIV,6989.0,8000,0.9950000047683716,0.0
raw,GIY,6471.0,8000,0.9300000071525574,3.744999885559082
raw,GKA,6978.0,8000,0.9950000047683716,3.9800000190734863
raw,GKG,6978.0,8000,1.0,4.0
raw,GKI,13590.0,8000,3.8949999809265137,0.0
raw,GKL,6919.0,8000,1.0,4.0
raw,GKQ,6819.0,8000,0.9649999737739563,0.0
raw,GKY,6971.0,8000,1.0,8.949999809265137
raw,GLI,6987.0,8000,1.0149999856948853,4.059999942779541
raw,GLP,79.0,8000,0.009999999776482582,0.03999999910593033
raw,GLT,13924.0,8000,3.984999895095825,0.0
raw,GNC,6974.0,8000,0.9950000047683716,3.9800000190734863
raw,GNF,6837.0,8000,0.9700000286102295,0.054999999701976776
raw,GNI,81.0,8000,0.009999999776482582,0.0
raw,GNT,152.0,8000,0.009999999776482582,0.03999999910593033
raw,GNY,6806.0,8000,0.9850000143051147,0.019999999552965164
raw,GPK,6884.0,8000,0.9900000095367432,0.0
raw,GQS,6981.0,8000,1.0,1.0
raw,GQT,6932.0,8000,0.9900000095367432,0.0
raw,GRD,6979.0,8000,1.0,4.0
raw,GRL,6933.0,8000,1.0,0.004999999888241291
raw,GSA,18.0,8000,0.009999999776482582,0.03999999910593033
raw,GSC,6975.0,8000,1.0,0.17499999701976776
raw,GSF,6921.0,8000,0.9950000047683716,0.0
raw,GSK,1594.0,8000,0.19499999284744263,0.7799999713897705
raw,GSN,6981.0,8000,0.9950000047683716,0.0
raw,GSS,110.0,8000,0.004999999888241291,0.019999999552965164
raw,GST,5061.0,8000,0.7699999809265137,0.0
raw,GTG,6976.0,8000,1.0,0.0
raw,GTH,6981.0,8000,0.9900000095367432,3.9600000381469727
raw,GTI,13573.0,8000,3.865000009536743,4.045000076293945
raw,GTK,6499.0,8000,0.8999999761581421,3.5999999046325684
raw,GTN,13529.0,8000,3.700000047683716,14.800000190734863
raw,GTT,6506.0,8000,0.9049999713897705,3.619999885559082
raw,GVE,6613.0,8000,0.9599999785423279,0.9700000286102295
raw,GVF,6986.0,8000,0.9900000095367432,3.9600000381469727
raw,GVG,6810.0,8000,0.9750000238418579,0.0
raw,GVK,7369.0,8000,1.1050000190734863,0.0
raw,GVL,6977.0,8000,1.0,4.0
raw,GVN,6972.0,8000,0.9900000095367432,3.9600000381469727
raw,GVS,13907.0,8000,3.9700000286102295,0.0
raw,GVT,6923.0,8000,1.0,1.0
raw,GVV,6988.0,8000,0.9950000047683716,3.9800000190734863
raw,GVY,20156.0,8000,8.345000267028809,0.0
raw,GWI,6531.0,8000,0.8999999761581421,0.0
raw,GWT,13541.0,8000,3.8350000381469727,0.0
raw,GWX,60.0,8000,0.014999999664723873,0.0
raw,GXI,8.0,8000,0.004999999888241291,0.0
raw,GXT,4.0,8000,0.004999999888241291,0.0
raw,GXX,270.0,8000,0.07000000029802322,0.2800000011920929
raw,GYE,1.0,8000,0.004999999888241291,0.0
raw,GYF,6842.0,8000,0.9800000190734863,3.9200000762939453
raw,GYH,6982.0,8000,1.0,4.0
raw,GYL,6469.0,8000,0.9350000023841858,3.740000009536743
raw,GYQ,6809.0,8000,0.9750000238418579,2.450000047683716
raw,HAD,6984.0,8000,1.0,0.0
raw,HAI,6471.0,8000,0.8899999856948853,3.559999942779541
raw,HAP,6789.0,8000,0.9800000190734863,3.9200000762939453
raw,HAX,83.0,8000,0.009999999776482582,0.0
raw,HDG,6987.0,8000,0.9950000047683716,3.9800000190734863
raw,HDS,3.0,8000,0.004999999888241291,0.0
raw,HFP,6982.0,8000,0.9900000095367432,0.0
raw,HGV,6996.0,8000,0.9950000047683716,0.0
raw,HKN,6836.0,8000,0.9599999785423279,0.9950000047683716
raw,HLM,6983.0,8000,1.0,0.0
raw,HLP,6.0,8000,0.004999999888241291,0.0
raw,HNT,3361.0,8000,0.47999998927116394,1.9199999570846558
raw,HPF,50.0,8000,0.009999999776482582,0.0
raw,HRR,3430.0,8000,0.5199999809265137,2.0799999237060547
raw,HRS,6924.0,8000,0.9900000095367432,0.0
raw,HST,6925.0,8000,0.9900000095367432,3.9600000381469727
raw,HTN,51.0,8000,0.004999999888241291,0.9900000095367432
raw,HTP,6841.0,8000,0.9750000238418579,0.0
raw,HTQ,25.0,8000,0.004999999888241291,0.019999999552965164
raw,HTS,6991.0,8000,1.0,4.0
raw,HTX,8.0,8000,0.009999999776482582,0.03999999910593033
raw,HVI,13.0,8000,0.004999999888241291,0.019999999552965164
raw,HVN,6754.0,8000,0.9800000190734863,0.0
raw,HVS,3149.0,8000,0.41499999165534973,1.659999966621399
raw,HVT,6989.0,8000,1.0,4.0
raw,HWF,6982.0,8000,0.9950000047683716,3.9800000190734863
raw,HXV,2.0,8000,0.004999999888241291,0.019999999552965164
raw,HXX,24.0,8000,0.009999999776482582,0.04500000178813934
raw,HYT,6975.0,8000,1.0,0.0
raw,IAA,6917.0,8000,0.9950000047683716,8.460000038146973
raw,IAD,10559.0,8000,2.5250000953674316,10.100000381469727
raw,IAG,6968.0,8000,1.0,0.0
raw,IAI,13892.0,8000,4.0,16.0
raw,IAN,6910.0,8000,0.9900000095367432,0.0
raw,IAP,6926.0,8000,0.9900000095367432,0.0
raw,IAQ,6913.0,8000,1.0,4.0
raw,IAV,6906.0,8000,1.0149999856948853,0.0
raw,IAW,6962.0,8000,0.9900000095367432,3.9600000381469727
raw,IAY,6930.0,8000,1.0,4.0
raw,ICA,13906.0,8000,3.9700000286102295,0.0
raw,ICG,6918.0,8000,1.0,4.0
raw,ICH,6989.0,8000,0.9950000047683716,3.9800000190734863
raw,ICX,3.0,8000,0.004999999888241291,0.019999999552965164
raw,IDD,3363.0,8000,0.49000000953674316,0.0
raw,IDG,6841.0,8000,0.9700000286102295,3.880000114440918
raw,IDL,6976.0,8000,1.0099999904632568,0.0
raw,IDR,13875.0,8000,3.984999895095825,0.0
raw,IED,6925.0,8000,1.0,1.0
raw,IEK,811.0,8000,0.07500000298023224,0.0
raw,IFG,6492.0,8000,0.8899999856948853,3.559999942779541
raw,IGA,13925.0,8000,3.9700000286102295,15.880000114440918
raw,IGI,13841.0,8000,3.8949999809265137,15.579999923706055
raw,IGK,6910.0,8000,1.0,0.0
raw,IGV,6935.0,8000,1.0,0.0
raw,IGW,2.0,8000,0.004999999888241291,0.019999999552965164
raw,IGX,11.0,8000,0.009999999776482582,0.03999999910593033
raw,IHA,6984.0,8000,1.0,0.0
raw,IHV,3152.0,8000,0.41499999165534973,1.659999966621399
raw,IIA,6929.0,8000,1.0,4.0
raw,IIG,3.0,8000,0.004999999888241291,0.019999999552965164
raw,III,2.0,8000,0.004999999888241291,0.019999999552965164
raw,IIR,6541.0,8000,0.9150000214576721,0.0
raw,IIT,6995.0,8000,0.9950000047683716,0.0
raw,IIX,8.0,8000,0.004999999888241291,0.019999999552965164
raw,IKD,6909.0,8000,1.0,0.0
raw,IKM,194.0,8000,0.019999999552965164,0.0
raw,IKQ,6924.0,8000,1.0,0.0
raw,IKV,6466.0,8000,0.8949999809265137,3.5799999237060547
raw,IKW,6972.0,8000,0.9950000047683716,3.9800000190734863
raw,IKX,14.0,8000,0.004999999888241291,0.0
raw,ILA,3352.0,8000,0.49000000953674316,0.0
raw,ILD,6979.0,8000,1.0,0.0
raw,ILL,5.0,8000,0.004999999888241291,1.0149999856948853
raw,ILM,12.0,8000,0.004999999888241291,0.0
raw,ILP,13850.0,8000,3.984999895095825,15.9399995803833
raw,ILS,3574.0,8000,0.5049999952316284,0.0
raw,IML,6964.0,8000,1.0,0.0
raw,INA,6955.0,8000,0.9950000047683716,0.0
raw,INF,3341.0,8000,0.48500001430511475,0.0
raw,INI,6850.0,8000,0.9700000286102295,3.880000114440918
raw,INL,6844.0,8000,0.9750000238418579,3.9000000953674316
raw,INS,10.0,8000,0.004999999888241291,0.019999999552965164
raw,IPF,6921.0,8000,0.9950000047683716,3.9800000190734863
raw,IPI,10313.0,8000,2.4549999237060547,9.819999694824219
raw,IPT,3575.0,8000,0.5149999856948853,0.9900000095367432
raw,IQC,170.0,8000,0.03999999910593033,0.0
raw,IQD,6896.0,8000,1.0,0.0
raw,IQK,6959.0,8000,0.9950000047683716,3.9800000190734863
raw,IQL,6.0,8000,0.004999999888241291,0.0
raw,IRA,13857.0,8000,3.9700000286102295,0.0
raw,IRF,6.0,8000,0.004999999888241291,0.0
raw,IRG,13474.0,8000,3.6700000762939453,14.680000305175781
raw,IRS,9.0,8000,0.004999999888241291,0.0
raw,IRV,4.0,8000,0.004999999888241291,0.019999999552965164
raw,ISA,11.0,8000,0.004999999888241291,0.14000000059604645
raw,ISC,3.0,8000,0.004999999888241291,0.019999999552965164
raw,ISG,10265.0,8000,2.450000047683716,4.974999904632568
raw,ISN,6924.0,8000,0.9950000047683716,3.9800000190734863
raw,ISS,6935.0,8000,1.0,0.0
raw,IST,6814.0,8000,0.9750000238418579,3.9000000953674316
raw,ISV,6927.0,8000,0.9950000047683716,0.0
raw,ISX,10.0,8000,0.009999999776482582,0.0
raw,ITD,6489.0,8000,0.9449999928474426,0.0
raw,ITG,6933.0,8000,1.0,0.0
raw,ITN,6944.0,8000,0.9950000047683716,3.9800000190734863
raw,ITP,13965.0,8000,4.0,16.0
raw,ITR,6857.0,8000,0.9649999737739563,1.0
raw,ITS,6916.0,8000,1.0,0.9900000095367432
raw,ITT,6984.0,8000,0.9950000047683716,0.03999999910593033
raw,ITX,18.0,8000,0.004999999888241291,0.019999999552965164
raw,IVI,9.0,8000,0.004999999888241291,0.019999999552965164
raw,IVL,8.0,8000,0.004999999888241291,0.0
raw,IVM,6938.0,8000,0.9850000143051147,3.940000057220459
raw,IVN,13417.0,8000,3.680000066757202,0.0
raw,IVR,6729.0,8000,0.9549999833106995,0.0
raw,IVT,13.0,8000,0.004999999888241291,0.0
raw,IWL,6969.0,8000,0.9950000047683716,3.9800000190734863
raw,IXI,8.0,8000,0.004999999888241291,0.0
raw,IXN,10.0,8000,0.004999999888241291,0.019999999552965164
raw,IXR,16.0,8000,0.004999999888241291,0.019999999552965164
raw,IXX,180.0,8000,0.05000000074505806,0.0
raw,IYK,6915.0,8000,0.9950000047683716,0.0
raw,IYQ,13285.0,8000,3.7100000381469727,14.84000015258789
raw,IYS,6854.0,8000,0.9800000190734863,3.9200000762939453
raw,IYX,18.0,8000,0.004999999888241291,0.0
raw,KAH,6976.0,8000,0.9900000095367432,3.9600000381469727
raw,KAX,1.0,8000,0.004999999888241291,3.9800000190734863
raw,KCT,6461.0,8000,0.925000011920929,3.700000047683716
raw,KCV,6979.0,8000,0.9950000047683716,1.0
raw,KCX,12.0,8000,0.004999999888241291,0.019999999552965164
raw,KCY,6924.0,8000,0.9900000095367432,0.0
raw,KDF,6908.0,8000,1.0,4.0
raw,KEE,6990.0,8000,1.0,8.949999809265137
raw,KEI,6960.0,8000,0.9950000047683716,1.1050000190734863
raw,KFD,6989.0,8000,1.0,4.0
raw,KFL,6970.0,8000,0.9950000047683716,3.9800000190734863
raw,KFN,7071.0,8000,1.059999942779541,0.0
raw,KGC,6965.0,8000,1.0,0.0
raw,KGF,399.0,8000,0.03999999910593033,0.1599999964237213
raw,KGI,6448.0,8000,0.925000011920929,0.0
raw,KGV,6976.0,8000,0.9950000047683716,3.9800000190734863
raw,KGY,6978.0,8000,1.0,0.0
raw,KHT,6849.0,8000,0.9850000143051147,3.940000057220459
raw,KIA,6681.0,8000,0.9649999737739563,3.859999895095825
raw,KIQ,6915.0,8000,1.0,4.0
raw,KIY,6857.0,8000,0.9800000190734863,0.0
raw,KKF,6970.0,8000,0.9950000047683716,3.9800000190734863
raw,KKS,6885.0,8000,0.9900000095367432,0.0
raw,KKX,1.0,8000,0.004999999888241291,0.019999999552965164
raw,KLH,6976.0,8000,1.0,0.0
raw,KLI,6915.0,8000,0.9950000047683716,0.0
raw,KLN,6923.0,8000,0.9900000095367432,0.0
raw,KLP,6972.0,8000,1.0,0.0
raw,KLQ,6919.0,8000,1.0,0.0
raw,KMS,6945.0,8000,1.0,0.004999999888241291
raw,KNF,6990.0,8000,0.9900000095367432,0.0
raw,KNH,6991.0,8000,1.0,4.0
raw,KNI,6838.0,8000,0.9599999785423279,0.8199999928474426
raw,KNK,6979.0,8000,0.9950000047683716,0.0
raw,KNL,13718.0,8000,3.9200000762939453,0.0
raw,KNN,6842.0,8000,0.9549999833106995,3.819999933242798
raw,KNT,6907.0,8000,1.0,4.0
raw,KNX,15.0,8000,0.009999999776482582,0.03999999910593033
raw,KPC,1591.0,8000,0.1899999976158142,0.7599999904632568
raw,KPF,6822.0,8000,0.9750000238418579,0.0
raw,KPS,6913.0,8000,1.0,0.0
raw,KPX,6.0,8000,0.009999999776482582,0.0
raw,KQG,6833.0,8000,0.9649999737739563,0.0
raw,KQI,6914.0,8000,0.9950000047683716,0.0
raw,KQL,6942.0,8000,1.0,0.0
raw,KQY,6925.0,8000,1.0,4.0
raw,KRF,6513.0,8000,0.9049999713897705,0.0
raw,KRI,6931.0,8000,0.9950000047683716,3.9800000190734863
raw,KRS,6923.0,8000,1.0,4.0
raw,KRV,6976.0,8000,1.0,4.0
raw,KSC,170.0,8000,0.03999999910593033,0.0
raw,KSF,6465.0,8000,0.9449999928474426,0.0
raw,KSL,39.0,8000,0.004999999888241291,0.019999999552965164
raw,KSN,13248.0,8000,3.630000114440918,0.0
raw,KST,6979.0,8000,0.9950000047683716,0.0
raw,KSW,6555.0,8000,0.9049999713897705,0.0
raw,KSX,16.0,8000,0.004999999888241291,0.0
raw,KTP,6905.0,8000,1.0,0.009999999776482582
raw,KTQ,6476.0,8000,0.9150000214576721,0.0
raw,KTS,6917.0,8000,0.9950000047683716,0.0
raw,KVC,6466.0,8000,0.8899999856948853,3.559999942779541
raw,KVE,6929.0,8000,1.0,4.0
raw,KVF,6946.0,8000,1.0099999904632568,0.3050000071525574
raw,KVG,6810.0,8000,0.9850000143051147,3.940000057220459
raw,KVT,6927.0,8000,1.0,0.9750000238418579
raw,KVX,18.0,8000,0.004999999888241291,0.0
raw,KWP,6971.0,8000,0.9950000047683716,0.0
raw,KXX,216.0,8000,0.04500000178813934,0.0
raw,KYE,6971.0,8000,1.0,4.0
raw,KYF,6998.0,8000,1.0,0.0
raw,KYN,6471.0,8000,0.9350000023841858,0.0
raw,LAA,6935.0,8000,1.0,0.9850000143051147
raw,LAD,6926.0,8000,1.0,4.0
raw,LAG,6915.0,8000,1.0,4.0
raw,LAL,6798.0,8000,0.9549999833106995,0.0
raw,LAR,3353.0,8000,0.49000000953674316,0.0
raw,LCC,6957.0,8000,1.0,4.0
raw,LCF,6942.0,8000,1.0049999952316284,0.0
raw,LCP,6950.0,8000,0.9950000047683716,0.0
raw,LDI,6992.0,8000,1.0299999713897705,0.0
raw,LDK,13917.0,8000,4.0,16.0
raw,LDP,6472.0,8000,0.9350000023841858,0.0
raw,LDS,20351.0,8000,8.40999984741211,0.8799999952316284
raw,LDV,896.0,8000,0.06499999761581421,0.25999999046325684
raw,LDX,25.0,8000,0.004999999888241291,0.019999999552965164
raw,LEG,6819.0,8000,0.9649999737739563,0.0
raw,LEI,6966.0,8000,0.9900000095367432,0.0
raw,LEP,6855.0,8000,0.9649999737739563,3.859999895095825
raw,LFK,4.0,8000,0.004999999888241291,1.0299999713897705
raw,LFL,6650.0,8000,0.9350000023841858,3.740000009536743
raw,LFN,6930.0,8000,1.0,0.0
raw,LFR,6813.0,8000,0.9800000190734863,0.9900000095367432
raw,LGA,6738.0,8000,0.9850000143051147,3.940000057220459
raw,LGD,13916.0,8000,4.0,0.0
raw,LGF,6949.0,8000,0.9950000047683716,0.0
raw,LGK,13886.0,8000,4.0,0.0
raw,LGQ,6982.0,8000,1.0,4.0
raw,LGV,5577.0,8000,0.8600000143051147,3.440000057220459
raw,LGW,11.0,8000,0.004999999888241291,0.0
raw,LGX,111.0,8000,0.004999999888241291,0.02500000037252903
raw,LHA,6786.0,8000,0.9800000190734863,0.0
raw,LHR,6924.0,8000,0.9900000095367432,0.0
raw,LHS,6935.0,8000,0.9900000095367432,0.0
raw,LHV,6987.0,8000,0.9950000047683716,3.9800000190734863
raw,LHY,6976.0,8000,1.0,4.0
raw,LIA,13879.0,8000,3.9700000286102295,15.880000114440918
raw,LIC,6941.0,8000,1.0,4.025000095367432
raw,LID,6976.0,8000,0.9950000047683716,0.0
raw,LIG,6978.0,8000,1.0,4.0
raw,LIR,6935.0,8000,1.0,4.0
raw,LIT,6938.0,8000,1.0,4.0
raw,LIV,6432.0,8000,0.9100000262260437,1.0449999570846558
raw,LIX,22.0,8000,0.004999999888241291,0.0
raw,LKG,13947.0,8000,3.984999895095825,0.0
raw,LKP,6824.0,8000,0.9850000143051147,1.0
raw,LKS,6459.0,8000,0.9350000023841858,0.0
raw,LKY,6478.0,8000,0.9350000023841858,0.0
raw,LLA,13696.0,8000,3.865000009536743,15.460000038146973
raw,LLF,6930.0,8000,1.0,0.0
raw,LLH,6795.0,8000,0.9800000190734863,3.9200000762939453
raw,LLI,6427.0,8000,0.8949999809265137,0.0
raw,LLK,6510.0,8000,0.949999988079071,1.0
raw,LLL,6939.0,8000,0.9950000047683716,0.0
raw,LLP,6875.0,8000,0.9850000143051147,0.0
raw,LLQ,6922.0,8000,0.9950000047683716,3.9800000190734863
raw,LLT,6927.0,8000,1.0,0.0
raw,LLX,40.0,8000,0.004999999888241291,0.0
raw,LMD,6814.0,8000,0.9549999833106995,0.9800000190734863
raw,LME,38.0,8000,0.004999999888241291,0.0
raw,LMS,6983.0,8000,1.0,4.0
raw,LMV,12.0,8000,0.004999999888241291,1.0399999618530273
raw,LMY,1.0,8000,0.004999999888241291,0.019999999552965164
raw,LND,13854.0,8000,3.9649999141693115,15.859999656677246
raw,LNE,13935.0,8000,3.984999895095825,15.9399995803833
raw,LNR,6924.0,8000,1.0,9.0
raw,LNT,6942.0,8000,1.0,0.009999999776482582
raw,LPD,13889.0,8000,3.984999895095825,15.9399995803833
raw,LPF,20109.0,8000,8.289999961853027,0.0
raw,LPI,6853.0,8000,0.9700000286102295,0.0
raw,LPL,6878.0,8000,0.9850000143051147,3.940000057220459
raw,LPP,13605.0,8000,3.8949999809265137,15.579999923706055
raw,LPQ,6828.0,8000,0.9850000143051147,0.0
raw,LPS,202.0,8000,0.019999999552965164,0.0
raw,LPV,6924.0,8000,0.9950000047683716,1.0
raw,LPX,52.0,8000,0.019999999552965164,0.0
raw,LQD,5375.0,8000,0.8199999928474426,0.0
raw,LQE,6960.0,8000,1.0,4.0
raw,LQI,6921.0,8000,0.9950000047683716,3.9800000190734863
raw,LQL,14.0,8000,0.009999999776482582,0.03999999910593033
raw,LQN,1493.0,8000,0.17000000178813934,0.0
raw,LQP,13448.0,8000,3.7699999809265137,0.0
raw,LQS,13737.0,8000,3.940000057220459,15.760000228881836
raw,LQT,6929.0,8000,1.0,4.0
raw,LQX,71.0,8000,0.009999999776482582,0.0
raw,LQY,6922.0,8000,0.9950000047683716,4.005000114440918
raw,LRE,6656.0,8000,0.949999988079071,3.799999952316284
raw,LRT,1552.0,8000,0.1899999976158142,0.7599999904632568
raw,LRV,5.0,8000,0.004999999888241291,0.019999999552965164
raw,LSE,6657.0,8000,0.9950000047683716,3.9800000190734863
raw,LSF,6806.0,8000,0.9800000190734863,3.9200000762939453
raw,LSR,3573.0,8000,0.5099999904632568,2.0399999618530273
raw,LSS,13830.0,8000,4.0,0.0
raw,LTD,6928.0,8000,1.0,4.0
raw,LTE,6973.0,8000,1.0,0.0
raw,LTG,13839.0,8000,3.984999895095825,0.0
raw,LTP,13895.0,8000,3.9700000286102295,0.0
raw,LTT,4927.0,8000,0.7599999904632568,3.0399999618530273
raw,LTV,6971.0,8000,1.0099999904632568,4.039999961853027
raw,LVD,6868.0,8000,0.9700000286102295,3.880000114440918
raw,LVK,13920.0,8000,3.984999895095825,0.0
raw,LVL,6626.0,8000,0.9399999976158142,0.0
raw,LVR,6838.0,8000,0.9750000238418579,1.0
raw,LVS,6874.0,8000,0.9850000143051147,0.0
raw,LXD,4.0,8000,0.004999999888241291,0.0
raw,LXV,110.0,8000,0.014999999664723873,0.0
raw,LXX,259.0,8000,0.019999999552965164,0.07999999821186066
raw,LYE,6927.0,8000,1.0,0.0
raw,LYN,6921.0,8000,0.9900000095367432,3.9600000381469727
raw,LYQ,6976.0,8000,0.9950000047683716,0.03999999910593033
raw,LYR,5107.0,8000,0.7649999856948853,0.0
raw,LYX,9.0,8000,0.004999999888241291,0.019999999552965164
raw,MAK,58.0,8000,0.019999999552965164,0.7599999904632568
raw,MAS,1.0,8000,0.004999999888241291,0.0
raw,MAY,6922.0,8000,1.0,0.0
raw,MDL,6823.0,8000,0.9599999785423279,0.0
raw,MES,6817.0,8000,0.949999988079071,0.0
raw,MEX,9.0,8000,0.004999999888241291,0.019999999552965164
raw,MFV,6889.0,8000,0.9850000143051147,3.940000057220459
raw,MIA,6912.0,8000,1.0,4.0
raw,MIS,4.0,8000,0.004999999888241291,0.019999999552965164
raw,MLC,6960.0,8000,1.0,4.0
raw,MQM,6922.0,8000,1.0,4.025000095367432
raw,MSE,6945.0,8000,1.0,0.0
raw,MSF,6982.0,8000,0.9950000047683716,3.9800000190734863
raw,MSL,6927.0,8000,1.0149999856948853,8.880000114440918
raw,MTK,6850.0,8000,0.9750000238418579,3.9000000953674316
raw,MTS,6954.0,8000,0.9950000047683716,0.0
raw,MVT,6952.0,8000,0.9900000095367432,0.0
raw,MYI,6910.0,8000,0.9950000047683716,0.0
raw,MYL,1.0,8000,0.004999999888241291,0.0
raw,NAQ,6922.0,8000,0.9950000047683716,0.0
raw,NAS,6957.0,8000,0.9950000047683716,0.0
raw,NAT,13409.0,8000,3.6700000762939453,0.9950000047683716
raw,NCD,6991.0,8000,0.9950000047683716,3.9800000190734863
raw,NCT,13809.0,8000,3.875,15.5
raw,NCV,6922.0,8000,0.9950000047683716,3.9800000190734863
raw,NCY,6815.0,8000,0.9800000190734863,0.0
raw,NDG,6516.0,8000,0.9049999713897705,0.0
raw,NDI,6932.0,8000,0.9950000047683716,0.0
raw,NDL,6929.0,8000,0.9900000095367432,0.0
raw,NDP,6246.0,8000,0.8550000190734863,3.4200000762939453
raw,NDS,1.0,8000,0.004999999888241291,0.019999999552965164
raw,NDX,15.0,8000,0.004999999888241291,0.019999999552965164
raw,NEN,6473.0,8000,0.9300000071525574,3.7200000286102295
raw,NES,6969.0,8000,1.0,4.0
raw,NEV,6961.0,8000,0.9950000047683716,8.960000038146973
raw,NFG,6933.0,8000,1.0,4.0
raw,NFK,6837.0,8000,0.9700000286102295,1.1399999856948853
raw,NFN,13958.0,8000,3.984999895095825,0.0
raw,NFR,6474.0,8000,0.925000011920929,0.0
raw,NFS,6906.0,8000,0.9950000047683716,3.9800000190734863
raw,NFT,14288.0,8000,4.195000171661377,25.875
raw,NFY,6988.0,8000,0.9950000047683716,0.0
raw,NGI,6938.0,8000,1.0,0.0
raw,NGL,13929.0,8000,4.0,16.0
raw,NGT,19968.0,8000,8.1850004196167,0.9950000047683716
raw,NGV,10031.0,8000,2.3399999141693115,9.359999656677246
raw,NGX,23.0,8000,0.004999999888241291,0.019999999552965164
raw,NHP,49.0,8000,0.009999999776482582,0.03999999910593033
raw,NHT,6991.0,8000,1.0,9.0
raw,NIA,86.0,8000,0.009999999776482582,0.9750000238418579
raw,NID,6845.0,8000,0.9700000286102295,0.0
raw,NII,6540.0,8000,0.9100000262260437,0.0
raw,NIQ,6967.0,8000,0.9950000047683716,0.0
raw,NIT,13793.0,8000,3.9049999713897705,0.0
raw,NKC,6980.0,8000,0.9950000047683716,0.0
raw,NKK,6972.0,8000,1.0,0.949999988079071
raw,NKS,6827.0,8000,0.949999988079071,0.0
raw,NKV,6930.0,8000,1.0,4.0
raw,NKX,44.0,8000,0.009999999776482582,0.0
raw,NLA,6933.0,8000,0.9950000047683716,0.0
raw,NLC,6948.0,8000,0.9950000047683716,8.960000038146973
raw,NLD,6893.0,8000,0.9850000143051147,3.940000057220459
raw,NLK,6824.0,8000,0.9800000190734863,0.0
raw,NLL,6932.0,8000,0.9950000047683716,0.9750000238418579
raw,NLN,6972.0,8000,1.0,0.0
raw,NLR,8191.0,8000,1.440000057220459,5.760000228881836
raw,NLS,177.0,8000,0.019999999552965164,0.9399999976158142
raw,NLT,4936.0,8000,0.7599999904632568,0.019999999552965164
raw,NLV,13832.0,8000,3.9100000858306885,15.640000343322754
raw,NLX,17.0,8000,0.004999999888241291,0.019999999552965164
raw,NNA,6467.0,8000,0.8949999809265137,3.5799999237060547
raw,NNC,6826.0,8000,0.9599999785423279,3.8399999141693115
raw,NNK,6849.0,8000,0.9599999785423279,0.0
raw,NNL,6977.0,8000,0.9900000095367432,3.9600000381469727
raw,NNS,13879.0,8000,3.984999895095825,15.9399995803833
raw,NNT,6995.0,8000,0.9950000047683716,3.9800000190734863
raw,NPV,6524.0,8000,0.9049999713897705,0.0
raw,NQF,6912.0,8000,0.9900000095367432,0.004999999888241291
raw,NQI,1.0,8000,0.004999999888241291,0.0
raw,NQK,6918.0,8000,0.9950000047683716,0.0
raw,NQN,6926.0,8000,1.0099999904632568,0.004999999888241291
raw,NQV,6980.0,8000,0.9950000047683716,0.0
raw,NQX,25.0,8000,0.014999999664723873,0.05999999865889549
raw,NRA,6922.0,8000,1.0,4.0
raw,NRK,6932.0,8000,0.9950000047683716,0.0
raw,NRT,189.0,8000,0.019999999552965164,0.07999999821186066
raw,NSA,13828.0,8000,3.9700000286102295,15.880000114440918
raw,NSF,6881.0,8000,0.9900000095367432,0.0
raw,NSH,3442.0,8000,0.5199999809265137,0.0
raw,NSI,6918.0,8000,0.9950000047683716,0.0
raw,NSK,50.0,8000,0.004999999888241291,0.02500000037252903
raw,NSL,6.0,8000,0.004999999888241291,0.0
raw,NSN,6847.0,8000,0.9800000190734863,0.0
raw,NSP,1945.0,8000,0.30000001192092896,0.0
raw,NSR,1572.0,8000,0.18000000715255737,0.7200000286102295
raw,NSV,6920.0,8000,1.0,4.0
raw,NSX,97.0,8000,0.009999999776482582,0.0
raw,NSY,6954.0,8000,1.0,4.0
raw,NTF,6991.0,8000,0.9950000047683716,0.0
raw,NTL,6942.0,8000,1.0,4.0
raw,NTP,152.0,8000,0.009999999776482582,0.03999999910593033
raw,NTQ,6911.0,8000,1.0,9.0
raw,NTS,6984.0,8000,1.0,0.9350000023841858
raw,NTV,6988.0,8000,0.9950000047683716,3.9800000190734863
raw,NVF,6990.0,8000,0.9950000047683716,3.9800000190734863
raw,NVL,6929.0,8000,1.0,0.0
raw,NVT,6567.0,8000,0.9200000166893005,3.680000066757202
raw,NVV,7962.0,8000,1.2599999904632568,0.0
raw,NVY,6934.0,8000,0.9900000095367432,3.9600000381469727
raw,NXP,5.0,8000,0.004999999888241291,0.019999999552965164
raw,NXT,18.0,8000,0.009999999776482582,1.0
raw,NXX,217.0,8000,0.054999999701976776,0.2199999988079071
raw,NYK,6976.0,8000,1.0,0.0
raw,NYL,5103.0,8000,0.7699999809265137,0.0
raw,NYN,6811.0,8000,0.9850000143051147,0.0
raw,NYP,205.0,8000,0.029999999329447746,1.0099999904632568
raw,NYR,1708.0,8000,0.20999999344348907,0.0
raw,NYX,13.0,8000,0.004999999888241291,0.0
raw,PAI,6990.0,8000,1.0,4.0
raw,PAQ,6980.0,8000,0.9950000047683716,0.0
raw,PAT,6809.0,8000,0.9800000190734863,0.0
raw,PAX,8.0,8000,0.004999999888241291,0.019999999552965164
raw,PAY,6655.0,8000,0.9599999785423279,3.8399999141693115
raw,PCN,6816.0,8000,0.9750000238418579,0.0
raw,PCS,6981.0,8000,0.9950000047683716,3.9800000190734863
raw,PCX,2.0,8000,0.004999999888241291,1.0
raw,PDD,6970.0,8000,1.0,4.0
raw,PDI,1.0,8000,0.004999999888241291,0.0
raw,PDK,6885.0,8000,0.9800000190734863,3.9200000762939453
raw,PDP,6906.0,8000,0.9950000047683716,15.414999961853027
raw,PDV,6956.0,8000,0.9950000047683716,3.9800000190734863
raw,PEL,6988.0,8000,1.0,0.0
raw,PFA,6939.0,8000,1.0099999904632568,0.0
raw,PFE,6817.0,8000,0.9750000238418579,0.0
raw,PFF,6618.0,8000,0.9449999928474426,3.7799999713897705
raw,PFG,6955.0,8000,0.9900000095367432,0.0
raw,PFL,13325.0,8000,3.625,0.0
raw,PFN,6517.0,8000,0.9049999713897705,3.619999885559082
raw,PFQ,6977.0,8000,0.9950000047683716,3.9800000190734863
raw,PFX,45.0,8000,0.004999999888241291,0.019999999552965164
raw,PFY,4.0,8000,0.004999999888241291,0.019999999552965164
raw,PGD,6792.0,8000,0.9800000190734863,0.0
raw,PGG,111.0,8000,0.004999999888241291,0.0
raw,PGQ,6931.0,8000,0.9900000095367432,8.920000076293945
raw,PGT,6982.0,8000,1.0,4.0
raw,PGX,3.0,8000,0.004999999888241291,0.0
raw,PHG,6992.0,8000,0.9950000047683716,0.9800000190734863
raw,PHX,2.0,8000,0.004999999888241291,0.019999999552965164
raw,PIG,13825.0,8000,3.9100000858306885,15.640000343322754
raw,PIK,6914.0,8000,1.0,0.0
raw,PIN,10183.0,8000,2.4200000762939453,9.680000305175781
raw,PKK,6884.0,8000,0.9900000095367432,2.434999942779541
raw,PLL,6964.0,8000,1.0149999856948853,0.0
raw,PLQ,13764.0,8000,3.890000104904175,0.0
raw,PLS,6481.0,8000,0.9350000023841858,0.0
raw,PLV,13729.0,8000,3.865000009536743,3.865000009536743
raw,PNI,6942.0,8000,0.9950000047683716,3.9800000190734863
raw,PPA,6654.0,8000,0.9599999785423279,3.8399999141693115
raw,PPI,6916.0,8000,1.0,0.0
raw,PPL,6927.0,8000,1.0,0.0
raw,PPV,6.0,8000,0.004999999888241291,0.0
raw,PQG,6837.0,8000,0.9649999737739563,8.729999542236328
raw,PQI,6986.0,8000,0.9950000047683716,3.9800000190734863
raw,PQS,6984.0,8000,1.0,4.0
raw,PQT,6981.0,8000,1.0,4.0
raw,PQX,6.0,8000,0.004999999888241291,3.7300000190734863
raw,PRE,6983.0,8000,0.9900000095367432,0.0
raw,PRR,1921.0,8000,0.30000001192092896,1.2000000476837158
raw,PRT,6448.0,8000,0.925000011920929,0.0
raw,PRX,40.0,8000,0.004999999888241291,0.0
raw,PSA,201.0,8000,0.019999999552965164,0.0
raw,PSK,13822.0,8000,3.984999895095825,0.0
raw,PTE,6698.0,8000,0.9549999833106995,3.8450000286102295
raw,PTK,6913.0,8000,0.9900000095367432,0.0
raw,PTN,6797.0,8000,1.8949999809265137,0.0
raw,PTW,6982.0,8000,1.0,4.0
raw,PTY,3584.0,8000,0.5199999809265137,0.0
raw,PVA,6955.0,8000,0.9950000047683716,0.0
raw,PVL,13444.0,8000,3.680000066757202,0.0
raw,PVS,6925.0,8000,0.9950000047683716,0.0
raw,PVY,6.0,8000,0.004999999888241291,0.019999999552965164
raw,PWY,6879.0,8000,0.9850000143051147,0.009999999776482582
raw,PXA,5.0,8000,0.004999999888241291,0.019999999552965164
raw,PXK,7.0,8000,0.004999999888241291,0.0
raw,PXX,99.0,8000,0.029999999329447746,0.11999999731779099
raw,PXY,93.0,8000,0.009999999776482582,0.0
raw,PYR,6819.0,8000,0.9750000238418579,0.0
raw,QAG,6807.0,8000,0.9750000238418579,3.9000000953674316
raw,QAL,6923.0,8000,0.9950000047683716,0.0
raw,QCV,6884.0,8000,0.9900000095367432,3.9600000381469727
raw,QDK,6912.0,8000,1.0,0.0
raw,QDL,6640.0,8000,0.9300000071525574,3.7200000286102295
raw,QDS,6893.0,8000,1.0,0.0
raw,QDV,5380.0,8000,0.8349999785423279,3.3399999141693115
raw,QEK,6968.0,8000,0.9850000143051147,3.940000057220459
raw,QEL,6964.0,8000,1.0,0.0
raw,QEV,6900.0,8000,0.9950000047683716,0.0
raw,QEX,3.0,8000,0.004999999888241291,0.019999999552965164
raw,QFC,6485.0,8000,0.8849999904632568,0.0
raw,QFG,6977.0,8000,0.9950000047683716,0.0
raw,QFN,6914.0,8000,0.9900000095367432,3.9600000381469727
raw,QGF,6846.0,8000,0.9649999737739563,0.0
raw,QGN,6831.0,8000,0.9649999737739563,0.0
raw,QGV,6967.0,8000,0.9900000095367432,3.984999895095825
raw,QIA,6928.0,8000,1.0049999952316284,4.019999980926514
raw,QID,6920.0,8000,1.0,4.0
raw,QII,6987.0,8000,0.9950000047683716,0.0
raw,QIL,6927.0,8000,1.0099999904632568,0.0
raw,QIN,9.0,8000,0.004999999888241291,0.019999999552965164
raw,QIP,6920.0,8000,0.9950000047683716,4.005000114440918
raw,QIY,6917.0,8000,0.9950000047683716,3.9800000190734863
raw,QKE,6958.0,8000,0.9950000047683716,3.9800000190734863
raw,QKF,6946.0,8000,1.0,0.0
raw,QKL,6916.0,8000,0.9950000047683716,0.0
raw,QLI,6932.0,8000,1.0,0.0
raw,QLN,6921.0,8000,1.0,3.984999895095825
raw,QLP,6886.0,8000,0.9900000095367432,0.0
raw,QLR,14.0,8000,0.009999999776482582,0.0
raw,QLS,6940.0,8000,1.0,0.0
raw,QLT,6988.0,8000,1.0,4.0
raw,QMA,6923.0,8000,1.0,4.0
raw,QNA,6925.0,8000,0.9950000047683716,16.274999618530273
raw,QNG,2.0,8000,0.004999999888241291,0.05000000074505806
raw,QNV,8416.0,8000,1.5099999904632568,6.039999961853027
raw,QPE,6985.0,8000,0.9950000047683716,3.9800000190734863
raw,QPF,6830.0,8000,0.9649999737739563,0.9950000047683716
raw,QPR,6445.0,8000,0.925000011920929,0.0
raw,QPT,13399.0,8000,3.759999990463257,15.039999961853027
raw,QPY,6828.0,8000,0.9750000238418579,3.9000000953674316
raw,QQF,6977.0,8000,0.9950000047683716,0.0
raw,QQL,6934.0,8000,1.0,9.0
raw,QRN,6987.0,8000,1.0,0.0
raw,QSA,6992.0,8000,1.0,0.0
raw,QSI,6926.0,8000,1.0,0.0
raw,QSK,6979.0,8000,1.0,0.0
raw,QSL,13402.0,8000,3.684999942779541,0.0
raw,QSX,11.0,8000,0.004999999888241291,0.019999999552965164
raw,QSY,6807.0,8000,0.9800000190734863,0.0
raw,QTG,6934.0,8000,0.9950000047683716,0.0
raw,QTH,50.0,8000,0.004999999888241291,0.0
raw,QTL,13847.0,8000,3.880000114440918,15.520000457763672
raw,QTN,6906.0,8000,0.9900000095367432,3.9600000381469727
raw,QTQ,6886.0,8000,0.9750000238418579,3.9000000953674316
raw,QTR,6991.0,8000,1.0,4.175000190734863
raw,QTS,6479.0,8000,0.9200000166893005,0.0
raw,QTY,6929.0,8000,1.0,4.0
raw,QVA,6982.0,8000,0.9950000047683716,3.9800000190734863
raw,QVK,6916.0,8000,0.9950000047683716,0.03500000014901161
raw,QXK,19.0,8000,0.009999999776482582,0.004999999888241291
raw,QXN,2.0,8000,0.004999999888241291,0.019999999552965164
raw,QXS,4.0,8000,0.004999999888241291,0.0
raw,QXV,58.0,8000,0.009999999776482582,0.0
raw,QXX,95.0,8000,0.07999999821186066,0.3199999928474426
raw,QYG,13850.0,8000,3.984999895095825,15.9399995803833
raw,QYI,6972.0,8000,0.9950000047683716,3.9800000190734863
raw,QYT,6919.0,8000,1.0,4.0
raw,RAA,6934.0,8000,1.0,0.9399999976158142
raw,RAG,6970.0,8000,0.9950000047683716,0.0
raw,RAL,6925.0,8000,1.0,4.0
raw,RAR,6927.0,8000,1.0,1.0
raw,RAS,6923.0,8000,0.9900000095367432,3.9600000381469727
raw,RDI,13795.0,8000,3.924999952316284,15.699999809265137
raw,RDL,13691.0,8000,3.880000114440918,8.725000381469727
raw,RDP,6982.0,8000,1.0,4.0
raw,REF,6657.0,8000,0.9399999976158142,1.0
raw,REG,6983.0,8000,0.9900000095367432,3.9600000381469727
raw,REX,6.0,8000,0.009999999776482582,1.0
raw,RFA,7022.0,8000,1.034999966621399,0.0
raw,RFD,6433.0,8000,0.8899999856948853,3.559999942779541
raw,RFN,6926.0,8000,1.0,0.0
raw,RFP,6943.0,8000,0.9950000047683716,0.0
raw,RFQ,6858.0,8000,0.9599999785423279,3.8399999141693115
raw,RFX,9.0,8000,0.009999999776482582,0.03999999910593033
raw,RGD,6933.0,8000,0.9850000143051147,0.0
raw,RGL,79.0,8000,0.009999999776482582,1.0750000476837158
raw,RGV,6893.0,8000,0.9900000095367432,3.865000009536743
raw,RGW,6530.0,8000,0.8999999761581421,3.5999999046325684
raw,RGY,1.0,8000,0.004999999888241291,0.9950000047683716
raw,RHL,6.0,8000,0.004999999888241291,0.019999999552965164
raw,RIQ,6.0,8000,0.004999999888241291,0.019999999552965164
raw,RIS,6925.0,8000,0.9950000047683716,3.9800000190734863
raw,RKR,6932.0,8000,0.9950000047683716,3.9800000190734863
raw,RKS,6821.0,8000,0.9800000190734863,3.9200000762939453
raw,RLD,6934.0,8000,1.0,1.0149999856948853
raw,RLF,6812.0,8000,0.9800000190734863,3.9200000762939453
raw,RLI,6921.0,8000,1.0,4.0
raw,RLN,6958.0,8000,0.9950000047683716,3.9800000190734863
raw,RLQ,6933.0,8000,1.0,3.984999895095825
raw,RNF,6987.0,8000,0.9950000047683716,3.9800000190734863
raw,RNX,1.0,8000,0.004999999888241291,0.0
raw,RQI,6930.0,8000,0.9900000095367432,3.9600000381469727
raw,RRA,6926.0,8000,1.0,4.0
raw,RRR,1569.0,8000,0.18000000715255737,0.0
raw,RSF,6923.0,8000,1.0,0.0
raw,RSG,3.0,8000,0.004999999888241291,0.02500000037252903
raw,RSS,6949.0,8000,1.0049999952316284,0.0
raw,RSV,6930.0,8000,1.0,0.0
raw,RSX,8.0,8000,0.004999999888241291,0.019999999552965164
raw,RSY,6931.0,8000,0.9900000095367432,0.5199999809265137
raw,RTF,6472.0,8000,0.9300000071525574,0.014999999664723873
raw,RTQ,6871.0,8000,0.9800000190734863,3.9200000762939453
raw,RTR,1536.0,8000,0.17499999701976776,1.0
raw,RTT,9.0,8000,0.004999999888241291,0.0
raw,RTX,4.0,8000,0.004999999888241291,0.0
raw,RVD,6972.0,8000,0.9950000047683716,3.9800000190734863
raw,RVL,3.0,8000,0.004999999888241291,0.0
raw,RVQ,6465.0,8000,0.9150000214576721,1.0
raw,RVS,3.0,8000,0.004999999888241291,3.6500000953674316
raw,RVV,6825.0,8000,0.9800000190734863,3.9200000762939453
raw,RVX,15.0,8000,0.009999999776482582,0.03999999910593033
raw,RVY,12351.0,8000,3.4600000381469727,0.0
raw,RXQ,6.0,8000,0.004999999888241291,0.0
raw,RXX,152.0,8000,0.004999999888241291,0.0
raw,RYR,1707.0,8000,0.20999999344348907,1.3200000524520874
raw,SAA,18.0,8000,0.009999999776482582,0.03999999910593033
raw,SAI,6908.0,8000,1.0,0.0
raw,SAL,20228.0,8000,8.375,33.5
raw,SAN,13759.0,8000,3.865000009536743,0.0
raw,SAP,6991.0,8000,1.0,8.975000381469727
raw,SAR,11.0,8000,0.004999999888241291,0.0
raw,SAS,6924.0,8000,0.9900000095367432,3.9600000381469727
raw,SAX,7.0,8000,0.004999999888241291,0.004999999888241291
raw,SAY,204.0,8000,0.019999999552965164,0.07999999821186066
raw,SCC,13939.0,8000,4.0,16.0
raw,SCG,6988.0,8000,1.0,4.0
raw,SCL,6970.0,8000,1.0,0.0
raw,SCM,170.0,8000,0.03999999910593033,0.9950000047683716
raw,SEC,6946.0,8000,1.0,4.0
raw,SEF,5542.0,8000,0.875,3.5
raw,SEL,16.0,8000,0.004999999888241291,0.009999999776482582
raw,SEP,6959.0,8000,0.9900000095367432,3.9600000381469727
raw,SER,3.0,8000,0.004999999888241291,0.0
raw,SET,6488.0,8000,0.9399999976158142,0.0
raw,SEX,28.0,8000,0.009999999776482582,1.0800000429153442
raw,SFC,6917.0,8000,0.9950000047683716,4.054999828338623
raw,SFE,6801.0,8000,0.9800000190734863,0.0
raw,SFG,6981.0,8000,0.9950000047683716,0.0
raw,SFI,6942.0,8000,1.0,4.0
raw,SFK,6988.0,8000,1.0,8.975000381469727
raw,SFN,4.0,8000,0.004999999888241291,0.019999999552965164
raw,SFP,6982.0,8000,0.9950000047683716,3.9800000190734863
raw,SFS,6939.0,8000,0.9900000095367432,0.0
raw,SFT,13337.0,8000,3.7950000762939453,15.180000305175781
raw,SFV,7143.0,8000,1.0449999570846558,0.0
raw,SGC,4.0,8000,0.004999999888241291,1.0
raw,SGI,6960.0,8000,0.9950000047683716,3.9800000190734863
raw,SGN,6974.0,8000,0.9950000047683716,0.0
raw,SGT,6550.0,8000,0.8999999761581421,0.0
raw,SGV,1382.0,8000,0.12999999523162842,0.0
raw,SGW,13573.0,8000,3.8499999046325684,15.399999618530273
raw,SHR,3443.0,8000,0.5199999809265137,2.0799999237060547
raw,SIA,6920.0,8000,1.0,4.0
raw,SIE,816.0,8000,0.07000000029802322,0.2800000011920929
raw,SII,6935.0,8000,1.0149999856948853,0.0
raw,SIQ,173.0,8000,0.03999999910593033,0.1599999964237213
raw,SIV,6721.0,8000,0.9549999833106995,0.0
raw,SKH,6849.0,8000,0.9850000143051147,3.940000057220459
raw,SKN,48.0,8000,0.004999999888241291,0.0
raw,SKP,8507.0,8000,1.5700000524520874,0.8199999928474426
raw,SKR,13903.0,8000,4.0,16.0
raw,SKT,6462.0,8000,0.8899999856948853,3.559999942779541
raw,SKV,6826.0,8000,1.0,4.0
raw,SKX,81.0,8000,0.004999999888241291,1.0
raw,SLD,11.0,8000,0.004999999888241291,0.9900000095367432
raw,SLG,6936.0,8000,1.0149999856948853,4.059999942779541
raw,SLI,6967.0,8000,0.9950000047683716,0.0
raw,SLL,6436.0,8000,0.8949999809265137,0.0
raw,SLM,38.0,8000,0.004999999888241291,0.0
raw,SLP,2.0,8000,0.004999999888241291,0.019999999552965164
raw,SLQ,6930.0,8000,1.0,4.0
raw,SLS,6903.0,8000,1.0,4.0
raw,SLX,43.0,8000,0.004999999888241291,0.0
raw,SMA,58.0,8000,0.019999999552965164,0.07999999821186066
raw,SMT,6850.0,8000,0.9700000286102295,0.0
raw,SNC,6920.0,8000,0.9950000047683716,0.0
raw,SND,2.0,8000,0.004999999888241291,0.0
raw,SNF,13402.0,8000,3.7750000953674316,23.7549991607666
raw,SNG,6986.0,8000,0.9900000095367432,0.0
raw,SNI,6418.0,8000,0.8899999856948853,8.095000267028809
raw,SNK,6980.0,8000,1.0,4.0
raw,SNL,13744.0,8000,3.924999952316284,15.699999809265137
raw,SNN,13776.0,8000,3.9100000858306885,15.640000343322754
raw,SNQ,6978.0,8000,1.0,4.0
raw,SNS,6.0,8000,0.004999999888241291,0.0
raw,SNV,13541.0,8000,3.744999885559082,14.979999542236328
raw,SPD,6968.0,8000,1.0,4.0
raw,SPR,1948.0,8000,0.30000001192092896,1.2000000476837158
raw,SPT,6913.0,8000,0.9900000095367432,0.0
raw,SQC,6719.0,8000,0.949999988079071,0.0
raw,SQI,6924.0,8000,0.9950000047683716,0.9300000071525574
raw,SQP,6828.0,8000,0.9599999785423279,3.8399999141693115
raw,SQS,6928.0,8000,1.0,0.004999999888241291
raw,SRL,3573.0,8000,0.5099999904632568,0.0
raw,SRR,1572.0,8000,0.18000000715255737,0.9750000238418579
raw,SSA,6838.0,8000,0.9750000238418579,0.9950000047683716
raw,SSG,6691.0,8000,0.949999988079071,3.799999952316284
raw,SSL,13.0,8000,0.004999999888241291,0.019999999552965164
raw,SSN,6934.0,8000,1.0,4.0
raw,SSQ,6710.0,8000,0.949999988079071,0.0
raw,SSS,6692.0,8000,0.9549999833106995,0.0
raw,SST,6899.0,8000,1.0,4.0
raw,SSV,13878.0,8000,3.9649999141693115,1.3700000047683716
raw,SSX,35.0,8000,0.02500000037252903,0.10000000149011612
raw,STA,6903.0,8000,1.0,0.9649999737739563
raw,STE,19458.0,8000,8.079999923706055,0.0
raw,STF,6920.0,8000,0.9900000095367432,3.9600000381469727
raw,STG,6988.0,8000,1.0,4.0
raw,STN,6983.0,8000,1.0,4.0
raw,STP,5062.0,8000,0.7749999761581421,3.0999999046325684
raw,STQ,6660.0,8000,0.9300000071525574,0.0
raw,STX,297.0,8000,0.06499999761581421,0.0
raw,SVA,13804.0,8000,3.9700000286102295,15.880000114440918
raw,SVD,6912.0,8000,0.9950000047683716,4.005000114440918
raw,SVI,6983.0,8000,1.0,0.0
raw,SVL,21231.0,8000,9.5,38.0
raw,SVT,6919.0,8000,0.9950000047683716,3.9800000190734863
raw,SVV,6794.0,8000,0.9900000095367432,3.9600000381469727
raw,SVX,19.0,8000,0.019999999552965164,0.9850000143051147
raw,SVY,6951.0,8000,0.9950000047683716,8.960000038146973
raw,SWM,6543.0,8000,0.9100000262260437,0.0
raw,SXL,12.0,8000,0.004999999888241291,0.0
raw,SXV,14.0,8000,0.004999999888241291,0.019999999552965164
raw,SXX,512.0,8000,0.3050000071525574,1.809999942779541
raw,SYE,6953.0,8000,1.0,0.0
raw,SYG,6801.0,8000,0.9800000190734863,1.1150000095367432
raw,SYH,25.0,8000,0.004999999888241291,0.0
raw,SYK,1.0,8000,0.004999999888241291,0.0
raw,SYL,6933.0,8000,0.9900000095367432,3.9600000381469727
raw,SYQ,6941.0,8000,0.9750000238418579,3.9000000953674316
raw,SYX,14.0,8000,0.009999999776482582,0.03999999910593033
raw,TAG,6477.0,8000,0.925000011920929,3.700000047683716
raw,TAP,6978.0,8000,0.9950000047683716,3.9800000190734863
raw,TAS,6910.0,8000,1.0,4.0
raw,TDA,13438.0,8000,3.7899999618530273,15.15999984741211
raw,TDE,6924.0,8000,1.0,0.0
raw,TDN,3608.0,8000,0.5099999904632568,0.0
raw,TEC,6923.0,8000,1.0,1.0
raw,TEI,13734.0,8000,3.9200000762939453,15.680000305175781
raw,TEK,5736.0,8000,0.8349999785423279,3.3399999141693115
raw,TES,13695.0,8000,3.880000114440918,15.520000457763672
raw,TEV,6982.0,8000,1.0,4.0
raw,TFE,6831.0,8000,0.9599999785423279,0.0
raw,TFG,6922.0,8000,1.0,0.0
raw,TFK,6922.0,8000,0.9900000095367432,0.0
raw,TFL,6471.0,8000,0.9300000071525574,0.0
raw,TFV,6986.0,8000,1.0,0.0
raw,TGC,6973.0,8000,1.0,0.0
raw,TGI,6869.0,8000,0.9950000047683716,4.005000114440918
raw,TGK,6677.0,8000,0.9649999737739563,3.859999895095825
raw,TGN,80.0,8000,0.009999999776482582,0.0
raw,TGR,6930.0,8000,1.0,4.0
raw,TGS,6980.0,8000,1.0,4.0
raw,TGT,7154.0,8000,1.0449999570846558,4.179999828338623
raw,TGV,6976.0,8000,1.0,0.0
raw,TGX,11.0,8000,0.004999999888241291,0.019999999552965164
raw,THN,3358.0,8000,0.47999998927116394,0.0
raw,THT,50.0,8000,0.004999999888241291,0.0
raw,THW,6981.0,8000,0.9950000047683716,3.9800000190734863
raw,TIA,189.0,8000,0.014999999664723873,0.05999999865889549
raw,TIM,6964.0,8000,1.0,4.0
raw,TIS,6906.0,8000,1.0,4.0
raw,TIT,13379.0,8000,3.7899999618530273,15.15999984741211
raw,TKC,6461.0,8000,0.9300000071525574,0.0
raw,TKL,6920.0,8000,0.9900000095367432,3.9600000381469727
raw,TKM,6748.0,8000,0.9750000238418579,0.0
raw,TKR,6513.0,8000,0.9049999713897705,3.619999885559082
raw,TKT,6857.0,8000,0.9750000238418579,3.9000000953674316
raw,TKX,26.0,8000,0.004999999888241291,0.0
raw,TLA,6929.0,8000,1.0,4.0
raw,TLD,6494.0,8000,0.925000011920929,0.9350000023841858
raw,TLE,6979.0,8000,0.9900000095367432,0.0
raw,TLH,78.0,8000,0.009999999776482582,0.0
raw,TLK,6457.0,8000,0.925000011920929,3.700000047683716
raw,TLL,6785.0,8000,0.949999988079071,3.799999952316284
raw,TLV,6942.0,8000,1.0,0.0
raw,TLX,15.0,8000,0.004999999888241291,0.0
raw,TMS,6927.0,8000,1.0,0.0
raw,TMY,6906.0,8000,0.9950000047683716,0.0
raw,TNF,3581.0,8000,0.5149999856948853,2.059999942779541
raw,TNG,9762.0,8000,2.115000009536743,0.0
raw,TNL,13925.0,8000,3.984999895095825,0.0
raw,TNR,190.0,8000,0.019999999552965164,0.07999999821186066
raw,TNS,13836.0,8000,3.9549999237060547,15.819999694824219
raw,TNT,6980.0,8000,1.0,0.0
raw,TNV,13411.0,8000,3.6700000762939453,0.004999999888241291
raw,TPC,12197.0,8000,3.3550000190734863,13.420000076293945
raw,TPG,13889.0,8000,3.9700000286102295,0.9800000190734863
raw,TPI,6843.0,8000,0.9750000238418579,0.18000000715255737
raw,TPP,6906.0,8000,1.0,0.0
raw,TPT,6985.0,8000,1.0,0.0
raw,TPX,10.0,8000,0.004999999888241291,1.034999966621399
raw,TQD,6652.0,8000,0.9300000071525574,0.0
raw,TQE,6897.0,8000,1.0,0.9150000214576721
raw,TQI,11.0,8000,0.004999999888241291,0.0
raw,TQL,13803.0,8000,3.940000057220459,1.3250000476837158
raw,TQN,6925.0,8000,1.0,0.0
raw,TQQ,6943.0,8000,1.0,4.0
raw,TQR,6988.0,8000,1.0,4.0
raw,TQS,6477.0,8000,0.8999999761581421,0.0
raw,TQT,6907.0,8000,0.9900000095367432,3.9600000381469727
raw,TRA,6972.0,8000,0.9950000047683716,3.9800000190734863
raw,TRF,13808.0,8000,3.9000000953674316,15.600000381469727
raw,TRG,6882.0,8000,0.9900000095367432,3.9600000381469727
raw,TRI,8.0,8000,0.004999999888241291,0.9950000047683716
raw,TRS,4.0,8000,0.004999999888241291,0.019999999552965164
raw,TRT,6668.0,8000,0.9549999833106995,0.0
raw,TSA,6918.0,8000,1.0,4.0
raw,TSC,6961.0,8000,0.9950000047683716,3.9800000190734863
raw,TSG,6913.0,8000,1.0,0.9950000047683716
raw,TSN,13453.0,8000,3.759999990463257,0.0
raw,TSP,6989.0,8000,1.0,0.0
raw,TSV,6913.0,8000,0.9950000047683716,0.0
raw,TTA,6979.0,8000,0.9950000047683716,0.0
raw,TTD,10562.0,8000,2.5250000953674316,0.0
raw,TTE,6918.0,8000,0.9950000047683716,3.9800000190734863
raw,TTH,3358.0,8000,0.47999998927116394,0.20999999344348907
raw,TTL,6490.0,8000,0.8999999761581421,8.175000190734863
raw,TTQ,12.0,8000,0.004999999888241291,0.0
raw,TTR,5148.0,8000,0.7900000214576721,3.184999942779541
raw,TTT,13.0,8000,0.004999999888241291,0.019999999552965164
raw,TTY,9.0,8000,0.004999999888241291,0.0
raw,TVC,6848.0,8000,0.9850000143051147,3.940000057220459
raw,TVE,6421.0,8000,0.9300000071525574,0.0
raw,TVI,37.0,8000,0.004999999888241291,0.019999999552965164
raw,TVL,6934.0,8000,0.9950000047683716,0.12999999523162842
raw,TVY,6999.0,8000,1.0099999904632568,0.0
raw,TWF,6565.0,8000,0.9150000214576721,0.0
raw,TWR,6985.0,8000,1.0,0.0
raw,TXF,6.0,8000,0.009999999776482582,0.03999999910593033
raw,TXR,5.0,8000,0.004999999888241291,0.0
raw,TXX,5384.0,8000,0.8799999952316284,3.609999895095825
raw,TYG,3583.0,8000,0.5199999809265137,1.0099999904632568
raw,TYN,8.0,8000,0.004999999888241291,0.019999999552965164
raw,TYV,13915.0,8000,4.0,0.0
raw,VAD,6918.0,8000,0.9950000047683716,1.0
raw,VAI,6961.0,8000,0.9950000047683716,3.9800000190734863
raw,VAK,6834.0,8000,0.9950000047683716,3.9800000190734863
raw,VAN,127.0,8000,0.004999999888241291,0.019999999552965164
raw,VAS,6895.0,8000,0.9900000095367432,3.9600000381469727
raw,VAV,6982.0,8000,0.9900000095367432,0.0
raw,VAX,9.0,8000,0.004999999888241291,0.0
raw,VAY,6921.0,8000,1.0,0.0
raw,VCE,6466.0,8000,0.8899999856948853,3.559999942779541
raw,VCG,6885.0,8000,0.9900000095367432,8.920000076293945
raw,VDC,13387.0,8000,3.7750000953674316,0.0
raw,VDF,6974.0,8000,0.9950000047683716,3.9800000190734863
raw,VDL,13832.0,8000,3.8949999809265137,0.0
raw,VDX,33.0,8000,0.009999999776482582,0.03999999910593033
raw,VEA,6932.0,8000,1.0,4.0
raw,VEG,6412.0,8000,0.9350000023841858,0.0
raw,VEK,6431.0,8000,0.9300000071525574,0.019999999552965164
raw,VEN,191.0,8000,0.014999999664723873,0.0
raw,VEQ,6911.0,8000,1.0,0.0
raw,VFA,6918.0,8000,0.9950000047683716,0.0
raw,VFF,270.0,8000,0.05000000074505806,0.0
raw,VFK,6837.0,8000,0.9549999833106995,0.0
raw,VFL,13605.0,8000,3.805000066757202,0.0
raw,VFN,6944.0,8000,0.9900000095367432,0.0
raw,VFQ,6991.0,8000,1.0149999856948853,4.059999942779541
raw,VFR,6945.0,8000,0.9950000047683716,1.0
raw,VFV,6986.0,8000,0.9900000095367432,3.9600000381469727
raw,VGG,6817.0,8000,0.9850000143051147,0.0
raw,VGY,13276.0,8000,3.740000009536743,14.960000038146973
raw,VIA,7002.0,8000,1.0049999952316284,0.0
raw,VIG,6989.0,8000,0.9950000047683716,3.9800000190734863
raw,VIK,6470.0,8000,0.8999999761581421,3.5999999046325684
raw,VIR,6932.0,8000,0.9900000095367432,3.9600000381469727
raw,VIS,9.0,8000,0.004999999888241291,0.019999999552965164
raw,VIT,6980.0,8000,1.0,4.0
raw,VIV,9.0,8000,0.004999999888241291,0.06499999761581421
raw,VIX,11.0,8000,0.004999999888241291,0.019999999552965164
raw,VKG,391.0,8000,0.03999999910593033,0.0
raw,VKL,6975.0,8000,1.0,1.0
raw,VKN,6976.0,8000,0.9950000047683716,0.0
raw,VKQ,13875.0,8000,3.984999895095825,15.9399995803833
raw,VLE,438.0,8000,0.08500000089406967,0.0
raw,VLG,6978.0,8000,1.0,0.0
raw,VLH,6934.0,8000,0.9900000095367432,3.9600000381469727
raw,VLK,6938.0,8000,0.9900000095367432,0.0
raw,VLL,6882.0,8000,0.9850000143051147,3.940000057220459
raw,VLN,6935.0,8000,0.9950000047683716,0.004999999888241291
raw,VLP,13449.0,8000,3.7149999141693115,14.859999656677246
raw,VLS,6804.0,8000,0.9800000190734863,0.07000000029802322
raw,VLT,6979.0,8000,1.0,4.0
raw,VLY,20837.0,8000,8.925000190734863,0.0
raw,VMV,6940.0,8000,0.9850000143051147,0.0
raw,VNC,6995.0,8000,0.9950000047683716,0.9549999833106995
raw,VNF,7381.0,8000,1.1299999952316284,4.519999980926514
raw,VNI,6964.0,8000,0.9950000047683716,8.40999984741211
raw,VNL,6482.0,8000,0.9399999976158142,3.759999990463257
raw,VNN,20370.0,8000,8.460000038146973,0.0
raw,VNQ,6923.0,8000,1.0,0.0
raw,VNX,19.0,8000,0.009999999776482582,0.03999999910593033
raw,VPA,6985.0,8000,1.0,0.10000000149011612
raw,VPF,24.0,8000,0.004999999888241291,0.0
raw,VPV,6963.0,8000,0.9950000047683716,1.0
raw,VQI,6932.0,8000,1.0,0.0
raw,VQP,6479.0,8000,0.9200000166893005,3.680000066757202
raw,VRD,13734.0,8000,3.880000114440918,0.0
raw,VRF,6731.0,8000,0.9549999833106995,0.0
raw,VRG,80.0,8000,0.009999999776482582,0.03999999910593033
raw,VRH,6.0,8000,0.004999999888241291,0.019999999552965164
raw,VRQ,6937.0,8000,0.9900000095367432,0.0
raw,VSA,4.0,8000,0.004999999888241291,0.019999999552965164
raw,VSF,5.0,8000,0.004999999888241291,0.0
raw,VSG,10136.0,8000,2.2249999046325684,8.899999618530273
raw,VSI,180.0,8000,0.03999999910593033,0.1599999964237213
raw,VSM,6913.0,8000,0.9900000095367432,0.0
raw,VSN,6986.0,8000,0.9900000095367432,3.9600000381469727
raw,VSP,6917.0,8000,0.9900000095367432,3.9600000381469727
raw,VSQ,6858.0,8000,0.9850000143051147,0.0
raw,VSS,6714.0,8000,0.9449999928474426,0.0
raw,VSV,7000.0,8000,1.0,8.975000381469727
raw,VSX,15.0,8000,0.014999999664723873,0.0
raw,VTI,6964.0,8000,0.9950000047683716,3.9800000190734863
raw,VTL,6927.0,8000,1.0,4.0
raw,VTQ,20807.0,8000,8.975000381469727,1.0
raw,VTT,6917.0,8000,0.9950000047683716,0.9800000190734863
raw,VTW,6560.0,8000,0.9150000214576721,3.6600000858306885
raw,VTX,11.0,8000,0.004999999888241291,0.019999999552965164
raw,VTY,6989.0,8000,1.0,4.0
raw,VVF,6989.0,8000,1.0,0.0
raw,VVI,13455.0,8000,3.684999942779541,0.0
raw,VVL,6809.0,8000,0.9800000190734863,0.0
raw,VVN,13683.0,8000,3.9100000858306885,0.0
raw,VVS,31.0,8000,0.009999999776482582,0.004999999888241291
raw,VVV,6815.0,8000,0.9800000190734863,0.0
raw,VVX,26.0,8000,0.004999999888241291,0.9950000047683716
raw,VXA,6.0,8000,0.004999999888241291,0.019999999552965164
raw,VXF,4.0,8000,0.004999999888241291,3.4549999237060547
raw,VXX,204.0,8000,0.054999999701976776,0.0
raw,VYA,13887.0,8000,3.9649999141693115,15.859999656677246
raw,VYD,6989.0,8000,0.9950000047683716,3.9800000190734863
raw,VYF,6513.0,8000,0.9049999713897705,0.0
raw,VYH,3205.0,8000,0.4749999940395355,0.0
raw,VYI,9.0,8000,0.004999999888241291,0.019999999552965164
raw,VYS,13815.0,8000,3.880000114440918,15.520000457763672
raw,VYT,9.0,8000,0.004999999888241291,0.019999999552965164
raw,VYX,28.0,8000,0.009999999776482582,0.03999999910593033
raw,VYY,10065.0,8000,2.2249999046325684,8.899999618530273
raw,WFH,6552.0,8000,0.9100000262260437,3.640000104904175
raw,WFV,6955.0,8000,0.9950000047683716,0.0
raw,WFX,10.0,8000,0.004999999888241291,0.0
raw,WIF,6485.0,8000,0.8899999856948853,3.559999942779541
raw,WIX,50.0,8000,0.009999999776482582,0.0
raw,WLC,10.0,8000,0.004999999888241291,0.019999999552965164
raw,WLG,6944.0,8000,0.9900000095367432,0.0
raw,WMA,1.0,8000,0.004999999888241291,0.019999999552965164
raw,WME,6552.0,8000,0.9100000262260437,0.0
raw,WNR,6931.0,8000,0.9950000047683716,0.0
raw,WNS,6966.0,8000,0.9950000047683716,3.9800000190734863
raw,WPW,6880.0,8000,0.9850000143051147,1.0
raw,WPX,91.0,8000,0.009999999776482582,0.0
raw,WRV,6988.0,8000,1.0,1.0149999856948853
raw,WTA,6480.0,8000,0.9200000166893005,0.0
raw,WTF,6918.0,8000,1.0,1.0
raw,WTX,151.0,8000,0.02500000037252903,0.10000000149011612
raw,WXF,2.0,8000,0.004999999888241291,0.019999999552965164
raw,WXX,68.0,8000,0.009999999776482582,0.9900000095367432
raw,WYI,6876.0,8000,0.9850000143051147,0.0
raw,XAA,30.0,8000,0.009999999776482582,0.9850000143051147
raw,XAL,47.0,8000,0.004999999888241291,0.9950000047683716
raw,XAS,44.0,8000,0.004999999888241291,0.0
raw,XAT,10.0,8000,0.004999999888241291,1.034999966621399
raw,XAV,57.0,8000,0.014999999664723873,0.05999999865889549
raw,XAW,4.0,8000,0.004999999888241291,0.019999999552965164
raw,XAY,17.0,8000,0.009999999776482582,0.03999999910593033
raw,XCN,14.0,8000,0.009999999776482582,0.0
raw,XCV,10.0,8000,0.004999999888241291,0.0
raw,XDG,6.0,8000,0.009999999776482582,0.0
raw,XDI,4.0,8000,0.004999999888241291,0.0
raw,XDL,18.0,8000,0.004999999888241291,0.0
raw,XEL,1.0,8000,0.004999999888241291,0.0
raw,XES,15.0,8000,0.004999999888241291,0.019999999552965164
raw,XEV,8.0,8000,0.004999999888241291,0.0
raw,XEY,3.0,8000,0.004999999888241291,0.0
raw,XFC,5.0,8000,0.004999999888241291,0.0
raw,XFG,10.0,8000,0.02500000037252903,0.10999999940395355
raw,XFH,6.0,8000,0.004999999888241291,0.0
raw,XFI,13.0,8000,0.004999999888241291,0.019999999552965164
raw,XFL,38.0,8000,0.009999999776482582,0.03999999910593033
raw,XFN,17.0,8000,0.004999999888241291,0.004999999888241291
raw,XFQ,19.0,8000,0.009999999776482582,0.03999999910593033
raw,XFV,5.0,8000,0.004999999888241291,0.0
raw,XGI,32.0,8000,0.004999999888241291,0.0
raw,XGN,7.0,8000,0.004999999888241291,0.0
raw,XGV,40.0,8000,0.004999999888241291,0.0
raw,XIA,13.0,8000,0.004999999888241291,0.0
raw,XIE,3.0,8000,0.004999999888241291,1.0099999904632568
raw,XIL,5.0,8000,0.004999999888241291,0.0
raw,XIS,14.0,8000,0.009999999776482582,0.03999999910593033
raw,XIX,21.0,8000,0.004999999888241291,0.0
raw,XKM,3.0,8000,0.004999999888241291,0.9649999737739563
raw,XKN,31.0,8000,0.014999999664723873,0.05999999865889549
raw,XKS,110.0,8000,0.004999999888241291,0.019999999552965164
raw,XKT,11.0,8000,0.02500000037252903,0.0
raw,XKV,67.0,8000,0.014999999664723873,0.05999999865889549
raw,XLA,6.0,8000,0.004999999888241291,0.019999999552965164
raw,XLD,16.0,8000,0.004999999888241291,0.019999999552965164
raw,XLE,16.0,8000,0.004999999888241291,0.8299999833106995
raw,XLF,12.0,8000,0.004999999888241291,0.019999999552965164
raw,XLG,9.0,8000,0.004999999888241291,0.0
raw,XLH,76.0,8000,0.02500000037252903,0.10000000149011612
raw,XLK,22.0,8000,0.02500000037252903,0.10000000149011612
raw,XLP,15.0,8000,0.004999999888241291,0.019999999552965164
raw,XLQ,65.0,8000,0.014999999664723873,2.515000104904175
raw,XLS,12.0,8000,0.004999999888241291,0.0
raw,XMQ,2.0,8000,0.004999999888241291,0.02500000037252903
raw,XMT,2.0,8000,0.004999999888241291,0.019999999552965164
raw,XNA,5.0,8000,0.004999999888241291,0.019999999552965164
raw,XNC,9.0,8000,0.004999999888241291,0.019999999552965164
raw,XND,40.0,8000,0.009999999776482582,0.0
raw,XNI,20.0,8000,0.009999999776482582,0.03999999910593033
raw,XNL,30.0,8000,0.004999999888241291,0.0
raw,XNN,73.0,8000,0.004999999888241291,0.029999999329447746
raw,XNQ,31.0,8000,0.004999999888241291,0.9700000286102295
raw,XNS,13.0,8000,0.004999999888241291,0.019999999552965164
raw,XPA,29.0,8000,0.004999999888241291,0.019999999552965164
raw,XPE,2.0,8000,0.004999999888241291,0.0
raw,XPF,28.0,8000,0.004999999888241291,0.0
raw,XPL,14.0,8000,0.004999999888241291,0.0
raw,XPR,16.0,8000,0.004999999888241291,0.019999999552965164
raw,XPT,122.0,8000,0.014999999664723873,0.0
raw,XQF,27.0,8000,0.004999999888241291,0.0
raw,XQL,12.0,8000,0.004999999888241291,0.019999999552965164
raw,XQP,119.0,8000,0.019999999552965164,0.0
raw,XQT,15.0,8000,0.009999999776482582,0.03999999910593033
raw,XQX,11.0,8000,0.004999999888241291,0.0
raw,XRF,227.0,8000,0.03500000014901161,0.17000000178813934
raw,XRT,15.0,8000,0.004999999888241291,0.0
raw,XRV,20.0,8000,0.004999999888241291,0.0
raw,XSE,22.0,8000,0.004999999888241291,0.0
raw,XSG,84.0,8000,0.004999999888241291,0.019999999552965164
raw,XSK,13.0,8000,0.009999999776482582,0.0949999988079071
raw,XSN,34.0,8000,0.004999999888241291,0.05000000074505806
raw,XSQ,9.0,8000,0.004999999888241291,0.019999999552965164
raw,XSS,11.0,8000,0.009999999776482582,0.03999999910593033
raw,XST,18.0,8000,0.009999999776482582,0.03999999910593033
raw,XSV,13.0,8000,0.009999999776482582,0.03999999910593033
raw,XSW,6.0,8000,0.004999999888241291,3.9200000762939453
raw,XTA,10.0,8000,0.004999999888241291,0.0
raw,XTE,38.0,8000,0.009999999776482582,0.0
raw,XTF,7.0,8000,0.004999999888241291,0.03999999910593033
raw,XTH,1.0,8000,0.004999999888241291,0.019999999552965164
raw,XTI,7.0,8000,0.004999999888241291,0.9950000047683716
raw,XTK,19.0,8000,0.004999999888241291,0.019999999552965164
raw,XTM,2.0,8000,0.004999999888241291,0.019999999552965164
raw,XTN,31.0,8000,0.004999999888241291,0.019999999552965164
raw,XTP,6.0,8000,0.004999999888241291,0.019999999552965164
raw,XTQ,13.0,8000,0.014999999664723873,0.0
raw,XTT,10.0,8000,0.014999999664723873,1.1150000095367432
raw,XVC,43.0,8000,0.004999999888241291,0.0
raw,XVK,5.0,8000,0.004999999888241291,1.0399999618530273
raw,XVN,15.0,8000,0.009999999776482582,0.0
raw,XVQ,19.0,8000,0.004999999888241291,0.019999999552965164
raw,XVV,68.0,8000,0.019999999552965164,0.0
raw,XVY,209.0,8000,0.02500000037252903,0.0
raw,XWM,11.0,8000,0.004999999888241291,1.0
raw,XXA,199.0,8000,0.054999999701976776,0.9700000286102295
raw,XXC,96.0,8000,0.014999999664723873,0.16500000655651093
raw,XXD,97.0,8000,0.014999999664723873,0.0
raw,XXE,79.0,8000,0.029999999329447746,0.0
raw,XXF,142.0,8000,0.029999999329447746,0.11999999731779099
raw,XXG,154.0,8000,0.014999999664723873,0.05999999865889549
raw,XXI,109.0,8000,0.019999999552965164,0.0
raw,XXK,225.0,8000,0.03999999910593033,0.1599999964237213
raw,XXL,261.0,8000,0.13500000536441803,0.0
raw,XXM,9.0,8000,0.019999999552965164,0.0
raw,XXN,266.0,8000,0.03999999910593033,0.9750000238418579
raw,XXP,227.0,8000,0.04500000178813934,0.18000000715255737
raw,XXQ,190.0,8000,0.05000000074505806,0.20000000298023224
raw,XXR,266.0,8000,0.03500000014901161,1.2799999713897705
raw,XXS,254.0,8000,0.09000000357627869,1.5299999713897705
raw,XXT,202.0,8000,0.14499999582767487,0.5799999833106995
raw,XXV,302.0,8000,0.04500000178813934,0.0
raw,XXW,17.0,8000,0.004999999888241291,0.0
raw,XXX,151725.0,8000,2850.60009765625,0.0
raw,XXY,580.0,8000,0.07000000029802322,0.2800000011920929
raw,XYG,9.0,8000,0.004999999888241291,0.019999999552965164
raw,XYH,105.0,8000,0.004999999888241291,0.0
raw,XYI,94.0,8000,0.009999999776482582,0.0
raw,XYN,47.0,8000,0.004999999888241291,0.019999999552965164
raw,XYR,14.0,8000,0.004999999888241291,0.0
raw,XYY,348.0,8000,0.054999999701976776,0.2199999988079071
raw,YAD,6934.0,8000,0.9900000095367432,3.9600000381469727
raw,YAW,6952.0,8000,0.9950000047683716,0.0
raw,YDP,6947.0,8000,0.9800000190734863,3.9200000762939453
raw,YDX,43.0,8000,0.014999999664723873,0.0
raw,YEC,6959.0,8000,1.0,1.0
raw,YEN,6920.0,8000,1.0,4.0
raw,YEP,6989.0,8000,0.9950000047683716,0.0
raw,YEQ,6971.0,8000,0.9950000047683716,0.0
raw,YEV,2.0,8000,0.004999999888241291,0.019999999552965164
raw,YEX,4.0,8000,0.004999999888241291,0.019999999552965164
raw,YFA,6511.0,8000,0.9049999713897705,0.0
raw,YFK,13838.0,8000,3.940000057220459,0.0
raw,YFP,6802.0,8000,0.9800000190734863,0.0
raw,YGD,6926.0,8000,1.0,1.0
raw,YGF,6817.0,8000,0.9850000143051147,3.940000057220459
raw,YGS,6924.0,8000,0.9950000047683716,3.9800000190734863
raw,YGV,10508.0,8000,2.5399999618530273,10.15999984741211
raw,YHK,6812.0,8000,0.9599999785423279,0.0
raw,YHL,6982.0,8000,1.0,4.0
raw,YHT,25.0,8000,0.004999999888241291,0.0
raw,YIC,6919.0,8000,1.0,4.0
raw,YIK,6974.0,8000,0.9950000047683716,3.9800000190734863
raw,YIW,6968.0,8000,0.9950000047683716,0.0
raw,YKL,6975.0,8000,1.0,0.0
raw,YKT,6906.0,8000,1.0099999904632568,0.0
raw,YLE,1.0,8000,0.004999999888241291,0.0
raw,YLQ,6456.0,8000,0.9350000023841858,1.0
raw,YLT,6924.0,8000,0.9900000095367432,0.0
raw,YLY,5104.0,8000,0.7699999809265137,3.0799999237060547
raw,YNE,6476.0,8000,0.9300000071525574,3.7200000286102295
raw,YNQ,1.0,8000,0.004999999888241291,0.019999999552965164
raw,YNS,6922.0,8000,0.9900000095367432,3.9600000381469727
raw,YNT,11.0,8000,0.004999999888241291,0.0
raw,YNY,13792.0,8000,3.9549999237060547,0.0
raw,YPD,6887.0,8000,0.9800000190734863,3.9200000762939453
raw,YPF,205.0,8000,0.029999999329447746,0.0
raw,YPX,5.0,8000,0.004999999888241291,0.019999999552965164
raw,YQA,6807.0,8000,0.9750000238418579,3.9000000953674316
raw,YQD,5.0,8000,0.004999999888241291,0.0
raw,YQG,6969.0,8000,0.9900000095367432,3.9600000381469727
raw,YQP,6812.0,8000,0.9750000238418579,3.924999952316284
raw,YQT,13418.0,8000,3.684999942779541,14.739999771118164
raw,YQX,15.0,8000,0.004999999888241291,0.009999999776482582
raw,YRF,6927.0,8000,1.0,0.0
raw,YRL,6814.0,8000,0.9800000190734863,1.0149999856948853
raw,YRV,6822.0,8000,0.9750000238418579,0.0
raw,YRY,1709.0,8000,0.20999999344348907,0.0
raw,YSK,6854.0,8000,0.9800000190734863,0.0
raw,YSN,6933.0,8000,1.0,0.0
raw,YSS,6829.0,8000,0.9599999785423279,3.8399999141693115
raw,YST,7002.0,8000,1.0,4.0
raw,YSV,6921.0,8000,0.9950000047683716,0.0
raw,YTM,6932.0,8000,1.0,0.0
raw,YTN,6876.0,8000,0.9900000095367432,3.9600000381469727
raw,YTS,6920.0,8000,1.0,0.0
raw,YTX,6989.0,8000,1.0,0.0
raw,YVF,1.0,8000,0.004999999888241291,1.0
raw,YVG,6471.0,8000,0.9350000023841858,3.740000009536743
raw,YVN,205.0,8000,0.019999999552965164,0.07999999821186066
raw,YVP,6989.0,8000,1.0,4.050000190734863
raw,YVS,6841.0,8000,0.9549999833106995,3.819999933242798
raw,YVT,6928.0,8000,1.0,8.975000381469727
raw,YVX,12.0,8000,0.004999999888241291,0.0
raw,YXT,8.0,8000,0.009999999776482582,0.03999999910593033
raw,YXX,134.0,8000,0.019999999552965164,0.07999999821186066
raw,YXY,3.0,8000,0.004999999888241291,0.019999999552965164
raw,YYH,3503.0,8000,0.47999998927116394,1.9199999570846558
raw,YYP,6893.0,8000,0.9850000143051147,3.940000057220459
raw,YYV,6471.0,8000,0.9399999976158142,0.0
