accuracy,balanced_accuracy,precision_weighted,recall_weighted,f1_weighted,precision_macro,recall_macro,f1_macro,mcc,kappa,roc_auc_ovr_macro,roc_auc_available,train_time,test_time,classifier,corpus,model,regime,pooling,split,dim
0.8022813688212928,0.6839856584210737,0.7926795007590771,0.8022813688212928,0.791106159110193,0.7136963543724174,0.6839856584210737,0.6811282047173465,0.7583416068135328,0.7575053095706241,0.9728133196638549,True,212.64567129593343,0.018823825987055898,LR,dedup,Murmur2Vec,m2v_full,-,0,27235
0.7769328263624842,0.6585415975653497,0.7610750802865381,0.7769328263624842,0.7677284920600657,0.6548193821220014,0.6585415975653497,0.6542907165208237,0.7264505479330837,0.7261826592604423,0.9784751624067431,True,203.0379563551396,0.01954088290221989,LR,dedup,Murmur2Vec,m2v_full,-,1,27235
0.7858048162230672,0.6312361978738479,0.7766096972734149,0.7858048162230672,0.7742171665767505,0.6995324253365687,0.6312361978738479,0.6407080909382871,0.7385604695041683,0.7374236439039183,0.967715903328238,True,172.46588937193155,0.01998233306221664,LR,dedup,Murmur2Vec,m2v_full,-,2,27235
0.7858048162230672,0.6523257389479227,0.7781285993967841,0.7858048162230672,0.7805524897321557,0.649458617822821,0.6523257389479227,0.647908100828349,0.7379637800199683,0.7377799365988342,0.97453889375947,True,192.55658451491036,0.018702958011999726,LR,dedup,Murmur2Vec,m2v_full,-,3,27235
0.7972116603295311,0.6789778911949557,0.7854650854393658,0.7972116603295311,0.7878922571389742,0.6773982469248114,0.6789778911949557,0.6713984725315847,0.7519038840371736,0.7514725800863074,0.9712300021068422,True,186.82063644193113,0.018926549004390836,LR,dedup,Murmur2Vec,m2v_full,-,4,27235
0.8149556400506971,0.6817473190947301,0.8069080188857863,0.8149556400506971,0.7996231942139704,0.7140153048695622,0.6817473190947301,0.6746040301522962,0.7742595164016367,0.7724949440687607,0.9789493149387009,True,0.36158931185491383,0.04781833593733609,RF,dedup,Murmur2Vec,m2v_full,-,0,27235
0.7972116603295311,0.6830964644903199,0.7810783483577062,0.7972116603295311,0.7867675173348225,0.6871069349278106,0.6830964644903199,0.681286077294198,0.7513493420929358,0.750905689863377,0.9644956710003391,True,0.3278093000408262,0.05973110510967672,RF,dedup,Murmur2Vec,m2v_full,-,1,27235
0.8010139416983524,0.6317945438012079,0.792980499872506,0.8010139416983524,0.7880073246326915,0.7140038599353834,0.6317945438012079,0.6398508502534077,0.7566484462150933,0.7557641575280074,0.9614037115442371,True,0.35772874811664224,0.0686904510948807,RF,dedup,Murmur2Vec,m2v_full,-,2,27235
0.8060836501901141,0.6467837823829659,0.8002217974739614,0.8060836501901141,0.7961611758718594,0.6691626816203488,0.6467837823829659,0.645020077385086,0.7632207952724448,0.7620627261761158,0.9682728031458105,True,0.33303643320687115,0.06871155090630054,RF,dedup,Murmur2Vec,m2v_full,-,3,27235
0.7870722433460076,0.6359515608729204,0.7653523755912447,0.7870722433460076,0.7713876318722649,0.6282202846104527,0.6359515608729204,0.6243270984383058,0.7391498627245547,0.7384194894767482,0.9486546490634328,True,0.33034432400017977,0.06930605904199183,RF,dedup,Murmur2Vec,m2v_full,-,4,27235
0.7870722433460076,0.6844983795301818,0.7823138921093735,0.7870722433460076,0.778149392343637,0.6776277819783464,0.6844983795301818,0.6683134939591159,0.7406681006622998,0.7396811805393261,0.837010694872841,True,0.5377327129244804,0.0034530789125710726,DT,dedup,Murmur2Vec,m2v_full,-,0,27235
0.7782002534854245,0.649438588534555,0.7719686391675888,0.7782002534854245,0.7739566547751933,0.6426760400097473,0.649438588534555,0.6428390142887096,0.7283440485435424,0.7281779506694411,0.8192803489027867,True,0.48907716386020184,0.0034757829271256924,DT,dedup,Murmur2Vec,m2v_full,-,1,27235
0.779467680608365,0.6767480990515522,0.7796340022561654,0.779467680608365,0.7756164502349782,0.6935922862067755,0.6767480990515522,0.6694082178988906,0.731072676676827,0.7304740645632468,0.8329978078636384,True,0.5142243229784071,0.0034407158382236958,DT,dedup,Murmur2Vec,m2v_full,-,2,27235
0.7718631178707225,0.6374063037636429,0.7696767815052314,0.7718631178707225,0.7667936042369567,0.6193930141356612,0.6374063037636429,0.6225523324708238,0.7222042268982433,0.7213753487222346,0.8131624160646758,True,0.5191894141025841,0.0034478390589356422,DT,dedup,Murmur2Vec,m2v_full,-,3,27235
0.7782002534854245,0.614329324080583,0.7681813685730428,0.7782002534854245,0.7690977167651873,0.6167296333601011,0.614329324080583,0.6075642094525834,0.7289790352024155,0.7282827944906791,0.8017382568462736,True,0.5192870181053877,0.0035894359461963177,DT,dedup,Murmur2Vec,m2v_full,-,4,27235
0.7997465145754119,0.6725858225315718,0.7923175246504847,0.7997465145754119,0.7894780784375466,0.7093106041577216,0.6725858225315718,0.6721814977610944,0.7552228301487466,0.7543107271032348,0.9740147124231779,True,141.04536714497954,0.01447162707336247,LR,dedup,Murmur2Vec,m2v_trunc,-,0,23665
0.7782002534854245,0.6515179087332856,0.7648135459942609,0.7782002534854245,0.7697079437638853,0.6580213321685382,0.6515179087332856,0.6508406629007142,0.7279221608412005,0.727632100650369,0.9796121601574451,True,123.7983688279055,0.013764568138867617,LR,dedup,Murmur2Vec,m2v_trunc,-,1,23665
0.7921419518377694,0.6456751348477862,0.7872228392078708,0.7921419518377694,0.7838128426350064,0.7243714346616176,0.6456751348477862,0.6606117243738217,0.7459792042439388,0.7452147527975064,0.9686527173926675,True,140.43031997792423,0.014542258810251951,LR,dedup,Murmur2Vec,m2v_trunc,-,2,23665
0.7896070975918885,0.6372413755464187,0.7812618747036609,0.7896070975918885,0.783235119162426,0.6561535661487099,0.6372413755464187,0.6404645799133907,0.7424272921975048,0.7421035531795492,0.9755291934665333,True,159.2207343338523,0.013772082049399614,LR,dedup,Murmur2Vec,m2v_trunc,-,3,23665
0.7934093789607097,0.6691565352409469,0.7791055202849732,0.7934093789607097,0.7822836904521575,0.6881155703080837,0.6691565352409469,0.6649012898755912,0.7472939113223064,0.7467583485447273,0.9736689570693753,True,137.64183540898375,0.014242115896195173,LR,dedup,Murmur2Vec,m2v_trunc,-,4,23665
0.8111533586818758,0.6829897466777349,0.8043998567019542,0.8111533586818758,0.7968422713340682,0.7138552677736367,0.6829897466777349,0.673736924246851,0.7695012153060491,0.767958581867132,0.9751810053821903,True,0.48767481301911175,0.05798016604967415,RF,dedup,Murmur2Vec,m2v_trunc,-,0,23665
0.7743979721166033,0.6342715375398428,0.7687428992041452,0.7743979721166033,0.7688757543895808,0.646634439639355,0.6342715375398428,0.6348816981918205,0.7235609670567938,0.7230574464225148,0.9781720118140381,True,0.4465427710674703,0.057533918181434274,RF,dedup,Murmur2Vec,m2v_trunc,-,1,23665
0.7832699619771863,0.6235939169093667,0.7755349553034343,0.7832699619771863,0.7748633603025746,0.6895399272111568,0.6235939169093667,0.6314639398547292,0.7345220960464429,0.7341827516978188,0.9652453286539834,True,0.5233388999477029,0.04852872295305133,RF,dedup,Murmur2Vec,m2v_trunc,-,2,23665
0.7896070975918885,0.6264421098551982,0.7742550439331197,0.7896070975918885,0.7764271114372668,0.6441608746572022,0.6264421098551982,0.6249360345632027,0.7426373931110194,0.7415636333500396,0.9739107450389004,True,0.49837370100431144,0.04783800500445068,RF,dedup,Murmur2Vec,m2v_trunc,-,3,23665
0.7934093789607097,0.6446493085020254,0.7758550512520982,0.7934093789607097,0.7774225811467896,0.6439440304157336,0.6446493085020254,0.6335683061893893,0.7470882929082345,0.7460923849630117,0.9339471516467263,True,0.4758889840450138,0.04797932202927768,RF,dedup,Murmur2Vec,m2v_trunc,-,4,23665
0.7908745247148289,0.6896452377334922,0.7880227793577876,0.7908745247148289,0.7831350053051271,0.7173684933914135,0.6896452377334922,0.6872200085316184,0.7453942809004315,0.7442448459987977,0.8881585563664062,True,0.4711355799809098,0.0028275740332901478,DT,dedup,Murmur2Vec,m2v_trunc,-,0,23665
0.7642585551330798,0.6303740567336346,0.7671338427799529,0.7642585551330798,0.7633159464666674,0.6377545887020817,0.6303740567336346,0.6302368122540842,0.71242604372686,0.711614306684667,0.8908441008726821,True,0.43831943604163826,0.002866887953132391,DT,dedup,Murmur2Vec,m2v_trunc,-,1,23665
0.7743979721166033,0.6490415579153441,0.7760067030827489,0.7743979721166033,0.7708116262589131,0.6324281106148981,0.6490415579153441,0.6322560429611254,0.7247817616254211,0.7241621771315553,0.8774750649065827,True,0.44112252397462726,0.0028116940520703793,DT,dedup,Murmur2Vec,m2v_trunc,-,2,23665
0.7820025348542459,0.6427744010952927,0.7657542221630003,0.7820025348542459,0.7684545819054281,0.6203938510282736,0.6427744010952927,0.6235182338555404,0.7341280864874328,0.732919254658385,0.8893461024735045,True,0.4694612140301615,0.0027874980587512255,DT,dedup,Murmur2Vec,m2v_trunc,-,3,23665
0.7756653992395437,0.6090882527898392,0.7680578109978691,0.7756653992395437,0.767084924215894,0.6122284539155646,0.6090882527898392,0.600498491454223,0.7258289886088863,0.7251266083143233,0.8318332343019965,True,0.46731978887692094,0.0028225749265402555,DT,dedup,Murmur2Vec,m2v_trunc,-,4,23665
0.8585714285714285,0.6925559144554252,0.8523549539198476,0.8585714285714285,0.8431374605323008,0.7481705484054103,0.6925559144554252,0.6854604515601964,0.809291389637296,0.8074396168675115,0.9805904745046252,True,335.8499184111133,0.04753911797888577,LR,raw,Murmur2Vec,m2v_full,-,0,27235
0.861904761904762,0.7004733381976634,0.8544037483014353,0.861904761904762,0.8475582368301832,0.7566717891621315,0.7004733381976634,0.6993231918128276,0.8136461887993155,0.8120050662936814,0.9854205231148594,True,376.9611463889014,0.048731947084888816,LR,raw,Murmur2Vec,m2v_full,-,1,27235
0.8533333333333334,0.6687538586557081,0.8418382375725039,0.8533333333333334,0.8389681339442634,0.7119755419408402,0.6687538586557081,0.6711465137653025,0.8017408096779827,0.8002380589118596,0.9813519652967233,True,366.4423291319981,0.048891228158026934,LR,raw,Murmur2Vec,m2v_full,-,2,27235
0.8485714285714285,0.6623975620922747,0.8445958844074561,0.8485714285714285,0.8352398723853331,0.7324641194569249,0.6623975620922747,0.6589791255239167,0.7958966078734959,0.7941517900903106,0.9857814467697342,True,382.413839797955,0.04812762187793851,LR,raw,Murmur2Vec,m2v_full,-,3,27235
0.8471428571428572,0.6875067372106175,0.8445978859981105,0.8471428571428572,0.8350394042878564,0.763750742751533,0.6875067372106175,0.6874802209848215,0.793498157634416,0.7921616483514451,0.9870907329528255,True,345.9590582100209,0.05618769093416631,LR,raw,Murmur2Vec,m2v_full,-,4,27235
0.8504761904761905,0.6571520933949618,0.837390043850306,0.8504761904761905,0.8324889192701614,0.6977977847610795,0.6571520933949618,0.6500476270916259,0.7982670771828512,0.7962439547583711,0.9786641235606841,True,1.5231547730509192,0.10155050689354539,RF,raw,Murmur2Vec,m2v_full,-,0,27235
0.8566666666666667,0.6844377766769604,0.8469637462505685,0.8566666666666667,0.839799201921783,0.7567462212086628,0.6844377766769604,0.6813871438650458,0.8067646847506188,0.8046766968267766,0.9809173872054853,True,1.4397185700945556,0.10956331482157111,RF,raw,Murmur2Vec,m2v_full,-,1,27235
0.8504761904761905,0.6714160774715373,0.8438132634495003,0.8504761904761905,0.8384128503776064,0.7174060577346459,0.6714160774715373,0.6713877106370488,0.7975095047906151,0.796173413953126,0.9784105052192185,True,1.40379941300489,0.11249485495500267,RF,raw,Murmur2Vec,m2v_full,-,2,27235
0.8504761904761905,0.6540051278593245,0.8427802158545831,0.8504761904761905,0.8344096801657156,0.696218450347822,0.6540051278593245,0.6463749682119584,0.7985252455248858,0.796550051649259,0.9827517677800522,True,1.504465047037229,0.1101522920653224,RF,raw,Murmur2Vec,m2v_full,-,3,27235
0.8442857142857143,0.6716378259080029,0.8365527907763187,0.8442857142857143,0.8289014813116183,0.726188669253058,0.6716378259080029,0.6683301441632497,0.7900402848296366,0.7880433876759592,0.9838466431542835,True,1.4295668499544263,0.09980702889151871,RF,raw,Murmur2Vec,m2v_full,-,4,27235
0.8485714285714285,0.6681782867827392,0.8423748984349185,0.8485714285714285,0.8364798606015494,0.7135549475517533,0.6681782867827392,0.6670333093165043,0.7958384621438674,0.7941040628528334,0.9261657541120244,True,1.243930091150105,0.008989204885438085,DT,raw,Murmur2Vec,m2v_full,-,0,27235
0.849047619047619,0.6900138141212186,0.8517034667172708,0.849047619047619,0.8422383094222227,0.7483814159931396,0.6900138141212186,0.6930044071715773,0.7963259968402788,0.7950196897490446,0.9255794735250423,True,1.2829031269066036,0.00913055008277297,DT,raw,Murmur2Vec,m2v_full,-,1,27235
0.84,0.6662167255155146,0.839280009901859,0.84,0.8307769139046214,0.6866966309390474,0.6662167255155146,0.6618700492855494,0.7844622575910499,0.7825451828950336,0.9276750405531864,True,1.222412200178951,0.009187958901748061,DT,raw,Murmur2Vec,m2v_full,-,2,27235
0.84,0.6568984888165476,0.8397532728856927,0.84,0.8303781764465981,0.69956420261952,0.6568984888165476,0.6500668958859821,0.7846525072094195,0.7828538895343022,0.9323843728982378,True,1.33517168299295,0.009146710857748985,DT,raw,Murmur2Vec,m2v_full,-,3,27235
0.8428571428571429,0.6904138969053489,0.8477049243244911,0.8428571428571429,0.8356241788517847,0.7511415761235689,0.6904138969053489,0.6822030761156921,0.7879165041814338,0.786809245034009,0.9351290276915871,True,1.2587843991350383,0.009126964025199413,DT,raw,Murmur2Vec,m2v_full,-,4,27235
0.8571428571428571,0.6825025618051981,0.8507518805635428,0.8571428571428571,0.840826992120572,0.7376576173129628,0.6825025618051981,0.6757347041321258,0.8076366964384672,0.8055164787739759,0.9801191357174587,True,216.9385980651714,0.03907505911774933,LR,raw,Murmur2Vec,m2v_trunc,-,0,23665
0.8580952380952381,0.6894532071966415,0.8489717051523908,0.8580952380952381,0.8423871539782246,0.7338236134156392,0.6894532071966415,0.6862224338466586,0.8088615788901214,0.806821145953755,0.9846273968619066,True,296.8639731789008,0.03930065291933715,LR,raw,Murmur2Vec,m2v_trunc,-,1,23665
0.8495238095238096,0.6595640658540621,0.8371839099304567,0.8495238095238096,0.8330169173133667,0.7037517198454655,0.6595640658540621,0.6597245641897221,0.7969271626821427,0.7950257607769005,0.9814499679808916,True,245.4515556169208,0.03790686489082873,LR,raw,Murmur2Vec,m2v_trunc,-,2,23665
0.8480952380952381,0.6513715236763513,0.842061556968466,0.8480952380952381,0.8322209373128041,0.7272084749965514,0.6513715236763513,0.6464417103405086,0.7954476600312267,0.7933931451799444,0.9850183291308771,True,266.60527637414634,0.039158895844593644,LR,raw,Murmur2Vec,m2v_trunc,-,3,23665
0.849047619047619,0.6828970129579077,0.8433105662377418,0.849047619047619,0.836284323227122,0.7409013782988303,0.6828970129579077,0.6823045228614093,0.7962466833322943,0.7947316618317447,0.9863102346129359,True,253.61450238595717,0.03737390995956957,LR,raw,Murmur2Vec,m2v_trunc,-,4,23665
0.8538095238095238,0.665436702501971,0.8303756830582888,0.8538095238095238,0.8321560454762751,0.6809810758684316,0.665436702501971,0.6510945418441486,0.8029327442168025,0.800635541855713,0.9774580177933324,True,1.4089438379742205,0.10417385399341583,RF,raw,Murmur2Vec,m2v_trunc,-,0,23665
0.8571428571428571,0.6787973986674424,0.8442532307676602,0.8571428571428571,0.8401678055090321,0.7175530128631914,0.6787973986674424,0.6762091759633523,0.8075868545826635,0.8052464142928111,0.9796959336111487,True,1.3461515260860324,0.08948654099367559,RF,raw,Murmur2Vec,m2v_trunc,-,1,23665
0.8509523809523809,0.6744342717826254,0.8365530970308562,0.8509523809523809,0.8320460570598577,0.7135581550186519,0.6744342717826254,0.6696110476370362,0.7987953579014757,0.796595882157439,0.9796744804245056,True,1.3365297431591898,0.09183176909573376,RF,raw,Murmur2Vec,m2v_trunc,-,2,23665
0.8471428571428572,0.6478100025369913,0.8374725906668785,0.8471428571428572,0.82754818613723,0.6896569893143769,0.6478100025369913,0.6332693312090044,0.7944799963402016,0.7919897059436142,0.981532376254951,True,1.4038321608677506,0.08959898189641535,RF,raw,Murmur2Vec,m2v_trunc,-,3,23665
0.8480952380952381,0.6690019974212326,0.8404724113518486,0.8480952380952381,0.8314496082487659,0.7068303677788385,0.6690019974212326,0.6633902881069798,0.79558628063576,0.7932110626988133,0.9844220521166012,True,1.4741724990308285,0.08910303981974721,RF,raw,Murmur2Vec,m2v_trunc,-,4,23665
0.8504761904761905,0.6854508644121433,0.8423602494480129,0.8504761904761905,0.8373362799449834,0.7137068609383918,0.6854508644121433,0.6812481615771399,0.7984549769281504,0.7965912845195603,0.9336631163200235,True,0.9894965689163655,0.007773981196805835,DT,raw,Murmur2Vec,m2v_trunc,-,0,23665
0.8471428571428572,0.6769082979301642,0.8431028001246546,0.8471428571428572,0.8346171721735139,0.7087789642885459,0.6769082979301642,0.669027421363804,0.7944430652803535,0.7923351619915122,0.9317238886262768,True,1.0510166701860726,0.00765180098824203,DT,raw,Murmur2Vec,m2v_trunc,-,1,23665
0.8395238095238096,0.6729662339179286,0.8300625511422108,0.8395238095238096,0.826484967425846,0.6768380636875444,0.6729662339179286,0.6604357320715025,0.7837786343155618,0.7818076207318833,0.929087882340288,True,0.9705675940494984,0.00798377487808466,DT,raw,Murmur2Vec,m2v_trunc,-,2,23665
0.839047619047619,0.647877109465303,0.8340773685175779,0.839047619047619,0.8271028824202623,0.6774821473518153,0.647877109465303,0.6382314557371948,0.7833528625298634,0.7814647098449871,0.9348610626927752,True,1.0815947579685599,0.007871614070609212,DT,raw,Murmur2Vec,m2v_trunc,-,3,23665
0.8442857142857143,0.6812211184919875,0.8399254200227639,0.8442857142857143,0.8304884626176774,0.714307185890351,0.6812211184919875,0.6701698180903604,0.7903704815989726,0.7882774068530043,0.936260764558282,True,1.0887374421581626,0.007806251058354974,DT,raw,Murmur2Vec,m2v_trunc,-,4,23665
0.7693282636248415,0.5918216858511267,0.7618785954257897,0.7693282636248415,0.7625810252402153,0.6019738045165813,0.5918216858511267,0.5912125112409526,0.7185464728669401,0.718083727943082,0.9505233831796184,True,1.8402957909274846,0.0018395970109850168,LR,dedup,esm2_8M,truncate,mean,0,320
0.7566539923954373,0.5835660248306397,0.7372670859047977,0.7566539923954373,0.7431901423292726,0.5716036279988527,0.5835660248306397,0.5714139481409866,0.7017667337795384,0.7012065112554462,0.9560169117903471,True,5.000486860983074,0.0016045661177486181,LR,dedup,esm2_8M,truncate,mean,1,320
0.752851711026616,0.5551230759392803,0.7426993799736392,0.752851711026616,0.7420557340263044,0.5900210812132122,0.5551230759392803,0.5565535458377033,0.6976169157886718,0.6966874257021699,0.952967527951919,True,3.933139899978414,0.001722907880321145,LR,dedup,esm2_8M,truncate,mean,2,320
0.7591888466413181,0.5744552681750004,0.741958750462806,0.7591888466413181,0.7482512943926554,0.5728551103684046,0.5744552681750004,0.5701097827130295,0.704940745614904,0.704422716329802,0.9454363709916737,True,4.483859953004867,0.0014974649529904127,LR,dedup,esm2_8M,truncate,mean,3,320
0.7566539923954373,0.5902122819305968,0.7422116912648156,0.7566539923954373,0.747499753571657,0.5867221576159541,0.5902122819305968,0.584835392084113,0.7019719945635816,0.7016837005966798,0.9543867420083163,True,3.793504328932613,0.001875084126368165,LR,dedup,esm2_8M,truncate,mean,4,320
0.6932826362484157,0.48709447367141756,0.668326730301657,0.6932826362484157,0.6640186774697877,0.612428713375751,0.48709447367141756,0.5238643247743257,0.6135743863967047,0.6085820122957457,0.9312473178494284,True,0.33364525297656655,0.04831021395511925,RF,dedup,esm2_8M,truncate,mean,0,320
0.6730038022813688,0.4589152748778209,0.6318083226787562,0.6730038022813688,0.6390892274654674,0.557389064508969,0.4589152748778209,0.48378298331664404,0.5872445436360916,0.5823358269283642,0.9259038335789325,True,0.23541236412711442,0.048267864156514406,RF,dedup,esm2_8M,truncate,mean,1,320
0.6945500633713562,0.45186038195475575,0.6773642712198185,0.6945500633713562,0.6634374015346909,0.6755330381616194,0.45186038195475575,0.5137554173495441,0.6135129281823476,0.6061504237814729,0.905905706055475,True,0.22116860514506698,0.047407447127625346,RF,dedup,esm2_8M,truncate,mean,2,320
0.6907477820025348,0.4509906494573691,0.6455678934553718,0.6907477820025348,0.6575759942811984,0.5535449082165391,0.4509906494573691,0.4818953304969302,0.6105810114358758,0.606182724211715,0.9278855176608048,True,0.21501978812739253,0.04815786797553301,RF,dedup,esm2_8M,truncate,mean,3,320
0.714828897338403,0.496007845281901,0.6909704400311042,0.714828897338403,0.688876064634253,0.6447398519511309,0.496007845281901,0.5394866307435471,0.6421357100337372,0.6383159919238676,0.9130538371016406,True,0.22599036595784128,0.047964283963665366,RF,dedup,esm2_8M,truncate,mean,4,320
0.5906210392902408,0.4114164054940364,0.5983979270175805,0.5906210392902408,0.5915174131731475,0.40564227496430366,0.4114164054940364,0.399896221662015,0.5020079915220057,0.5016114459598469,0.7033340896778305,True,0.5401725398842245,0.00047429115511476994,DT,dedup,esm2_8M,truncate,mean,0,320
0.5944233206590621,0.38220161093833754,0.5909064534994775,0.5944233206590621,0.5911516523842109,0.37214816335200873,0.38220161093833754,0.3740767511901291,0.5037705183219763,0.5034593433737546,0.7015438988615321,True,0.5343565091025084,0.00048238690942525864,DT,dedup,esm2_8M,truncate,mean,1,320
0.5602027883396705,0.31506182959959617,0.5717682550050058,0.5602027883396705,0.5640846907989646,0.29951619459306716,0.31506182959959617,0.3024028382540512,0.4660657634049129,0.4657517406100721,0.6539930054198093,True,0.5282087260857224,0.0004852821584790945,DT,dedup,esm2_8M,truncate,mean,2,320
0.5855513307984791,0.3875980336840312,0.610514034903306,0.5855513307984791,0.5939818786965414,0.39240896156383553,0.3875980336840312,0.38188565138490116,0.5000497973506168,0.4993781106594356,0.6953548587548377,True,0.5556237390264869,0.000582836102694273,DT,dedup,esm2_8M,truncate,mean,3,320
0.5944233206590621,0.3976306678594572,0.6070787091056089,0.5944233206590621,0.5975531482960437,0.3930292533895988,0.3976306678594572,0.3885667620770777,0.5062975328521796,0.5058490577116161,0.7000466614288853,True,0.5627453040797263,0.0004842898342758417,DT,dedup,esm2_8M,truncate,mean,4,320
0.7452471482889734,0.5536183550446069,0.7198559470607682,0.7452471482889734,0.7278040665532102,0.5548282151016598,0.5536183550446069,0.5473284818102967,0.6881077802950397,0.6868726158414746,0.936852443309058,True,1.9604015469085425,0.001833875896409154,LR,dedup,esm2_8M,truncate,cls,0,320
0.7313054499366286,0.538545640730293,0.7085623537069087,0.7313054499366286,0.7166727826409589,0.5426039597377317,0.538545640730293,0.5351197567442708,0.6697806092359128,0.6690292172715508,0.9413807911953658,True,1.758839782094583,0.0015958799049258232,LR,dedup,esm2_8M,truncate,cls,1,320
0.7237008871989861,0.4845156453083623,0.706232334206766,0.7237008871989861,0.7074917220775467,0.5398085192906471,0.4845156453083623,0.49359789442231977,0.6602409240946377,0.6589204163502131,0.9357733651210112,True,1.6585656059905887,0.0015106291975826025,LR,dedup,esm2_8M,truncate,cls,2,320
0.7376425855513308,0.5274117046346155,0.7285804816223067,0.7376425855513308,0.7278216803330864,0.5073790792540792,0.5274117046346155,0.5093584310940685,0.681201092701395,0.6796602091232007,0.9245811942330451,True,1.74926488683559,0.0018544860649853945,LR,dedup,esm2_8M,truncate,cls,3,320
0.7351077313054499,0.4888418559820868,0.718386459262985,0.7351077313054499,0.718488165746441,0.5467771688704702,0.4888418559820868,0.4968776842517102,0.6746672919528065,0.6735538662548997,0.9419181136431498,True,1.6484677090775222,0.001792648807168007,LR,dedup,esm2_8M,truncate,cls,4,320
0.7237008871989861,0.520182958579147,0.7038795974703085,0.7237008871989861,0.7027519792192438,0.5971239550549062,0.520182958579147,0.5330850424571515,0.6574331083197629,0.6557564064588954,0.9349470883628477,True,0.30766552593559027,0.0478046138305217,RF,dedup,esm2_8M,truncate,cls,0,320
0.6856780735107731,0.4680375591681237,0.6576558553977294,0.6856780735107731,0.664678766494327,0.567425707647745,0.4680375591681237,0.5027553087471787,0.6062699512553111,0.6041079926192094,0.9512556574073365,True,0.2201156448572874,0.04737935517914593,RF,dedup,esm2_8M,truncate,cls,1,320
0.6932826362484157,0.45553803115434044,0.6594058257531746,0.6932826362484157,0.6688553851271382,0.5494665356315841,0.45553803115434044,0.4820308906272817,0.6171260199505059,0.6149907950904461,0.9066133589982147,True,0.2222021659836173,0.047918749041855335,RF,dedup,esm2_8M,truncate,cls,2,320
0.7262357414448669,0.4963721236270414,0.6987112266406712,0.7262357414448669,0.7050627604209789,0.5522562452269029,0.4963721236270414,0.511369687708885,0.661192021187532,0.6595816080106904,0.9278163272269911,True,0.21547816903330386,0.04807518213056028,RF,dedup,esm2_8M,truncate,cls,3,320
0.7110266159695817,0.4801720131401373,0.6898646043105449,0.7110266159695817,0.6928708519152703,0.5988922302003906,0.4801720131401373,0.5159597879648978,0.6403651532500767,0.6389045011481702,0.9202576143966386,True,0.22913936409167945,0.04792044195346534,RF,dedup,esm2_8M,truncate,cls,4,320
0.6337135614702155,0.4649100546884295,0.6360977050818022,0.6337135614702155,0.6318516433356328,0.44585381460802903,0.4649100546884295,0.4416603595298318,0.5511684941871897,0.5508117148547462,0.73421031577979,True,0.5364916019607335,0.0004780180752277374,DT,dedup,esm2_8M,truncate,cls,0,320
0.6134347275031685,0.4107609634289538,0.6108090882466027,0.6134347275031685,0.6094387156159997,0.3916854140400097,0.4107609634289538,0.39291507328667613,0.5268818868872174,0.52630522206934,0.7154264010508181,True,0.5517081399448216,0.00047169579192996025,DT,dedup,esm2_8M,truncate,cls,1,320
0.623574144486692,0.4175448427484094,0.6303677379335331,0.623574144486692,0.6245701472217896,0.4258887540199426,0.4175448427484094,0.415344283154865,0.5415413852686102,0.5412332685316246,0.7068322404429498,True,0.5105689130723476,0.0004768860526382923,DT,dedup,esm2_8M,truncate,cls,2,320
0.5982256020278834,0.4048114538114309,0.6191649079689324,0.5982256020278834,0.6069052677671668,0.42076745757685335,0.4048114538114309,0.40698869821192,0.5128956767088757,0.5125652623845058,0.7010745617694722,True,0.5720485979691148,0.00047418102622032166,DT,dedup,esm2_8M,truncate,cls,3,320
0.6273764258555133,0.42157585328717323,0.6439170847204251,0.6273764258555133,0.6335821414365139,0.436893359409585,0.42157585328717323,0.42326637491852614,0.5466092387090441,0.5463468725615015,0.7206334655394803,True,0.5444472141098231,0.0004754229448735714,DT,dedup,esm2_8M,truncate,cls,4,320
0.7477820025348543,0.5889977735541572,0.7394355843830797,0.7477820025348543,0.7393105364351514,0.6128552271985422,0.5889977735541572,0.5922196899179404,0.6910982901980124,0.6902635140200191,0.9452375933723947,True,1.4672215660102665,0.0018451579380780458,LR,dedup,esm2_8M,truncate,max,0,320
0.7351077313054499,0.5471552577776477,0.7263787951070726,0.7351077313054499,0.7279590189940264,0.57154077824968,0.5471552577776477,0.552443980296296,0.6757134748722136,0.6751301737028435,0.9517191410790886,True,3.7026323049794883,0.0015654119197279215,LR,dedup,esm2_8M,truncate,max,1,320
0.7553865652724968,0.5595926840027035,0.7395304205246875,0.7553865652724968,0.7456567143495066,0.5576357036481441,0.5595926840027035,0.5551860562117972,0.6998680557519186,0.6995311741561727,0.9501076615776349,True,3.4469486619345844,0.0015000388957560062,LR,dedup,esm2_8M,truncate,max,2,320
0.7363751584283904,0.5703866305529747,0.7433422386515522,0.7363751584283904,0.7373214946328475,0.6010031515618839,0.5703866305529747,0.5780208824440741,0.678238727103433,0.6779339037601068,0.9463547421199845,True,3.4976702991407365,0.0015721949748694897,LR,dedup,esm2_8M,truncate,max,3,320
0.752851711026616,0.5853823879296163,0.7527304357777999,0.752851711026616,0.750261245299774,0.5933737977771819,0.5853823879296163,0.5824070599020371,0.6981917556077425,0.6979847986369025,0.9513405308113264,True,3.4540463918820024,0.00169212999753654,LR,dedup,esm2_8M,truncate,max,4,320
0.7477820025348543,0.5346143540680504,0.7326603965007807,0.7477820025348543,0.726817758593356,0.623270829453357,0.5346143540680504,0.5553989628135176,0.6866549249535495,0.684174637178288,0.9543637930469497,True,0.29035434196703136,0.04776507988572121,RF,dedup,esm2_8M,truncate,max,0,320
0.7224334600760456,0.5147522345613784,0.6948259121427884,0.7224334600760456,0.7015686042219526,0.5810849879372783,0.5147522345613784,0.5346295035821744,0.6540974492276428,0.6517468987131297,0.9622136845352003,True,0.19759308686479926,0.04787984606809914,RF,dedup,esm2_8M,truncate,max,1,320
0.7300380228136882,0.4715754900571927,0.7190394518681101,0.7300380228136882,0.7082691957926152,0.5817906674100181,0.4715754900571927,0.49636766746414557,0.6639606457460774,0.6620393831897488,0.9322325497450659,True,0.1927125931251794,0.04796309187076986,RF,dedup,esm2_8M,truncate,max,2,320
0.7490494296577946,0.5101822223881483,0.7297939914007051,0.7490494296577946,0.7280847904026798,0.5907236772653139,0.5101822223881483,0.5297769148581902,0.6895914342955123,0.6877352399722559,0.9517440105968437,True,0.1926812049932778,0.04802979715168476,RF,dedup,esm2_8M,truncate,max,3,320
0.743979721166033,0.5226575172929818,0.7164712880111408,0.743979721166033,0.7194276653993872,0.6190118747928268,0.5226575172929818,0.544922404963658,0.6815688319883476,0.6793960387674557,0.9374016324979496,True,0.21689555305056274,0.047493608901277184,RF,dedup,esm2_8M,truncate,max,4,320
0.6451204055766794,0.45387006482815034,0.6529898046659705,0.6451204055766794,0.645170224801944,0.45036095428446876,0.45387006482815034,0.4409215226764127,0.5670476812874691,0.5665626171048063,0.7232000941868512,True,0.4486726447939873,0.0004682599101215601,DT,dedup,esm2_8M,truncate,max,0,320
0.6780735107731305,0.4907805732512799,0.6766630007914748,0.6780735107731305,0.6749029311301474,0.5052718483467062,0.4907805732512799,0.4926325180792654,0.6055631966450714,0.6052902133023457,0.7608179040614576,True,0.4048481718637049,0.00045632687397301197,DT,dedup,esm2_8M,truncate,max,1,320
0.6400506970849176,0.4218193489706778,0.6425795807498489,0.6400506970849176,0.6382192243628333,0.4305947046293305,0.4218193489706778,0.41845841445239523,0.5587854528910667,0.5586083544433458,0.7109382339389706,True,0.48994400002993643,0.0004662561696022749,DT,dedup,esm2_8M,truncate,max,2,320
0.6539923954372624,0.4210837768068423,0.6684205860613218,0.6539923954372624,0.6584181498958881,0.42146014594445974,0.4210837768068423,0.41220142619751327,0.5801795347295666,0.5798213923438256,0.7176941601388894,True,0.48812919901683927,0.00047150603495538235,DT,dedup,esm2_8M,truncate,max,3,320
0.6514575411913816,0.42062844481115214,0.6619081037488541,0.6514575411913816,0.6548531352030821,0.45819502032362364,0.42062844481115214,0.4336546159288423,0.5740518634874767,0.5738251342507297,0.7139049358231354,True,0.4415583251975477,0.0004707351326942444,DT,dedup,esm2_8M,truncate,max,4,320
0.8428571428571429,0.664459191149633,0.8262435719899152,0.8428571428571429,0.8264946807718663,0.6686423949211625,0.664459191149633,0.6498865143972953,0.7877234254421618,0.7860799474491346,0.9731304724908483,True,5.082298708148301,0.0046867490746080875,LR,raw,esm2_8M,truncate,mean,0,320
0.85,0.6559252717994486,0.839161203776528,0.85,0.8353277327397406,0.6882617186241338,0.6559252717994486,0.6504370950979426,0.7980399740253866,0.7962247202364101,0.9724952553973689,True,5.823698753956705,0.0031509720720350742,LR,raw,esm2_8M,truncate,mean,1,320
0.8342857142857143,0.6212601563412534,0.8144558046722914,0.8342857142857143,0.8181805664838518,0.6411891827972914,0.6212601563412534,0.6188245107471586,0.7756399544759882,0.7742010136236381,0.9655930967629464,True,2.744346572086215,0.003433613106608391,LR,raw,esm2_8M,truncate,mean,2,320
0.8333333333333334,0.6307966846743889,0.8215977713607943,0.8333333333333334,0.8203858421055766,0.6420921797364465,0.6307966846743889,0.6192498651302445,0.7749040822957188,0.7735264428676544,0.9731194351543739,True,2.6889003270771354,0.00296183698810637,LR,raw,esm2_8M,truncate,mean,3,320
0.8280952380952381,0.6282560450384458,0.8135416630621674,0.8280952380952381,0.8133602480610156,0.649383985638027,0.6282560450384458,0.6216710314993622,0.7677630031139104,0.7661127952744974,0.9689245261226408,True,2.850531738018617,0.003790775081142783,LR,raw,esm2_8M,truncate,mean,4,320
0.820952380952381,0.600490705931227,0.8002529039742514,0.820952380952381,0.795658278198786,0.7140978621870945,0.600490705931227,0.6148735356090439,0.7534707534163723,0.750629663258458,0.9681552666354123,True,0.38608887512236834,0.048296608962118626,RF,raw,esm2_8M,truncate,mean,0,320
0.8242857142857143,0.5996915885432914,0.8095594142849257,0.8242857142857143,0.8030575897575436,0.6960878725482457,0.5996915885432914,0.6173118994386525,0.7591969497854614,0.7565378800541405,0.9665552638026583,True,0.2954065368976444,0.047889915062114596,RF,raw,esm2_8M,truncate,mean,1,320
0.8161904761904762,0.57553778914543,0.7949221049435868,0.8161904761904762,0.7928818987119657,0.6978451993281214,0.57553778914543,0.6002929970980978,0.7470906414434706,0.7445915544436532,0.9636891463792074,True,0.29037025198340416,0.047703564167022705,RF,raw,esm2_8M,truncate,mean,2,320
0.8138095238095238,0.5797777096327644,0.7875369905055896,0.8138095238095238,0.7883516478759292,0.6739240105112358,0.5797777096327644,0.5862862803196133,0.7440557633700057,0.7414347709299751,0.9687645561071303,True,0.2905786328483373,0.048060615081340075,RF,raw,esm2_8M,truncate,mean,3,320
0.8104761904761905,0.578967337999043,0.7941657828995796,0.8104761904761905,0.7852937076178578,0.7067623825529009,0.578967337999043,0.603358103687273,0.7390752012364014,0.736097270794891,0.970558034572968,True,0.2852896028198302,0.048218020936474204,RF,raw,esm2_8M,truncate,mean,4,320
0.7795238095238095,0.5552541351535185,0.7668361285229178,0.7795238095238095,0.7688453957464,0.5422885119564413,0.5552541351535185,0.5398588074576829,0.7017177239078747,0.7005156195134572,0.8488969511177019,True,0.6827527149580419,0.0008987688925117254,DT,raw,esm2_8M,truncate,mean,0,320
0.7904761904761904,0.5679744802186488,0.7830141036046343,0.7904761904761904,0.7802572600520464,0.5635586851728122,0.5679744802186488,0.5540303165654302,0.7171930599971216,0.7158765071382953,0.8606504940743283,True,0.6842720911372453,0.0008920268155634403,DT,raw,esm2_8M,truncate,mean,1,320
0.7776190476190477,0.5520667723398859,0.7664581163736534,0.7776190476190477,0.7672457743431528,0.5556175753748831,0.5520667723398859,0.5453172266676255,0.6985420526335715,0.6972680969285383,0.8557343239052561,True,0.6597005410585552,0.000891153933480382,DT,raw,esm2_8M,truncate,mean,2,320
0.7747619047619048,0.5513327854755978,0.7696085702078181,0.7747619047619048,0.7665177085149624,0.5676903646907245,0.5513327854755978,0.54413846320581,0.6950736272008968,0.6939663963826846,0.864211793496423,True,0.6564640579745173,0.0008854339830577374,DT,raw,esm2_8M,truncate,mean,3,320
0.7733333333333333,0.5340081431962712,0.7621142305756844,0.7733333333333333,0.7617963495329357,0.5336528230420945,0.5340081431962712,0.5181448047617011,0.69364381228574,0.6923846742573425,0.8452390596280637,True,0.6418598198797554,0.0008951730560511351,DT,raw,esm2_8M,truncate,mean,4,320
0.8380952380952381,0.6261205667701422,0.8169902345648005,0.8380952380952381,0.8197430446363246,0.6249954105291122,0.6261205667701422,0.6136674717039688,0.7814532103372249,0.779388114086625,0.967353615144606,True,2.7235598959960043,0.0032234881073236465,LR,raw,esm2_8M,truncate,cls,0,320
0.8438095238095238,0.6283850933904397,0.8228469971637212,0.8438095238095238,0.8246101072293794,0.6554112419233348,0.6283850933904397,0.6205003961307267,0.789572198361134,0.7873873273216545,0.9714983993209777,True,2.417615374084562,0.0030554519034922123,LR,raw,esm2_8M,truncate,cls,1,320
0.8295238095238096,0.5942940904910083,0.8106382228522034,0.8295238095238096,0.8126721293986533,0.6252346455990427,0.5942940904910083,0.591161867917902,0.7694024195785878,0.7676701843712308,0.9609463310842703,True,2.655240837018937,0.004046083893626928,LR,raw,esm2_8M,truncate,cls,2,320
0.829047619047619,0.5807276861887505,0.8143806663702527,0.829047619047619,0.8130571082803666,0.5933867419234591,0.5807276861887505,0.5696160556963021,0.7694260033129424,0.7672935552136861,0.9650247487668445,True,2.7102516340091825,0.0038463291712105274,LR,raw,esm2_8M,truncate,cls,3,320
0.8228571428571428,0.6141769512607987,0.807644410487673,0.8228571428571428,0.806343361240738,0.638345329933403,0.6141769512607987,0.6067423755562713,0.7610022808419706,0.7589609030388452,0.9663449905977702,True,2.596089177997783,0.003476683981716633,LR,raw,esm2_8M,truncate,cls,4,320
0.820952380952381,0.5820962328322569,0.7988149992696247,0.820952380952381,0.7998595957179734,0.6443256393191086,0.5820962328322569,0.5898664481584817,0.7558657521592862,0.7535880463988466,0.9633213643867587,True,0.35893609491176903,0.04801072087138891,RF,raw,esm2_8M,truncate,cls,0,320
0.8328571428571429,0.6229296645807859,0.8083456402806297,0.8328571428571429,0.8119445023832567,0.686934592553981,0.6229296645807859,0.6349659736765016,0.7726144258665317,0.7700135913823897,0.971355986422274,True,0.2746254401281476,0.04846731899306178,RF,raw,esm2_8M,truncate,cls,1,320
0.8147619047619048,0.5851028935186415,0.7902884741475766,0.8147619047619048,0.7956132467371899,0.6414223014904405,0.5851028935186415,0.5960858041980434,0.7472976189109698,0.7453152693924698,0.9638477892970758,True,0.2710492389742285,0.048232208006083965,RF,raw,esm2_8M,truncate,cls,2,320
0.8152380952380952,0.5771875717890885,0.7915553798577695,0.8152380952380952,0.7950433291226816,0.6379429132601561,0.5771875717890885,0.5828488240947289,0.7481003699479607,0.7458913963280247,0.9679777933507062,True,0.28460150002501905,0.048044665018096566,RF,raw,esm2_8M,truncate,cls,3,320
0.8166666666666667,0.5885202018924957,0.7955947048807226,0.8166666666666667,0.7958977893805166,0.6591545510269434,0.5885202018924957,0.60277218540055,0.7506582974966184,0.7481921849568112,0.9653185528805396,True,0.2694519979413599,0.04756509279832244,RF,raw,esm2_8M,truncate,cls,4,320
0.7885714285714286,0.5643013151973082,0.7705495998459918,0.7885714285714286,0.7730174863043653,0.5759060303956403,0.5643013151973082,0.5540299170069842,0.7129195576047797,0.7114482087599794,0.8542899635370776,True,0.6695046860259026,0.0008993998635560274,DT,raw,esm2_8M,truncate,cls,0,320
0.8023809523809524,0.6125288751903523,0.7982516579174159,0.8023809523809524,0.7936655074581231,0.6303588385953709,0.6125288751903523,0.6054692679674986,0.7337463762182509,0.7323126710864512,0.8796312596059892,True,0.678964396007359,0.0009350781328976154,DT,raw,esm2_8M,truncate,cls,1,320
0.7814285714285715,0.5653791109423,0.775561151220783,0.7814285714285715,0.7745319666645766,0.5634952687828134,0.5653791109423,0.5568465382414695,0.7046957536719405,0.7035602296477905,0.8642499075925979,True,0.6791031549219042,0.0008993709925562143,DT,raw,esm2_8M,truncate,cls,2,320
0.7880952380952381,0.5409426484715321,0.773292354041957,0.7880952380952381,0.7759157320294421,0.5430573682741622,0.5409426484715321,0.5321569351533063,0.7128113546242447,0.7116823711587346,0.8587620409754938,True,0.6480623979587108,0.0008924771100282669,DT,raw,esm2_8M,truncate,cls,3,320
0.7766666666666666,0.5616194022129547,0.7676389611250961,0.7766666666666666,0.7668470639203676,0.5691985883597239,0.5616194022129547,0.5571231090690874,0.6986345581035175,0.6973744491118037,0.8590304644691503,True,0.6875912789255381,0.000921020982787013,DT,raw,esm2_8M,truncate,cls,4,320
0.8333333333333334,0.6307626096451716,0.8231546220379685,0.8333333333333334,0.8199386300718285,0.6599410103762163,0.6307626096451716,0.6268084827853639,0.7749241607488805,0.7731708310650416,0.969689170302664,True,2.682323185959831,0.003910269122570753,LR,raw,esm2_8M,truncate,max,0,320
0.8376190476190476,0.6414455218482876,0.8269772230992559,0.8376190476190476,0.8245427683012797,0.6689234077543104,0.6414455218482876,0.6369038922495099,0.7811251903241156,0.7794599988296997,0.9674537347849704,True,2.467457457911223,0.004159716889262199,LR,raw,esm2_8M,truncate,max,1,320
0.8271428571428572,0.6290636229286466,0.8181748239352321,0.8271428571428572,0.8162834266000369,0.6749290265725084,0.6290636229286466,0.6357423855350073,0.766375810565358,0.7649381309019864,0.9593677408985699,True,2.3059715311974287,0.0037342780269682407,LR,raw,esm2_8M,truncate,max,2,320
0.8266666666666667,0.6222511121827372,0.8189168362352998,0.8266666666666667,0.814441451956837,0.6571455827484488,0.6222511121827372,0.6180236421922906,0.7662002111074944,0.764493914552329,0.9707308731407402,True,2.6786303960252553,0.003810240887105465,LR,raw,esm2_8M,truncate,max,3,320
0.8328571428571429,0.6437259680314236,0.8280904515256794,0.8328571428571429,0.8207768857148222,0.6899986345964234,0.6437259680314236,0.6434716610878066,0.7744960489395633,0.7727585222490709,0.9692242644455832,True,2.688077029073611,0.003460011910647154,LR,raw,esm2_8M,truncate,max,4,320
0.830952380952381,0.5850584059743219,0.8039382462307603,0.830952380952381,0.8062629542424393,0.6609539460137244,0.5850584059743219,0.5916574615873395,0.7694217848621329,0.7669123024343361,0.9729321388519359,True,0.3582782680168748,0.04819770297035575,RF,raw,esm2_8M,truncate,max,0,320
0.8380952380952381,0.6246471100493314,0.8317824838734164,0.8380952380952381,0.8184042547813466,0.7224889907023031,0.6246471100493314,0.6364029683640109,0.780339848693117,0.777543967001732,0.9670936361984037,True,0.24482802907004952,0.04831702704541385,RF,raw,esm2_8M,truncate,max,1,320
0.8285714285714286,0.5928747841308691,0.806028865535703,0.8285714285714286,0.8080269552317382,0.6671294277820583,0.5928747841308691,0.6056519341085321,0.7664727453359578,0.7640014122455172,0.9736001046092609,True,0.2655236651189625,0.04818825493566692,RF,raw,esm2_8M,truncate,max,2,320
0.8238095238095238,0.5943539137582978,0.8053173120931443,0.8238095238095238,0.8045744864432444,0.6729138653706378,0.5943539137582978,0.5984170109972903,0.7603963930041957,0.758143814473583,0.9753174771133558,True,0.26030727196484804,0.04802712216041982,RF,raw,esm2_8M,truncate,max,3,320
0.8323809523809523,0.6073096597293257,0.8132375755261975,0.8323809523809523,0.8127375921048388,0.6766967449046082,0.6073096597293257,0.6200842722430707,0.7723375104273864,0.7698512626423017,0.9770416944112241,True,0.24071129295043647,0.04816942010074854,RF,raw,esm2_8M,truncate,max,4,320
0.7995238095238095,0.5756242322795935,0.7864965492908024,0.7995238095238095,0.7861524380787237,0.5674644866232328,0.5756242322795935,0.5590923187732467,0.7289742305573093,0.72736170876766,0.8608209187362559,True,0.5732278539799154,0.000888400012627244,DT,raw,esm2_8M,truncate,max,0,320
0.8157142857142857,0.621200221517914,0.8082981498431819,0.8157142857142857,0.8059136935386482,0.6219661113640738,0.621200221517914,0.6101057999255466,0.7507830883004981,0.7493009918142626,0.8843844569417179,True,0.5616146379616112,0.0008811859879642725,DT,raw,esm2_8M,truncate,max,1,320
0.8014285714285714,0.587872129722488,0.788712722729052,0.8014285714285714,0.7911756809324323,0.5937711806820756,0.587872129722488,0.5836757944894325,0.7310759565707573,0.7299464333624244,0.8762376737525994,True,0.574300630018115,0.0008980180136859417,DT,raw,esm2_8M,truncate,max,2,320
0.7938095238095239,0.5606498133474425,0.7924317030584974,0.7938095238095239,0.7872731261277479,0.5695461628597921,0.5606498133474425,0.5517867825000745,0.7218807972471533,0.7206534859022635,0.8686630561574303,True,0.5828566609416157,0.0008869168814271688,DT,raw,esm2_8M,truncate,max,3,320
0.7961904761904762,0.5927579094563723,0.7921962223867973,0.7961904761904762,0.7868718728161046,0.6124774402317358,0.5927579094563723,0.5858928403387427,0.724917857221279,0.7234764438110779,0.876049833402034,True,0.5877354692202061,0.0008757661562412977,DT,raw,esm2_8M,truncate,max,4,320
0.7667934093789607,0.5804460485817692,0.7491815766054738,0.7667934093789607,0.7532675856942637,0.5707351912163431,0.5804460485817692,0.56790573079977,0.7154823180035998,0.7145828623106489,0.9412328340413509,True,1.8088298740331084,0.0015059299767017365,LR,dedup,esm2_8M,window,mean,0,320
0.7389100126742713,0.5425534340094479,0.724533277680081,0.7389100126742713,0.725625603721103,0.562370011115044,0.5425534340094479,0.542368967819341,0.6803548335367847,0.6794574201424292,0.9468300694172265,True,1.998050434049219,0.0016338599380105734,LR,dedup,esm2_8M,window,mean,1,320
0.7363751584283904,0.5275046264913245,0.722100003245057,0.7363751584283904,0.7249627118311798,0.5380579153902058,0.5275046264913245,0.5264068991608547,0.6778546307636207,0.6767947314106554,0.9490123520549254,True,1.9888574709184468,0.0016564331017434597,LR,dedup,esm2_8M,window,mean,2,320
0.7465145754119138,0.5701534931922722,0.7328843130025962,0.7465145754119138,0.7352264838594541,0.5645585974447727,0.5701534931922722,0.5582192440326282,0.6909027548584451,0.6899553795099409,0.9512171963782133,True,1.8904957349877805,0.0016817809082567692,LR,dedup,esm2_8M,window,mean,3,320
0.7389100126742713,0.5433221608520212,0.722749114942737,0.7389100126742713,0.7261312399575697,0.5334513914974173,0.5433221608520212,0.5252970405150382,0.6806429359910674,0.680150032371885,0.9418326427496602,True,1.8099514250643551,0.0015574668068438768,LR,dedup,esm2_8M,window,mean,4,320
0.7160963244613435,0.5009229233134764,0.6948379773520683,0.7160963244613435,0.6926800261221844,0.6157892324424412,0.5009229233134764,0.5345288584572004,0.6454763399881319,0.6427778822074133,0.9269434768830841,True,0.3505691001191735,0.04711025208234787,RF,dedup,esm2_8M,window,mean,0,320
0.6920152091254753,0.46812157049862796,0.653383092625913,0.6920152091254753,0.6628461817336968,0.5589337133830287,0.46812157049862796,0.4979343554884732,0.6129647679663202,0.6094799298507189,0.9272668396619227,True,0.22848184104077518,0.047595964977517724,RF,dedup,esm2_8M,window,mean,1,320
0.697084917617237,0.4348503642704028,0.6828176484323825,0.697084917617237,0.6725837452064422,0.6496587862984873,0.4348503642704028,0.4859440352594872,0.6198120324507339,0.6166071631886274,0.9031718936628725,True,0.2352757309563458,0.047657248796895146,RF,dedup,esm2_8M,window,mean,2,320
0.70595690747782,0.4569841674000873,0.6741239502671857,0.70595690747782,0.682175402622633,0.5271764044660164,0.4569841674000873,0.4777769809579132,0.6347480737781296,0.6328488074726765,0.9294761062263824,True,0.23116406286135316,0.048003751086071134,RF,dedup,esm2_8M,window,mean,3,320
0.7122940430925222,0.4544147097489288,0.6862704380227396,0.7122940430925222,0.6898648338257772,0.5324508194096266,0.4544147097489288,0.4752933181718774,0.6415633927960912,0.6394881663117298,0.9334165977714318,True,0.23443277599290013,0.04737890581600368,RF,dedup,esm2_8M,window,mean,4,320
0.6032953105196451,0.38999094532241274,0.6106507853756591,0.6032953105196451,0.6057570615900562,0.39359481279843594,0.38999094532241274,0.38780264290578276,0.5164135391556011,0.5162685470838841,0.6850187165821904,True,0.6178518359083682,0.0004806739743798971,DT,dedup,esm2_8M,window,mean,0,320
0.5944233206590621,0.3464737379883643,0.594934881297578,0.5944233206590621,0.5924731424298528,0.33324839616153407,0.3464737379883643,0.3337936157826434,0.5030403863045695,0.5028169374641853,0.6629770344322947,True,0.567919549997896,0.00048276688903570175,DT,dedup,esm2_8M,window,mean,1,320
0.5893536121673004,0.3205565939056335,0.5997922780050889,0.5893536121673004,0.5928987764633818,0.3284722752988507,0.3205565939056335,0.3218284839464769,0.4990135953595176,0.49877357991141547,0.6499998595536357,True,0.6663568189833313,0.00047012302093207836,DT,dedup,esm2_8M,window,mean,2,320
0.6108998732572877,0.3619945727516963,0.6161369466690959,0.6108998732572877,0.6121720503905244,0.3614943357039523,0.3619945727516963,0.357051647299547,0.5261992528729662,0.5260204171485263,0.6713874952079922,True,0.6364653389900923,0.0004775780253112316,DT,dedup,esm2_8M,window,mean,3,320
0.5982256020278834,0.35432001028505133,0.6039392524940046,0.5982256020278834,0.5992887153668697,0.3551342984918788,0.35432001028505133,0.3477380638481726,0.5105336716256587,0.5103130426951158,0.667214262385064,True,0.5795348400715739,0.0004775079432874918,DT,dedup,esm2_8M,window,mean,4,320
0.7414448669201521,0.544353808658223,0.7164613756017629,0.7414448669201521,0.7242854728430075,0.544889283986223,0.544353808658223,0.537301900535319,0.6832056575755072,0.6821758541637459,0.922683696754434,True,1.598727199016139,0.0015217000618577003,LR,dedup,esm2_8M,window,cls,0,320
0.7237008871989861,0.5245433040614715,0.708409722012019,0.7237008871989861,0.7110176364532856,0.5481841321383873,0.5245433040614715,0.5227613594995002,0.6608665698533429,0.6597186776663304,0.9386723653951758,True,1.6689736240077764,0.002000038977712393,LR,dedup,esm2_8M,window,cls,1,320
0.7363751584283904,0.5221878076996355,0.7243849941491317,0.7363751584283904,0.7227798753611828,0.534032553654436,0.5221878076996355,0.5088006047589162,0.677084769682564,0.6759676820648096,0.941390672758934,True,1.7919131838716567,0.0017143618315458298,LR,dedup,esm2_8M,window,cls,2,320
0.7414448669201521,0.5291138799834935,0.7266067422644913,0.7414448669201521,0.7286895733741164,0.5191815118710615,0.5291138799834935,0.516572928742574,0.685389516824251,0.6837954913805805,0.9326271826377248,True,1.769277100916952,0.0013446370139718056,LR,dedup,esm2_8M,window,cls,3,320
0.7389100126742713,0.5063231229401709,0.7182963086479411,0.7389100126742713,0.7220997650903538,0.5215351579321791,0.5063231229401709,0.4991065573758313,0.6790464639713568,0.6780070328364123,0.9465672122923926,True,1.67456957208924,0.0016600799281150103,LR,dedup,esm2_8M,window,cls,4,320
0.7135614702154626,0.4918937444575277,0.6950020452854161,0.7135614702154626,0.6933272377851172,0.5950653979797645,0.4918937444575277,0.5151388731020708,0.6446124426324946,0.6430564619123305,0.9237377717288117,True,0.3604162570554763,0.048044506926089525,RF,dedup,esm2_8M,window,cls,0,320
0.6894803548795945,0.47897902083084687,0.6618690787615159,0.6894803548795945,0.6676491758374086,0.5629991091860425,0.47897902083084687,0.5053091107102484,0.6107708237411781,0.6083185080421294,0.9420557347117255,True,0.2546136958990246,0.04724109685048461,RF,dedup,esm2_8M,window,cls,1,320
0.7072243346007605,0.473502513555303,0.670029755172451,0.7072243346007605,0.68420658462049,0.5368989002628957,0.473502513555303,0.493520300643905,0.6360164351872133,0.6343924896190648,0.9292426433706757,True,0.22976465290412307,0.047410225961357355,RF,dedup,esm2_8M,window,cls,2,320
0.714828897338403,0.4755407010110637,0.6826930830643059,0.714828897338403,0.6936216937384478,0.5290220420483579,0.4755407010110637,0.4910963136221687,0.6474749884619005,0.646122749209121,0.920729434601689,True,0.23158962279558182,0.04710216703824699,RF,dedup,esm2_8M,window,cls,3,320
0.6983523447401775,0.4431008252690118,0.6660957354825092,0.6983523447401775,0.675933292116205,0.5267584502409367,0.4431008252690118,0.4690890901762707,0.6240646508729054,0.6222868119600528,0.9292220166427246,True,0.22393061686307192,0.04767867992632091,RF,dedup,esm2_8M,window,cls,4,320
0.614702154626109,0.39969087541430864,0.6216282283257504,0.614702154626109,0.6151843009424601,0.3814248269281622,0.39969087541430864,0.3801585174223824,0.5309405230543139,0.5306337704321349,0.6902131166779334,True,0.6038214860018343,0.0004711151123046875,DT,dedup,esm2_8M,window,cls,0,320
0.6134347275031685,0.3939717306544802,0.6164595980932945,0.6134347275031685,0.6131654770703874,0.41313042489778695,0.3939717306544802,0.3999773934293395,0.5264616570233316,0.5260150559575818,0.6871935224819411,True,0.5447216609027237,0.00046443287283182144,DT,dedup,esm2_8M,window,cls,1,320
0.6070975918884665,0.36612895719610133,0.6128748634976924,0.6070975918884665,0.6086257370611564,0.39426245969246576,0.36612895719610133,0.3751895356036529,0.5190104766834271,0.5188901368445691,0.6730709719571709,True,0.5877659709658474,0.00047536403872072697,DT,dedup,esm2_8M,window,cls,2,320
0.5994930291508238,0.39123948477018017,0.629556467346292,0.5994930291508238,0.6123749746698663,0.41108641803875867,0.39123948477018017,0.3967280492703882,0.5165182241285273,0.5160561499402165,0.6856770081455191,True,0.6385652460157871,0.00046886084601283073,DT,dedup,esm2_8M,window,cls,3,320
0.6223067173637515,0.38370351617441434,0.616788604130421,0.6223067173637515,0.618177826636531,0.3779444377178686,0.38370351617441434,0.3780179429958711,0.5381097986566753,0.5379254775567959,0.6823773554399115,True,0.5567617688793689,0.00045792106539011,DT,dedup,esm2_8M,window,cls,4,320
0.7427122940430925,0.5951157321609294,0.7312620019024579,0.7427122940430925,0.7339881289197482,0.5971088263398208,0.5951157321609294,0.5899095948867857,0.6848239745143354,0.6843098028008002,0.943732570655374,True,1.4475846230052412,0.001796456053853035,LR,dedup,esm2_8M,window,max,0,320
0.7338403041825095,0.5570610411584207,0.7214515346633712,0.7338403041825095,0.7256933389700212,0.5622566929754679,0.5570610411584207,0.5566837269985357,0.6735263674205124,0.673046944373187,0.9500299731420391,True,1.5578583979513496,0.0013697950635105371,LR,dedup,esm2_8M,window,max,1,320
0.7465145754119138,0.56121611207113,0.7414780941761177,0.7465145754119138,0.7408621740343938,0.5986024444149204,0.56121611207113,0.567194707161388,0.6898045888165883,0.6893792506126788,0.9471275993506549,True,1.5377650130540133,0.0016862689517438412,LR,dedup,esm2_8M,window,max,2,320
0.7338403041825095,0.5371546518906357,0.7347528557464157,0.7338403041825095,0.7329376199750901,0.5636741958525856,0.5371546518906357,0.5460909575923207,0.6750724263587604,0.6748339237177537,0.941729185275085,True,1.4866985259577632,0.001931831007823348,LR,dedup,esm2_8M,window,max,3,320
0.743979721166033,0.5708561460003989,0.7391697367659114,0.743979721166033,0.7390769127815171,0.5851229436334248,0.5708561460003989,0.5721751218721205,0.6871717994341117,0.6868555485696322,0.9459210915454132,True,1.496590588008985,0.0017827509436756372,LR,dedup,esm2_8M,window,max,4,320
0.7389100126742713,0.5255272368898528,0.7182966560589767,0.7389100126742713,0.7216272628136529,0.5799632754901439,0.5255272368898528,0.540447329437784,0.6767169916371175,0.675479790114287,0.9495658916819738,True,0.3119626708794385,0.047632132889702916,RF,dedup,esm2_8M,window,max,0,320
0.7275031685678074,0.5263903939323465,0.7109134896564692,0.7275031685678074,0.7098620208589486,0.6149405833300984,0.5263903939323465,0.5465928077598956,0.6615265079063253,0.6596217283474994,0.9609797443849094,True,0.19810001994483173,0.04780291300266981,RF,dedup,esm2_8M,window,max,1,320
0.7249683143219265,0.4768966637869592,0.7217413793654268,0.7249683143219265,0.7104095829755882,0.5888829066258258,0.4768966637869592,0.5011228907236447,0.6596749698811228,0.6581298808137968,0.9460470891387707,True,0.20630861795507371,0.0473976731300354,RF,dedup,esm2_8M,window,max,2,320
0.7477820025348543,0.4964572367748366,0.7190062349579818,0.7477820025348543,0.7281311949093677,0.5501556768466237,0.4964572367748366,0.512860969099097,0.6880584991509981,0.686578515564179,0.9496918873281107,True,0.20932751218788326,0.048165414948016405,RF,dedup,esm2_8M,window,max,3,320
0.7427122940430925,0.5137393209983235,0.7249522412747093,0.7427122940430925,0.7216609607068948,0.6167408317389768,0.5137393209983235,0.5328799182022154,0.6800299012832716,0.6784879799585681,0.959659795597089,True,0.20668830210343003,0.04832215909846127,RF,dedup,esm2_8M,window,max,4,320
0.6603295310519645,0.4438897460731459,0.6733999723215177,0.6603295310519645,0.6651698270894825,0.42143138917490597,0.4438897460731459,0.42827907133376136,0.5885306600723761,0.5882021870161738,0.7136269547104775,True,0.5029177719261497,0.00046745804138481617,DT,dedup,esm2_8M,window,max,0,320
0.6577946768060836,0.47880356231544513,0.6520616122472381,0.6577946768060836,0.652497543528124,0.43273023672208527,0.47880356231544513,0.44759978077282336,0.5813547736751845,0.5810817188569272,0.7308525818936158,True,0.5602502359542996,0.0004606461152434349,DT,dedup,esm2_8M,window,max,1,320
0.6362484157160964,0.3985845979712076,0.646747883415867,0.6362484157160964,0.636509309711187,0.4093443325519155,0.3985845979712076,0.3886113955582442,0.557604179538032,0.5572243394333783,0.6903848282664694,True,0.4953658089507371,0.0004564670380204916,DT,dedup,esm2_8M,window,max,2,320
0.6717363751584284,0.4848632381310845,0.6861148433267946,0.6717363751584284,0.6758875501765672,0.4967618295913265,0.4848632381310845,0.4812772262671784,0.6018946366075068,0.6014778498045915,0.7344253797043746,True,0.5246132879983634,0.0004600849933922291,DT,dedup,esm2_8M,window,max,3,320
0.6476552598225602,0.4174232326188372,0.6509728976390197,0.6476552598225602,0.6477896456679118,0.40311405201446643,0.4174232326188372,0.40711004389943606,0.570336225866029,0.5700584318468267,0.700013128970551,True,0.49961864203214645,0.00045951385982334614,DT,dedup,esm2_8M,window,max,4,320
0.839047619047619,0.6423083864298447,0.8249646008964698,0.839047619047619,0.8229202090772516,0.6716631953396758,0.6423083864298447,0.6337894329048137,0.7829122187482279,0.7811391126421301,0.9722455942831849,True,3.214253541082144,0.003400560934096575,LR,raw,esm2_8M,window,mean,0,320
0.8342857142857143,0.6286948028309761,0.8202002491790933,0.8342857142857143,0.8177532824166205,0.6570873919665855,0.6286948028309761,0.6121852512340693,0.7764638277564899,0.7749519832895381,0.9665311370004026,True,2.7883478000294417,0.0029828159604221582,LR,raw,esm2_8M,window,mean,1,320
0.8285714285714286,0.6090729317963164,0.8108991014729686,0.8285714285714286,0.8123317139897082,0.6259982771889483,0.6090729317963164,0.6035613036870703,0.7685814502075616,0.7666668827158494,0.9633983521719489,True,3.147213642951101,0.0037740031257271767,LR,raw,esm2_8M,window,mean,2,320
0.8223809523809524,0.6083214882350697,0.8118580713457535,0.8223809523809524,0.8099267331747507,0.613588689435479,0.6083214882350697,0.5926532117637696,0.7603846583947523,0.7590965428370203,0.9750224844247792,True,3.1225764479022473,0.0037615990731865168,LR,raw,esm2_8M,window,mean,3,320
0.8252380952380952,0.6079330338852887,0.8173386783696005,0.8252380952380952,0.8097509231771389,0.679938635324886,0.6079330338852887,0.6003192203767319,0.7638307426969643,0.7622732928680754,0.970310411384272,True,3.0214399760589004,0.0044462059158831835,LR,raw,esm2_8M,window,mean,4,320
0.8195238095238095,0.5776295582030191,0.80472461056096,0.8195238095238095,0.7992352074934497,0.6828718373987734,0.5776295582030191,0.5962066233570877,0.753427124958344,0.7510579022616855,0.9673728815684043,True,0.38975694100372493,0.04839525721035898,RF,raw,esm2_8M,window,mean,0,320
0.8266666666666667,0.6037362774354629,0.8165843071994212,0.8266666666666667,0.8088953009155566,0.7265792374180109,0.6037362774354629,0.6226187805911362,0.7637431852804557,0.7613914958730468,0.968320751945134,True,0.33579002297483385,0.047969375969842076,RF,raw,esm2_8M,window,mean,1,320
0.8104761904761905,0.5709661316058638,0.7955289649362015,0.8104761904761905,0.7939753921454905,0.6748062872967306,0.5709661316058638,0.593704387667303,0.7400588880923371,0.7383604358906373,0.9692951251963536,True,0.30560835800133646,0.0484822210855782,RF,raw,esm2_8M,window,mean,2,320
0.8171428571428572,0.5733961144344223,0.8032541658243589,0.8171428571428572,0.7985757000996039,0.6902550753912245,0.5733961144344223,0.5928335460130297,0.7497024288407974,0.7475455030133937,0.9732082160993527,True,0.30615072697401047,0.048124227905645967,RF,raw,esm2_8M,window,mean,3,320
0.8066666666666666,0.5716314699173671,0.7963919467550271,0.8066666666666666,0.78822397522856,0.7166094742074613,0.5716314699173671,0.600422610334902,0.735599346527617,0.7332035754350774,0.966241347590535,True,0.3090762060601264,0.04827158502303064,RF,raw,esm2_8M,window,mean,4,320
0.7814285714285715,0.5256527221545108,0.7738668766757772,0.7814285714285715,0.7734537808987255,0.5435806578181928,0.5256527221545108,0.5262119484707696,0.7029808138677242,0.7019257470719825,0.8327863392956446,True,0.8269355800002813,0.0009224731475114822,DT,raw,esm2_8M,window,mean,0,320
0.7866666666666666,0.5700912229646566,0.7895435490383006,0.7866666666666666,0.7820005746697997,0.5905671261752261,0.5700912229646566,0.5616101671770838,0.7117330329217783,0.7106434492481897,0.8462056600187867,True,0.9319381378591061,0.0009439440909773111,DT,raw,esm2_8M,window,mean,1,320
0.770952380952381,0.5131144485420344,0.7651802197371104,0.770952380952381,0.7634026157020822,0.5274500841947071,0.5131144485420344,0.5109493345459032,0.6899889556825939,0.688908627034059,0.8284668441586883,True,0.9345833889674395,0.0009333440102636814,DT,raw,esm2_8M,window,mean,2,320
0.7752380952380953,0.5300224195569675,0.7682849133914282,0.7752380952380953,0.767140660544974,0.5286150323183512,0.5300224195569675,0.5185626153954476,0.6956683177857439,0.6945110929272476,0.8386113703636979,True,0.9193665299098939,0.000929397065192461,DT,raw,esm2_8M,window,mean,3,320
0.7719047619047619,0.522182890137683,0.7699985325402643,0.7719047619047619,0.7681133324885252,0.5435668912922194,0.522182890137683,0.5254156528727165,0.6911436681605234,0.6906002644000524,0.8331896938405386,True,0.9011020020116121,0.0009348168969154358,DT,raw,esm2_8M,window,mean,4,320
0.8285714285714286,0.5945405756894561,0.8087018266915155,0.8285714285714286,0.8112295020231447,0.593913676731975,0.5945405756894561,0.5816032568108267,0.7680914242070723,0.7663235084114264,0.9666918125983158,True,2.6119196608196944,0.0034634501207619905,LR,raw,esm2_8M,window,cls,0,320
0.8352380952380952,0.6113593014243285,0.8202502101186046,0.8352380952380952,0.8173013180409074,0.662622676219529,0.6113593014243285,0.6053690625886179,0.7774195710821492,0.7754599964338128,0.9652181992964752,True,2.3317458459641784,0.003233848139643669,LR,raw,esm2_8M,window,cls,1,320
0.8276190476190476,0.5936166973497832,0.8051249946203394,0.8276190476190476,0.8100273461431304,0.6043185717133789,0.5936166973497832,0.584980144538327,0.7668591242139703,0.7650590736429472,0.9569102963294696,True,2.395922013092786,0.0033069851342588663,LR,raw,esm2_8M,window,cls,2,320
0.8180952380952381,0.5677525090983351,0.8041724668289917,0.8180952380952381,0.8033792271726571,0.5897449510509792,0.5677525090983351,0.5592592010222087,0.7544855662306688,0.7528445064746605,0.9598873848770082,True,2.357733687851578,0.0037475230637937784,LR,raw,esm2_8M,window,cls,3,320
0.820952380952381,0.5900978049207551,0.8044909859475118,0.820952380952381,0.8058323891986537,0.6083715458307523,0.5900978049207551,0.5823163553201328,0.7584292760921144,0.7565892906686396,0.9696694891066115,True,2.0759321150835603,0.003530035028234124,LR,raw,esm2_8M,window,cls,4,320
0.8157142857142857,0.5702330445896799,0.7938179249715341,0.8157142857142857,0.7959508122197468,0.6393836152526258,0.5702330445896799,0.5797254780249769,0.7483153968188597,0.7465314543330895,0.9640865851397493,True,0.39385872101411223,0.04777975007891655,RF,raw,esm2_8M,window,cls,0,320
0.8323809523809523,0.6148641036495133,0.8145341490722682,0.8323809523809523,0.8123853448353462,0.7228148936470231,0.6148641036495133,0.6294197422847272,0.7721621687198759,0.769694371470018,0.9670649106144882,True,0.3003619369119406,0.047674542060121894,RF,raw,esm2_8M,window,cls,1,320
0.8147619047619048,0.5827112230632013,0.8015686166814967,0.8147619047619048,0.800554659199753,0.6544674114402681,0.5827112230632013,0.5961575025698053,0.7471475622980146,0.7456959134525585,0.9605562271016382,True,0.30737157189287245,0.0481683611869812,RF,raw,esm2_8M,window,cls,2,320
0.8161904761904762,0.576484636936299,0.7949902686184507,0.8161904761904762,0.7971946568440899,0.6529721472062922,0.576484636936299,0.5892584026583437,0.7490311177081211,0.7469714454810242,0.9675175656479271,True,0.3061885491479188,0.0481751230545342,RF,raw,esm2_8M,window,cls,3,320
0.8166666666666667,0.5877655710857955,0.8027740527916242,0.8166666666666667,0.7984224218641457,0.6782470322954961,0.5877655710857955,0.6029490091401687,0.7507846838356688,0.748555555071776,0.9668582886338296,True,0.3063256361056119,0.04829649091698229,RF,raw,esm2_8M,window,cls,4,320
0.7771428571428571,0.5337207330536529,0.7716124987339145,0.7771428571428571,0.7694373915805635,0.5429100804148879,0.5337207330536529,0.5272601226328392,0.6981403494919839,0.6971076368139348,0.8328928594763614,True,0.8034669619519264,0.0009156111627817154,DT,raw,esm2_8M,window,cls,0,320
0.8047619047619048,0.5891826944353864,0.8007356894444781,0.8047619047619048,0.7984085853260241,0.6107272303725685,0.5891826944353864,0.5889192998800307,0.7354330025110112,0.7344935441226399,0.8576651192152518,True,0.7132700611837208,0.0009091889951378107,DT,raw,esm2_8M,window,cls,1,320
0.7752380952380953,0.5299044541311798,0.7720280985059361,0.7752380952380953,0.7690265839237295,0.5534921780936729,0.5299044541311798,0.5331394534023931,0.6960081566568033,0.6946958015744481,0.8363734346626038,True,0.802407860988751,0.0009245180990546942,DT,raw,esm2_8M,window,cls,2,320
0.7819047619047619,0.5531914520542671,0.7818616345917907,0.7819047619047619,0.7770499276403203,0.5740396180494307,0.5531914520542671,0.549246871773351,0.7051568285208918,0.7042189849710769,0.8539096455369548,True,0.7645288701169193,0.0009270128794014454,DT,raw,esm2_8M,window,cls,3,320
0.7819047619047619,0.5533796029846801,0.7799726203902447,0.7819047619047619,0.7757828352052015,0.564881711355842,0.5533796029846801,0.5492815171095429,0.7049060083513058,0.7038711959779685,0.8506875883854199,True,0.7305046420078725,0.0009044799953699112,DT,raw,esm2_8M,window,cls,4,320
0.8304761904761905,0.63323979382553,0.817462264160858,0.8304761904761905,0.8156492161526224,0.661259945925483,0.63323979382553,0.6288289926412072,0.7711809183610534,0.7693481029529367,0.9713718145206222,True,2.659017177997157,0.0037633830215781927,LR,raw,esm2_8M,window,max,0,320
0.8385714285714285,0.6484831927004953,0.8346724759782592,0.8385714285714285,0.8272367709951866,0.7273292679440645,0.6484831927004953,0.6511891229471992,0.7817153010261391,0.7804920013246331,0.9660293942359438,True,2.6388986269012094,0.0033268819097429514,LR,raw,esm2_8M,window,max,1,320
0.8285714285714286,0.6425399985627516,0.8198120348978912,0.8285714285714286,0.8180968668220505,0.7023542167816968,0.6425399985627516,0.6553319122759267,0.7678525199387123,0.7664728535503694,0.9622002824421926,True,2.4867689651437104,0.0032654169481247663,LR,raw,esm2_8M,window,max,2,320
0.8271428571428572,0.6339868471763405,0.8210369878710327,0.8271428571428572,0.8174320679697223,0.667362046207672,0.6339868471763405,0.6331357118989699,0.7666185953849175,0.7653728779911264,0.972773029695708,True,2.675987744005397,0.0034267299342900515,LR,raw,esm2_8M,window,max,3,320
0.8280952380952381,0.6437827032762775,0.8214018565613466,0.8280952380952381,0.8166731418672188,0.6892991296993427,0.6437827032762775,0.6456444369569627,0.7679612332476259,0.7664586430634119,0.968903018589105,True,2.644018718972802,0.003940656082704663,LR,raw,esm2_8M,window,max,4,320
0.8280952380952381,0.5896232776039603,0.812044639573308,0.8280952380952381,0.808179877861334,0.6812538275172149,0.5896232776039603,0.6019878494248576,0.7659475110258442,0.7635688288844603,0.9811008502769849,True,0.38559028087183833,0.0487227919511497,RF,raw,esm2_8M,window,max,0,320
0.8395238095238096,0.6244988218154977,0.8315551120210697,0.8395238095238096,0.8211836701297812,0.7480593830357595,0.6244988218154977,0.639570370339062,0.7825348960514382,0.7799362290827474,0.9710123746882853,True,0.25819046795368195,0.0485794129781425,RF,raw,esm2_8M,window,max,1,320
0.829047619047619,0.607409378210262,0.8299299368023016,0.829047619047619,0.8166735307056137,0.7030655040744622,0.607409378210262,0.6216200428214349,0.767054615117103,0.7656513735459288,0.9742048530797054,True,0.268145919078961,0.04834832902997732,RF,raw,esm2_8M,window,max,2,320
0.8247619047619048,0.5921773030117289,0.8121209190460338,0.8247619047619048,0.8090805352613833,0.6622489337781007,0.5921773030117289,0.6025213337401595,0.7617629086383185,0.7596776545932261,0.98018584741676,True,0.2664793669246137,0.04815868195146322,RF,raw,esm2_8M,window,max,3,320
0.8276190476190476,0.6087681908860141,0.819386305738046,0.8276190476190476,0.8098097157920997,0.7249537612747378,0.6087681908860141,0.6220871395252043,0.7662241669958596,0.7637251242370097,0.9748666951290204,True,0.2583953731227666,0.04766757902689278,RF,raw,esm2_8M,window,max,4,320
0.800952380952381,0.5477977809870977,0.7932464315075726,0.800952380952381,0.7905128922268303,0.5660301201901559,0.5477977809870977,0.5420575150502782,0.7304545344940935,0.7291750483153194,0.8442298243111519,True,0.6776035458315164,0.0009064539335668087,DT,raw,esm2_8M,window,max,0,320
0.8104761904761905,0.601359070198833,0.8040196083267531,0.8104761904761905,0.8023859860517683,0.6292179158052821,0.601359070198833,0.6018398154870672,0.7432690883294923,0.7422341801548076,0.8615713709882111,True,0.7162354439496994,0.0009045898914337158,DT,raw,esm2_8M,window,max,1,320
0.790952380952381,0.55649887902001,0.7909061723661035,0.790952380952381,0.7870368283891435,0.5635580427623326,0.55649887902001,0.5528106383794849,0.717758297706083,0.7166192264894473,0.8498956482247887,True,0.6872088599484414,0.0008905341383069754,DT,raw,esm2_8M,window,max,2,320
0.7823809523809524,0.5314550976702068,0.7843192573083414,0.7823809523809524,0.778430128935998,0.5306352489670344,0.5314550976702068,0.5197107618460192,0.7066174428027717,0.7056293893335819,0.8434847682586031,True,0.7274436990264803,0.0009112120606005192,DT,raw,esm2_8M,window,max,3,320
0.79,0.570723182388445,0.7880576049293818,0.79,0.7854224206636232,0.5960572332241125,0.570723182388445,0.5736167228185195,0.7158173154316252,0.7151473860827922,0.8568315206638364,True,0.6773846559226513,0.0008990289643406868,DT,raw,esm2_8M,window,max,4,320
0.7629911280101395,0.5712123252288651,0.7494271595200184,0.7629911280101395,0.7514558636853981,0.5879592188279573,0.5712123252288651,0.5702427731087752,0.7094317364754583,0.7087733357545802,0.944515274814766,True,2.3352245748974383,0.002538431202992797,LR,dedup,esm2_35M,truncate,mean,0,480
0.743979721166033,0.5837996688786536,0.7267422385042576,0.743979721166033,0.730407196504013,0.5768801473641905,0.5837996688786536,0.5708807584893982,0.6866251890885563,0.6857794592846849,0.9493646951474008,True,2.369771894067526,0.0022025590296834707,LR,dedup,esm2_35M,truncate,mean,1,480
0.7655259822560203,0.5566158765165246,0.7576761857010215,0.7655259822560203,0.7581314583463648,0.6051231125466979,0.5566158765165246,0.5678800516287158,0.7132240803703986,0.7126203690760498,0.9545399248229767,True,2.3337453140411526,0.004744668025523424,LR,dedup,esm2_35M,truncate,mean,2,480
0.7515842839036755,0.5736749206554037,0.7426215846334533,0.7515842839036755,0.7457133443462342,0.5776909510536945,0.5736749206554037,0.5729760108095925,0.6956415896741559,0.695322981990555,0.9484746793810735,True,2.334100732114166,0.0021581759210675955,LR,dedup,esm2_35M,truncate,mean,3,480
0.7477820025348543,0.5551321079411923,0.739704742556273,0.7477820025348543,0.7413081545670754,0.5786301265717093,0.5551321079411923,0.5606129421551334,0.6910487735906535,0.6907728757880308,0.9553169867406357,True,2.3641829900443554,0.002241292968392372,LR,dedup,esm2_35M,truncate,mean,4,480
0.6945500633713562,0.48181897662595,0.6517234040902176,0.6945500633713562,0.6644223338395345,0.5724830951592954,0.48181897662595,0.5120975754824908,0.6166262502980183,0.6129180008834839,0.9355538151939172,True,0.35798360500484705,0.04768180591054261,RF,dedup,esm2_35M,truncate,mean,0,480
0.6742712294043093,0.4641623018562992,0.6361355780092682,0.6742712294043093,0.6453854967842234,0.56262110472183,0.4641623018562992,0.4882893190485191,0.5908839989344145,0.5879409953728634,0.9399117106625493,True,0.25730968196876347,0.04865696793422103,RF,dedup,esm2_35M,truncate,mean,1,480
0.6958174904942965,0.4401642951731168,0.6546486184337617,0.6958174904942965,0.6638978390743779,0.5906846303917536,0.4401642951731168,0.4850741380902411,0.6173570380221514,0.6126133866869607,0.9002206820677546,True,0.2655859370715916,0.04817826906219125,RF,dedup,esm2_35M,truncate,mean,2,480
0.6869455006337135,0.4481162684208578,0.6652663310898338,0.6869455006337135,0.6649237213988644,0.5623763457080082,0.4481162684208578,0.48193852995744046,0.6085337603425096,0.6062190090159263,0.9394564535798419,True,0.2550590420141816,0.04805728094652295,RF,dedup,esm2_35M,truncate,mean,3,480
0.7135614702154626,0.4806284454179284,0.6844938881533856,0.7135614702154626,0.6849748557100941,0.606004589324229,0.4806284454179284,0.5044429326736557,0.6423790735854219,0.640020591708809,0.919561166781677,True,0.25997102400287986,0.047634796937927604,RF,dedup,esm2_35M,truncate,mean,4,480
0.6020278833967047,0.3940027257278759,0.5977058149994131,0.6020278833967047,0.5954315319166218,0.3765228656689421,0.3940027257278759,0.3690269163057847,0.5124788125965618,0.5120757058029954,0.6952787261285326,True,0.7938191080465913,0.0005454251077026129,DT,dedup,esm2_35M,truncate,mean,0,480
0.5868187579214195,0.39964253647111486,0.5964635796043903,0.5868187579214195,0.5907131512018342,0.4069287994415006,0.39964253647111486,0.40110565242077756,0.4965386256795897,0.4964142022260727,0.7095718067140717,True,0.8033059190493077,0.0005415680352598429,DT,dedup,esm2_35M,truncate,mean,1,480
0.5994930291508238,0.378692083792034,0.5997923321458359,0.5994930291508238,0.5965383910445554,0.4158355877432634,0.378692083792034,0.3816591935327677,0.5087252290636186,0.5083966756381059,0.6893752802816466,True,0.7633764739148319,0.0005373700987547636,DT,dedup,esm2_35M,truncate,mean,2,480
0.5830164765525983,0.38118015781623793,0.609278975292593,0.5830164765525983,0.5929301716311144,0.37809549322243563,0.38118015781623793,0.37038685636535223,0.4981235337938948,0.49748336114541925,0.6987850861259072,True,0.7552492581307888,0.0005531301721930504,DT,dedup,esm2_35M,truncate,mean,3,480
0.614702154626109,0.38340910165250575,0.626194387259026,0.614702154626109,0.6188974810849138,0.37803959741459736,0.38340910165250575,0.3774635464576139,0.5318951656746584,0.5316016927141817,0.6874692599074308,True,0.7729519899003208,0.0005497131496667862,DT,dedup,esm2_35M,truncate,mean,4,480
0.7642585551330798,0.5921833965790576,0.7602024725215497,0.7642585551330798,0.7547452855173516,0.6028111774799133,0.5921833965790576,0.5835796335497508,0.7121938563297138,0.7110902869922316,0.9343671930396412,True,1.991318577900529,0.0021815199870616198,LR,dedup,esm2_35M,truncate,cls,0,480
0.7376425855513308,0.5741907736355351,0.7300755614825849,0.7376425855513308,0.7313847784485027,0.5729401054500352,0.5741907736355351,0.5667496653063441,0.6787869907002482,0.6783619051370167,0.947399702080423,True,2.0015974659472704,0.0023512989282608032,LR,dedup,esm2_35M,truncate,cls,1,480
0.7401774397972116,0.5410126114924984,0.7320951706066184,0.7401774397972116,0.7306823446649735,0.5757840423973031,0.5410126114924984,0.5421614719450027,0.6835010439240722,0.6824376193963477,0.9320247368764836,True,1.975434383843094,0.0024122342001646757,LR,dedup,esm2_35M,truncate,cls,2,480
0.7389100126742713,0.5252405900186763,0.7425900051828009,0.7389100126742713,0.7345178873484995,0.5767233343124037,0.5252405900186763,0.5273039178548559,0.6824591122313648,0.6816230108049237,0.9336186754663949,True,1.956080008065328,0.002428423846140504,LR,dedup,esm2_35M,truncate,cls,3,480
0.7414448669201521,0.525704079946319,0.741754208406358,0.7414448669201521,0.7365592408529015,0.5957310937207101,0.525704079946319,0.5426345053067764,0.683309282201313,0.6829727557789578,0.9513495361789901,True,1.903235899982974,0.002579387975856662,LR,dedup,esm2_35M,truncate,cls,4,480
0.7097591888466414,0.4856552596718826,0.6781944113249591,0.7097591888466414,0.681182890931212,0.5697551690035301,0.4856552596718826,0.5019105304125145,0.6382290509806191,0.6354878863135214,0.9361157102988332,True,0.3811075850389898,0.048307851888239384,RF,dedup,esm2_35M,truncate,cls,0,480
0.6920152091254753,0.4703168940674694,0.6628432706119514,0.6920152091254753,0.6666734377072603,0.5825899023056355,0.4703168940674694,0.4967221980827237,0.6140218820248304,0.6111258724096456,0.9505573364508927,True,0.26570029300637543,0.048186264000833035,RF,dedup,esm2_35M,truncate,cls,1,480
0.7135614702154626,0.46086413128682174,0.6830132644395476,0.7135614702154626,0.6852444870020686,0.6097141923392434,0.46086413128682174,0.49948246486726017,0.6415477528021941,0.6379293540500808,0.9308048065615574,True,0.24038088601082563,0.048308424185961485,RF,dedup,esm2_35M,truncate,cls,2,480
0.7072243346007605,0.45282089577928397,0.6797258311365283,0.7072243346007605,0.6876902586676478,0.5367866071073977,0.45282089577928397,0.47806892883872104,0.6367697119560227,0.6354907482220427,0.9382989879100296,True,0.2453999980352819,0.04823615704663098,RF,dedup,esm2_35M,truncate,cls,3,480
0.7135614702154626,0.4462664365223301,0.6784965453264736,0.7135614702154626,0.6864700274870539,0.5627126433067203,0.4462664365223301,0.4792858545456091,0.6418662096763864,0.6391631995596638,0.9131805619160939,True,0.24387148604728281,0.047940371790900826,RF,dedup,esm2_35M,truncate,cls,4,480
0.6273764258555133,0.45648989265454726,0.634658190742466,0.6273764258555133,0.6280125659584392,0.42444587252942606,0.45648989265454726,0.42769460298362694,0.5457980011706585,0.5455968343829888,0.7366765925871228,True,0.8171472828835249,0.0005509550683200359,DT,dedup,esm2_35M,truncate,cls,0,480
0.6007604562737643,0.3696883299941774,0.6104230401816085,0.6007604562737643,0.6031444364563581,0.3776056199130176,0.3696883299941774,0.3652129502165424,0.515247348232683,0.514890851173467,0.6920183309993705,True,0.817450491944328,0.0005540819838643074,DT,dedup,esm2_35M,truncate,cls,1,480
0.5893536121673004,0.39672364873805993,0.6146428455956587,0.5893536121673004,0.5991994865653539,0.38925926306712116,0.39672364873805993,0.3858057294157779,0.5028661749760752,0.5024233010615811,0.6944067416373195,True,0.8152012759819627,0.0005566070321947336,DT,dedup,esm2_35M,truncate,cls,2,480
0.5956907477820025,0.39153544855543726,0.6082898124796101,0.5956907477820025,0.598949001510457,0.4396728297479937,0.39153544855543726,0.40361446359825703,0.508619034834153,0.5082661904799118,0.694123289144704,True,0.7613532908726484,0.000545525923371315,DT,dedup,esm2_35M,truncate,cls,3,480
0.6248415716096325,0.3830713465024894,0.6216774008350506,0.6248415716096325,0.6203001335780998,0.3742079817409784,0.3830713465024894,0.3715532067877319,0.5408397261949793,0.5404857144543632,0.6873157421919603,True,0.8019705591723323,0.0005451240576803684,DT,dedup,esm2_35M,truncate,cls,4,480
0.7515842839036755,0.6054333208295773,0.7509148242255748,0.7515842839036755,0.7494489323450513,0.6125874319654162,0.6054333208295773,0.6057917216020229,0.6970936886277955,0.6966997534670534,0.9470118215111303,True,1.609701323788613,0.0022025499492883682,LR,dedup,esm2_35M,truncate,max,0,480
0.7452471482889734,0.5932902999735024,0.7424632112886228,0.7452471482889734,0.7417410695244991,0.6141577764093269,0.5932902999735024,0.5964845238202036,0.6884862995030665,0.6882501877312239,0.9540261158187928,True,1.716981051955372,0.0028422619216144085,LR,dedup,esm2_35M,truncate,max,1,480
0.7452471482889734,0.5638678504946707,0.751091446837311,0.7452471482889734,0.7439640342581586,0.6634801353782689,0.5638678504946707,0.5903525166355729,0.6879592345870742,0.6875832315511603,0.9471943113952943,True,1.7656394029036164,0.002844535978510976,LR,dedup,esm2_35M,truncate,max,2,480
0.7515842839036755,0.5912703310982246,0.7562573166234899,0.7515842839036755,0.7516101475392956,0.6136700155079263,0.5912703310982246,0.5963558340951098,0.6971478339931073,0.6967633897932852,0.9559488238277357,True,1.7737877978943288,0.0029564059805125,LR,dedup,esm2_35M,truncate,max,3,480
0.7629911280101395,0.605034827942998,0.7674703854999899,0.7629911280101395,0.7596593614887668,0.6670378346287231,0.605034827942998,0.6154194286373446,0.7103808419440231,0.7099834886189409,0.9609151424970709,True,1.6901535210199654,0.0028634921181946993,LR,dedup,esm2_35M,truncate,max,4,480
0.7452471482889734,0.541996885477051,0.7202944193815808,0.7452471482889734,0.7266482326498037,0.575755823318045,0.541996885477051,0.5447585964031965,0.6870755101867667,0.6854310349957453,0.9675500295354957,True,0.3283766000531614,0.04849464283324778,RF,dedup,esm2_35M,truncate,max,0,480
0.7490494296577946,0.5649823020109968,0.7420816492921481,0.7490494296577946,0.739635998988019,0.647529701366119,0.5649823020109968,0.5906916582258875,0.6907411392828774,0.6899065086643243,0.9676898600339544,True,0.2186531589832157,0.047633465146645904,RF,dedup,esm2_35M,truncate,max,1,480
0.7515842839036755,0.5366392408614004,0.7475114641780949,0.7515842839036755,0.738824926906561,0.650597682465695,0.5366392408614004,0.5657812142999497,0.6950232658989157,0.6932044073943284,0.9589000862273561,True,0.20461334194988012,0.04867793805897236,RF,dedup,esm2_35M,truncate,max,2,480
0.7655259822560203,0.538246491392213,0.7513471486753749,0.7655259822560203,0.7500212087584556,0.608704175559661,0.538246491392213,0.5554401085484018,0.7121181129576419,0.7107238196782716,0.9691268625526545,True,0.20809534611180425,0.04825711692683399,RF,dedup,esm2_35M,truncate,max,3,480
0.7579214195183777,0.5324950281962754,0.7448402550541199,0.7579214195183777,0.7435184644419149,0.6140213347628117,0.5324950281962754,0.549644337103746,0.7023653804908631,0.7014980657659389,0.9484174685094046,True,0.2145273149944842,0.04781575780361891,RF,dedup,esm2_35M,truncate,max,4,480
0.670468948035488,0.47471368958222526,0.6842491699383217,0.670468948035488,0.67128903490234,0.4903970316549657,0.47471368958222526,0.4610944912046268,0.5996206780525054,0.5992302657927383,0.7484887656681237,True,0.5704837499652058,0.0005198880098760128,DT,dedup,esm2_35M,truncate,max,0,480
0.6831432192648923,0.46359316969090697,0.6818379917835683,0.6831432192648923,0.6813034805006608,0.45430044137025766,0.46359316969090697,0.4545242746959354,0.6127733473667492,0.6126337370976105,0.7552272851504992,True,0.6144187930040061,0.0005271811969578266,DT,dedup,esm2_35M,truncate,max,1,480
0.6628643852978454,0.4469815780775996,0.6744270993774101,0.6628643852978454,0.6658265672260628,0.5064484531660803,0.4469815780775996,0.4616817614910712,0.5884968316943837,0.5883338302446373,0.7223420973442863,True,0.5613560248166323,0.0005232840776443481,DT,dedup,esm2_35M,truncate,max,2,480
0.6856780735107731,0.4872789682382321,0.6898775450006821,0.6856780735107731,0.6860303372234997,0.46025035399467423,0.4872789682382321,0.4678923754347979,0.617896991207345,0.617622746592408,0.7455302182551816,True,0.5645134488586336,0.0005296349991112947,DT,dedup,esm2_35M,truncate,max,3,480
0.6945500633713562,0.48860748642290736,0.6995401250561296,0.6945500633713562,0.694491831453233,0.5176158781801803,0.48860748642290736,0.49589247918269025,0.6268529443210056,0.6265598548259758,0.7416460020198969,True,0.5331013011746109,0.0005203280597925186,DT,dedup,esm2_35M,truncate,max,4,480
0.8380952380952381,0.6365321545075884,0.8219940774269759,0.8380952380952381,0.8218362469256788,0.6530857580197267,0.6365321545075884,0.6268402073965172,0.7816403954211056,0.7797170629188539,0.9744921002791483,True,4.042163883103058,0.0039996670093387365,LR,raw,esm2_35M,truncate,mean,0,480
0.84,0.6349608538573794,0.8252850503304605,0.84,0.825563762084299,0.6542462030606457,0.6349608538573794,0.6279942484807807,0.7840873174279219,0.7825067088172939,0.9670136834426682,True,3.5801345189101994,0.004927550908178091,LR,raw,esm2_35M,truncate,mean,1,480
0.8352380952380952,0.6380871464976252,0.8253145280241155,0.8352380952380952,0.8223046924216117,0.6808043802041842,0.6380871464976252,0.6392166499711163,0.7773597497082703,0.775843064230865,0.963818355798707,True,3.7101022880524397,0.004264044109731913,LR,raw,esm2_35M,truncate,mean,2,480
0.8238095238095238,0.6199849217207324,0.8161907485411518,0.8238095238095238,0.8133036344993018,0.6323582595464083,0.6199849217207324,0.6084597399901965,0.7624470917361652,0.7610725352418011,0.972605863754901,True,3.9232270368374884,0.00536438194103539,LR,raw,esm2_35M,truncate,mean,3,480
0.8261904761904761,0.6275489929762137,0.8168337188778397,0.8261904761904761,0.8128369689429837,0.6684772312343923,0.6275489929762137,0.6240778058672266,0.7655116814184085,0.7638969660529118,0.9653211390145998,True,3.9221338520292193,0.005119943059980869,LR,raw,esm2_35M,truncate,mean,4,480
0.819047619047619,0.5807376456512803,0.7960450668497927,0.819047619047619,0.7936726255895804,0.6922336426939713,0.5807376456512803,0.5944826196630824,0.7513979343838212,0.748559415599147,0.9683184806518995,True,0.4233653168193996,0.04935779492370784,RF,raw,esm2_35M,truncate,mean,0,480
0.8257142857142857,0.6056407110743772,0.8114377927839104,0.8257142857142857,0.8051248176361898,0.704336257888216,0.6056407110743772,0.622707554125308,0.7616362785929439,0.7589391818547633,0.9728859717437462,True,0.3397944390308112,0.04851511283777654,RF,raw,esm2_35M,truncate,mean,1,480
0.8114285714285714,0.5685169755329594,0.7848173884237015,0.8114285714285714,0.7892533051067682,0.6691567894816887,0.5685169755329594,0.5925633579326669,0.7406992035442083,0.7382378585615672,0.9626344408678118,True,0.324948487104848,0.048509701853618026,RF,raw,esm2_35M,truncate,mean,2,480
0.8180952380952381,0.5777303896310291,0.7954977824949214,0.8180952380952381,0.7943968648680376,0.6769514155006293,0.5777303896310291,0.5843497944520357,0.7505888110733966,0.7481332124757889,0.9697540679213479,True,0.33820954989641905,0.04900335893034935,RF,raw,esm2_35M,truncate,mean,3,480
0.819047619047619,0.600264956671446,0.8021362132771686,0.819047619047619,0.7983634151797799,0.689608041615928,0.600264956671446,0.6205308465220303,0.7525393309109404,0.7499319206889344,0.9684831878460446,True,0.33391310600563884,0.04819258605130017,RF,raw,esm2_35M,truncate,mean,4,480
0.7857142857142857,0.5510681407258186,0.7748357064552299,0.7857142857142857,0.7734320863555555,0.5617115930008865,0.5510681407258186,0.5412412262761744,0.7104668921093131,0.7087550990972332,0.8478931481812615,True,1.0778324399143457,0.0010648819152265787,DT,raw,esm2_35M,truncate,mean,0,480
0.7995238095238095,0.5992576025697441,0.7898996580839188,0.7995238095238095,0.7895834684481638,0.6024598586151843,0.5992576025697441,0.590963310243027,0.7297515769505551,0.7284640111157454,0.8720816216717058,True,1.089876506011933,0.0010688090696930885,DT,raw,esm2_35M,truncate,mean,1,480
0.7776190476190477,0.5386334743672011,0.7590495922904452,0.7776190476190477,0.7636716798697107,0.538046623015643,0.5386334743672011,0.5301161855735402,0.6980739373164934,0.696777812063463,0.8505223349107268,True,1.048840390983969,0.0010398440062999725,DT,raw,esm2_35M,truncate,mean,2,480
0.7780952380952381,0.5495615852377594,0.7720025120517577,0.7780952380952381,0.7683418951383773,0.5691060303934633,0.5495615852377594,0.5420934985337206,0.7005500392020954,0.6990228854558485,0.8621564396668574,True,1.0067197270691395,0.001050915103405714,DT,raw,esm2_35M,truncate,mean,3,480
0.7766666666666666,0.5507232095355656,0.7703137511724825,0.7766666666666666,0.7677112655566002,0.5584911283865075,0.5507232095355656,0.5459510629948022,0.6989171193628373,0.6975534348367222,0.8531567632995034,True,1.1096359230577946,0.0010862520430237055,DT,raw,esm2_35M,truncate,mean,4,480
0.8385714285714285,0.6287113591389398,0.8249084505939428,0.8385714285714285,0.8232737089349681,0.6556210359230389,0.6287113591389398,0.6242207503380096,0.7823262784678922,0.7803420480674174,0.9636996487546964,True,3.0467888589482754,0.005561803001910448,LR,raw,esm2_35M,truncate,cls,0,480
0.8352380952380952,0.6143327492574161,0.8235903464661394,0.8352380952380952,0.8201068626904147,0.6590831090869288,0.6143327492574161,0.6114776382288102,0.7778797336651722,0.7759068048646667,0.9604366496228991,True,3.0970482090488076,0.004915178054943681,LR,raw,esm2_35M,truncate,cls,1,480
0.8319047619047619,0.6227473963948802,0.8138902626878217,0.8319047619047619,0.8169347398900387,0.6495825823166577,0.6227473963948802,0.6247600901292208,0.7731320421876755,0.7713291903393755,0.9538700809570863,True,3.236800237093121,0.004683221923187375,LR,raw,esm2_35M,truncate,cls,2,480
0.8238095238095238,0.6069484997125234,0.8167763574554348,0.8238095238095238,0.811710184639968,0.6479137330401846,0.6069484997125234,0.6013901687288739,0.7626411131867186,0.7610067613248038,0.9656962581577347,True,3.0859246030449867,0.00563016114756465,LR,raw,esm2_35M,truncate,cls,3,480
0.8171428571428572,0.6208273763624266,0.8035832294839292,0.8171428571428572,0.8027166684292796,0.6310283296391028,0.6208273763624266,0.6092464074494157,0.7536929013751611,0.752052927352799,0.9604964641857578,True,3.1480807720217854,0.005782647989690304,LR,raw,esm2_35M,truncate,cls,4,480
0.8214285714285714,0.5808726862386839,0.7928080794864668,0.8214285714285714,0.7958356547889361,0.6348162592358138,0.5808726862386839,0.5819791817127715,0.755841679910892,0.7531131259170084,0.9626890736667008,True,0.4163644788786769,0.0492421081289649,RF,raw,esm2_35M,truncate,cls,0,480
0.8285714285714286,0.5961369453742991,0.8110105728549433,0.8285714285714286,0.8096479381462022,0.6841186094855318,0.5961369453742991,0.6134359833819162,0.7663092424534116,0.7638773586496783,0.9672036104053348,True,0.3124627498909831,0.049146689008921385,RF,raw,esm2_35M,truncate,cls,1,480
0.8195238095238095,0.5794105754834145,0.7981777825420701,0.8195238095238095,0.7984955250354716,0.672861608567261,0.5794105754834145,0.6002991229130399,0.7522089651643061,0.7499336266850574,0.9633349367805518,True,0.31572042289189994,0.04847256210632622,RF,raw,esm2_35M,truncate,cls,2,480
0.8219047619047619,0.5794660787612803,0.8042158261343479,0.8219047619047619,0.7972098619359057,0.6956120914624552,0.5794660787612803,0.586227775199584,0.757523596839497,0.7546147210546756,0.9697785218139622,True,0.3260625610128045,0.04883378092199564,RF,raw,esm2_35M,truncate,cls,3,480
0.8185714285714286,0.5813332287278767,0.7956340974924485,0.8185714285714286,0.7966914903117527,0.6653611599339911,0.5813332287278767,0.5996328026024349,0.7519144111167694,0.749286810123536,0.9642136064731612,True,0.31438627606257796,0.04845656221732497,RF,raw,esm2_35M,truncate,cls,4,480
0.7828571428571428,0.5468378867215523,0.7751350566123714,0.7828571428571428,0.7724917970682003,0.5642536353123977,0.5468378867215523,0.5414644204269434,0.706228982425901,0.7047700175084699,0.8462891526445795,True,0.9572595381177962,0.0010540711227804422,DT,raw,esm2_35M,truncate,cls,0,480
0.7947619047619048,0.5785548992306538,0.7883242493141963,0.7947619047619048,0.7872806048644586,0.5695160245172389,0.5785548992306538,0.5672566837695416,0.7234961840229147,0.7222686761350822,0.8662605183106471,True,0.9510847430210561,0.0010560948867350817,DT,raw,esm2_35M,truncate,cls,1,480
0.7780952380952381,0.5395678187233607,0.7657079885403751,0.7780952380952381,0.7649658791401758,0.5809391744968907,0.5395678187233607,0.5421096723561136,0.6990711084296712,0.697534470128979,0.8489573043077013,True,1.002551272045821,0.0010514359455555677,DT,raw,esm2_35M,truncate,cls,2,480
0.7838095238095238,0.5376373832391205,0.7801281993628767,0.7838095238095238,0.7755711899629018,0.5494939391421463,0.5376373832391205,0.5281341613548919,0.7082717746421455,0.7068541521000791,0.8593936738366349,True,0.9496808738913387,0.001064870972186327,DT,raw,esm2_35M,truncate,cls,3,480
0.7842857142857143,0.5582528919243421,0.771366752045238,0.7842857142857143,0.7719836072824369,0.545920218365837,0.5582528919243421,0.5419280561549528,0.7089645317061084,0.7076008113286013,0.8588678501663842,True,1.015420258976519,0.001072675921022892,DT,raw,esm2_35M,truncate,cls,4,480
0.8319047619047619,0.6488354804930482,0.822106937568249,0.8319047619047619,0.8192685890477492,0.6663771963096903,0.6488354804930482,0.6401981183515356,0.7732985053758454,0.7715489186710452,0.9734249998882774,True,2.180927870096639,0.004658885998651385,LR,raw,esm2_35M,truncate,max,0,480
0.839047619047619,0.6569878659704023,0.8295355460531224,0.839047619047619,0.8253863294308387,0.7003075532782792,0.6569878659704023,0.6537193698944528,0.7829482759557921,0.7812203331319583,0.9672073804518871,True,2.1709155021235347,0.005172481993213296,LR,raw,esm2_35M,truncate,max,1,480
0.8252380952380952,0.6531029368215385,0.812776155506451,0.8252380952380952,0.8132658270484575,0.6552049859165598,0.6531029368215385,0.644905077602041,0.7640056742912663,0.7624950500541605,0.9677168806954822,True,2.1722101459745318,0.005393235944211483,LR,raw,esm2_35M,truncate,max,2,480
0.8280952380952381,0.6241867155946268,0.8211670399190809,0.8280952380952381,0.8166925279180619,0.655089719605506,0.6241867155946268,0.6194608274233928,0.7683717507285966,0.766684475915658,0.9727091644240384,True,2.1511232829652727,0.0049657130148261786,LR,raw,esm2_35M,truncate,max,3,480
0.8238095238095238,0.6263324257155491,0.8185808803280491,0.8238095238095238,0.8121090195397509,0.6729067963138309,0.6263324257155491,0.6286066167583971,0.7625761216423066,0.7607413876137326,0.9690309739096953,True,2.3222459719982,0.004888789029791951,LR,raw,esm2_35M,truncate,max,4,480
0.8414285714285714,0.623429543475896,0.8274580785027783,0.8414285714285714,0.8233541769984656,0.6774929952961323,0.623429543475896,0.6236442135776362,0.7856241354927516,0.7834299944347733,0.9757884345571955,True,0.39114531991072,0.04880959494039416,RF,raw,esm2_35M,truncate,max,0,480
0.8461904761904762,0.644399294006993,0.8307517877155907,0.8461904761904762,0.8292046882452878,0.6874347057188226,0.644399294006993,0.6475472256475018,0.7928854682947067,0.790087929112047,0.9686389708271541,True,0.2803456571418792,0.04840000602416694,RF,raw,esm2_35M,truncate,max,1,480
0.8371428571428572,0.6232651656590757,0.8205479130606635,0.8371428571428572,0.8209612830735667,0.6844818646381766,0.6232651656590757,0.6325070422163904,0.779453371707713,0.7774970243092711,0.9740082741936746,True,0.26832957402803004,0.04869022103957832,RF,raw,esm2_35M,truncate,max,2,480
0.8342857142857143,0.6132509507019106,0.8261042668522222,0.8342857142857143,0.8176289345514426,0.6981717034914626,0.6132509507019106,0.614623109041,0.7763867152190629,0.773983692063605,0.9798542808086753,True,0.2635755790397525,0.048502448946237564,RF,raw,esm2_35M,truncate,max,3,480
0.84,0.6250550886336714,0.8256556746486682,0.84,0.8235700087436278,0.6891713446784555,0.6250550886336714,0.6358676926962263,0.7840410089941083,0.7816405368746188,0.9741915863372227,True,0.26711046299897134,0.048389525851234794,RF,raw,esm2_35M,truncate,max,4,480
0.8133333333333334,0.5954662603508643,0.7974609199252023,0.8133333333333334,0.7991581898316338,0.5791289224048803,0.5954662603508643,0.5757846360913842,0.7475276379002597,0.7461251080171052,0.8725218772996743,True,0.8303363011218607,0.0010374898556619883,DT,raw,esm2_35M,truncate,max,0,480
0.8161904761904762,0.6214096577887026,0.8101632930331633,0.8161904761904762,0.8068690336269331,0.6256996876438845,0.6214096577887026,0.6108011084173643,0.7524052204426882,0.7509662882824815,0.8867425094114499,True,0.8290768240112811,0.0010249258484691381,DT,raw,esm2_35M,truncate,max,1,480
0.8033333333333333,0.5864323924928343,0.7955320275802754,0.8033333333333333,0.7935352864283803,0.6025455663950303,0.5864323924928343,0.5815705487652707,0.7340274756345617,0.7326944052596913,0.8752562685292194,True,0.7726656619925052,0.0010414980351924896,DT,raw,esm2_35M,truncate,max,2,480
0.8,0.5489307350529307,0.7940920761609763,0.8,0.7913245726536663,0.5646482860413665,0.5489307350529307,0.5409527006762284,0.7298928144897102,0.7286065330130767,0.8661189723890654,True,0.8061638700310141,0.001020187046378851,DT,raw,esm2_35M,truncate,max,3,480
0.8128571428571428,0.5968696855007348,0.8066041763882776,0.8128571428571428,0.8023308758635324,0.6016119292741015,0.5968696855007348,0.5841480204267282,0.7470898932708023,0.7456392213040481,0.8791995704733432,True,0.7870680009946227,0.001021859934553504,DT,raw,esm2_35M,truncate,max,4,480
0.7731305449936628,0.5960038497277682,0.7558762455236531,0.7731305449936628,0.7586144256576516,0.6068741114852362,0.5960038497277682,0.5881866126961821,0.7215929914617001,0.7207996188525643,0.9358764868045523,True,2.1127690910361707,0.0019157999195158482,LR,dedup,esm2_35M,window,mean,0,480
0.7313054499366286,0.5730917804303147,0.7109266592125719,0.7313054499366286,0.7174296933724971,0.5608889196536958,0.5730917804303147,0.5617189114477397,0.670934862160342,0.6700893473501509,0.9419857947897525,True,2.373804052127525,0.001967848977074027,LR,dedup,esm2_35M,window,mean,1,480
0.7427122940430925,0.5318663342509888,0.7406602142555739,0.7427122940430925,0.7347444665353954,0.5913558784964479,0.5318663342509888,0.5443455228078855,0.6860265206727809,0.6847720621374969,0.9529881505456985,True,2.2732195190619677,0.002244527917355299,LR,dedup,esm2_35M,window,mean,2,480
0.7477820025348543,0.5495905055101087,0.7296913919827375,0.7477820025348543,0.7360150206232917,0.5162520123873207,0.5495905055101087,0.52819975219062,0.6917737170193529,0.6911688342341917,0.9503706273027356,True,2.263115948997438,0.0024721568915992975,LR,dedup,esm2_35M,window,mean,3,480
0.7541191381495564,0.5483531695211541,0.7427714723727876,0.7541191381495564,0.7447775731030717,0.5706345767717051,0.5483531695211541,0.5514166618836112,0.6986424271223274,0.6982262169744549,0.9467839544469016,True,2.3033179780468345,0.0034463079646229744,LR,dedup,esm2_35M,window,mean,4,480
0.7046894803548795,0.49327979326765187,0.6672495934327024,0.7046894803548795,0.6798956953033825,0.5443931469865748,0.49327979326765187,0.508824067722122,0.6318399489038586,0.6297050523606085,0.9178783362472079,True,0.3676297089550644,0.04839494498446584,RF,dedup,esm2_35M,window,mean,0,480
0.6920152091254753,0.4466671739786459,0.6621286406824759,0.6920152091254753,0.6638044518861228,0.5882968972995912,0.4466671739786459,0.47891688637712443,0.6129034741069782,0.6092188535031846,0.921115993123392,True,0.26769546908326447,0.0485491449944675,RF,dedup,esm2_35M,window,mean,1,480
0.6996197718631179,0.4304849466068369,0.6734097169464106,0.6996197718631179,0.67825437838142,0.5537403330039755,0.4304849466068369,0.46983456207172164,0.6252819691989402,0.6228961049961078,0.8988131473234318,True,0.2750260569155216,0.0481375721283257,RF,dedup,esm2_35M,window,mean,2,480
0.7021546261089987,0.45939554827420453,0.6867167211312051,0.7021546261089987,0.6850147930479604,0.574725983361641,0.45939554827420453,0.4882967812046724,0.6304817014119222,0.6291217858321582,0.9230584079904959,True,0.27697565010748804,0.0479081510566175,RF,dedup,esm2_35M,window,mean,3,480
0.7160963244613435,0.44482370544206096,0.683355550291359,0.7160963244613435,0.6882170410812448,0.565389625602993,0.44482370544206096,0.47396062465558103,0.645857015368903,0.643609159012311,0.9215765899141103,True,0.2761071480344981,0.0481397460680455,RF,dedup,esm2_35M,window,mean,4,480
0.6032953105196451,0.3628561421539521,0.6103202197303033,0.6032953105196451,0.6059289645807995,0.3636861296642897,0.3628561421539521,0.36123910347825006,0.5162629653761059,0.5161424943964639,0.67153907302126,True,0.9258867718745023,0.0005591211374849081,DT,dedup,esm2_35M,window,mean,0,480
0.6032953105196451,0.34364325673743823,0.6093503193798878,0.6032953105196451,0.6036246489907457,0.3528886875169311,0.34364325673743823,0.3421437757784177,0.5168560107091867,0.516472177624623,0.6619712077605125,True,0.8794724398758262,0.0005557050462812185,DT,dedup,esm2_35M,window,mean,1,480
0.5690747782002535,0.3031705511586126,0.5964948536490918,0.5690747782002535,0.5795047541441681,0.32505551008580447,0.3031705511586126,0.3083686625300266,0.47805789308088487,0.47766759284319316,0.6409701642408429,True,0.9443895479198545,0.000549522927030921,DT,dedup,esm2_35M,window,mean,2,480
0.5956907477820025,0.3581914019381816,0.6253500207428727,0.5956907477820025,0.6069765280811379,0.38180157439514645,0.3581914019381816,0.35995895941383604,0.5111692332765878,0.5106848324370983,0.6691408728910943,True,0.9291351269930601,0.000561414984986186,DT,dedup,esm2_35M,window,mean,3,480
0.5906210392902408,0.3719104038446311,0.6009566257050603,0.5906210392902408,0.5929758102874497,0.37383614215431465,0.3719104038446311,0.3566318808927168,0.5020577714347662,0.5018510989311712,0.6757593073006082,True,0.8834473800379783,0.0005431198514997959,DT,dedup,esm2_35M,window,mean,4,480
0.752851711026616,0.5673495755012096,0.7351938942899691,0.752851711026616,0.7386654334150583,0.5595676393911803,0.5673495755012096,0.55101242251919,0.6975416873328771,0.6968003972899153,0.9232941738223324,True,1.8709939089603722,0.002092852955684066,LR,dedup,esm2_35M,window,cls,0,480
0.7401774397972116,0.5404068371642609,0.7284949286918598,0.7401774397972116,0.7314455529448476,0.536074173091124,0.5404068371642609,0.5323648264018922,0.6815791629782776,0.6810945842567253,0.9407604199689653,True,2.263447914039716,0.002245220122858882,LR,dedup,esm2_35M,window,cls,1,480
0.7122940430925222,0.4913930029750807,0.7047808199800856,0.7122940430925222,0.7054597482166965,0.4939679104781568,0.4913930029750807,0.48670961271323226,0.6492791744617639,0.648655063911928,0.9429556531991985,True,2.06204014015384,0.0025360758882015944,LR,dedup,esm2_35M,window,cls,2,480
0.7376425855513308,0.5066110439865374,0.7310488544241561,0.7376425855513308,0.7273203187477947,0.5599062153715489,0.5066110439865374,0.5091330624170238,0.6799062573545411,0.6787307619677084,0.9341881322905404,True,2.094407642027363,0.002316012978553772,LR,dedup,esm2_35M,window,cls,3,480
0.7160963244613435,0.4896466805422659,0.707967638051371,0.7160963244613435,0.7098102095774779,0.4892638365264759,0.4896466805422659,0.4839863174566235,0.6526348397832539,0.6522656173143138,0.9463452005911357,True,2.007283047074452,0.002155301161110401,LR,dedup,esm2_35M,window,cls,4,480
0.7135614702154626,0.46886417841901706,0.6959067482077549,0.7135614702154626,0.6915792995741482,0.5525074023882347,0.46886417841901706,0.4839538296133266,0.644716212594991,0.6428899013668452,0.9260773659311112,True,0.37276633409783244,0.048321968875825405,RF,dedup,esm2_35M,window,cls,0,480
0.7021546261089987,0.48406756419295593,0.6730935141231558,0.7021546261089987,0.6806786988310071,0.5813547317260844,0.48406756419295593,0.5151725284086227,0.6284455532353478,0.6264053999597017,0.9359684464967862,True,0.2714620779734105,0.04856098792515695,RF,dedup,esm2_35M,window,cls,1,480
0.6945500633713562,0.44375566657711674,0.654690598255582,0.6945500633713562,0.6688361348903957,0.5103651404960984,0.44375566657711674,0.46297485621852846,0.619826829301084,0.6178140011657589,0.9418538827140277,True,0.2770633650943637,0.0481229939032346,RF,dedup,esm2_35M,window,cls,2,480
0.7110266159695817,0.44697128791648405,0.6846115682765633,0.7110266159695817,0.6926729498065853,0.5184276680362161,0.44697128791648405,0.4684365775283792,0.642628981774145,0.6413757906928992,0.9319799336986296,True,0.27983057498931885,0.04798505501821637,RF,dedup,esm2_35M,window,cls,3,480
0.7198986058301647,0.46791522862349966,0.7026974330426266,0.7198986058301647,0.7046690980533556,0.5527208474611754,0.46791522862349966,0.4944135233427073,0.6530468951072093,0.652022678424963,0.9490853376205226,True,0.2660621590912342,0.04834620398469269,RF,dedup,esm2_35M,window,cls,4,480
0.6261089987325729,0.45685660036586595,0.641205067118696,0.6261089987325729,0.6319022916303799,0.472383258608188,0.45685660036586595,0.4565091548375946,0.5454896246462704,0.5453293483356774,0.7190944759785359,True,0.8425766150467098,0.0005402651149779558,DT,dedup,esm2_35M,window,cls,0,480
0.5944233206590621,0.378358188584501,0.5918196939087036,0.5944233206590621,0.5897269367809119,0.37630673313019297,0.378358188584501,0.37276330562900417,0.5010344531568245,0.5003354449543735,0.6787963381563731,True,0.8093132800422609,0.0005564151797443628,DT,dedup,esm2_35M,window,cls,1,480
0.6096324461343473,0.38256264823254416,0.6177370570170966,0.6096324461343473,0.611907662458876,0.35772334157354146,0.38256264823254416,0.36537684211756116,0.5252811737035169,0.5250035183187127,0.6814385492610799,True,0.9292422090657055,0.000548770884051919,DT,dedup,esm2_35M,window,cls,2,480
0.623574144486692,0.398975160587691,0.6412843443830286,0.623574144486692,0.6292355455574762,0.4473034632033696,0.398975160587691,0.4070518249599225,0.5439081476065147,0.5435850890399887,0.690187256441704,True,0.8773622831795365,0.0005510258488357067,DT,dedup,esm2_35M,window,cls,3,480
0.6172370088719898,0.38956324928251146,0.6187743922959527,0.6172370088719898,0.615019123046648,0.3837897351538331,0.38956324928251146,0.3805207213478472,0.5307185563595038,0.5305015014304968,0.6850702262892115,True,0.8900602487847209,0.000544313108548522,DT,dedup,esm2_35M,window,cls,4,480
0.7566539923954373,0.6206215973728099,0.7542334302335552,0.7566539923954373,0.7528497159386669,0.6521884845049059,0.6206215973728099,0.6234748203845608,0.7027655840894007,0.7025295824873246,0.9479941010385093,True,1.6495141999330372,0.0021839251276105642,LR,dedup,esm2_35M,window,max,0,480
0.7541191381495564,0.5725242786386393,0.7531686776312382,0.7541191381495564,0.7518005149493258,0.6087060951076574,0.5725242786386393,0.5840286764991497,0.6989756919227214,0.6988200015347654,0.9508685022891069,True,1.6848103869706392,0.0025972609873861074,LR,dedup,esm2_35M,window,max,1,480
0.7604562737642585,0.5545728565571029,0.757012706347307,0.7604562737642585,0.7537518252921807,0.609508816326998,0.5545728565571029,0.5662520739597646,0.7068558326199064,0.7062332427794972,0.9485462137806391,True,1.7136188310105354,0.0022147828713059425,LR,dedup,esm2_35M,window,max,2,480
0.7515842839036755,0.5711696129956221,0.7510660815920215,0.7515842839036755,0.7497562469441091,0.5936945250709921,0.5711696129956221,0.577921011806908,0.6965487644992051,0.6963298969072165,0.956755698190785,True,1.6696653529070318,0.0023024871479719877,LR,dedup,esm2_35M,window,max,3,480
0.7566539923954373,0.60012765907493,0.759182012870857,0.7566539923954373,0.7549332713189792,0.6462764183956335,0.60012765907493,0.613559159748719,0.7027213743586372,0.7025032943251199,0.9595172012935612,True,1.7095657740719616,0.00279135606251657,LR,dedup,esm2_35M,window,max,4,480
0.7465145754119138,0.5317627334017235,0.7232114942718295,0.7465145754119138,0.7254567661625041,0.577280229617926,0.5317627334017235,0.5325832713548515,0.6878892367320938,0.6868146589792699,0.9690052874169908,True,0.3199661688413471,0.04809088492766023,RF,dedup,esm2_35M,window,max,0,480
0.7287705956907478,0.5274460646447348,0.7058036681970832,0.7287705956907478,0.7088615856875539,0.6307196622527388,0.5274460646447348,0.5543110634101628,0.66415672595587,0.662528706226128,0.9608601766369425,True,0.2168569101486355,0.04808430187404156,RF,dedup,esm2_35M,window,max,1,480
0.7300380228136882,0.49598652654730435,0.7154918447229797,0.7300380228136882,0.7159591241642644,0.5732262952929917,0.49598652654730435,0.5198776396572569,0.6690472883975038,0.6671505870422892,0.9563031975495395,True,0.25855719414539635,0.04850290808826685,RF,dedup,esm2_35M,window,max,2,480
0.7693282636248415,0.5489121776370381,0.7551072217580087,0.7693282636248415,0.7562546511953286,0.6023331893702387,0.5489121776370381,0.5619126117397741,0.7167073661751734,0.7158647053935012,0.960792601923882,True,0.22527292789891362,0.047983351862058043,RF,dedup,esm2_35M,window,max,3,480
0.7465145754119138,0.507446309589293,0.7277133661763603,0.7465145754119138,0.7293245524784715,0.5852535952149368,0.507446309589293,0.5213806335986274,0.6875642061609156,0.6867008688193904,0.9588782753278738,True,0.21657698415219784,0.04823115700855851,RF,dedup,esm2_35M,window,max,4,480
0.6907477820025348,0.4576744807271631,0.6952608498006045,0.6907477820025348,0.6899279437453519,0.462699417911266,0.4576744807271631,0.45445388460004565,0.622443241507481,0.6219394367856722,0.7212875220714229,True,0.6895353940781206,0.0005406460259109735,DT,dedup,esm2_35M,window,max,0,480
0.670468948035488,0.4953098418669626,0.6629561827203746,0.670468948035488,0.6651555464202675,0.4613293606603674,0.4953098418669626,0.4713653970348131,0.5965172270321288,0.5963797343826858,0.7395614071274955,True,0.6660855410154909,0.0005284929648041725,DT,dedup,esm2_35M,window,max,1,480
0.6806083650190115,0.49083416067782026,0.6971582377930448,0.6806083650190115,0.6856607088350257,0.507747638140507,0.49083416067782026,0.4919084494172081,0.6118205267176768,0.6111559831107443,0.7376844969309991,True,0.6393348549026996,0.0005360981449484825,DT,dedup,esm2_35M,window,max,2,480
0.6958174904942965,0.43545431092556103,0.7038248158610754,0.6958174904942965,0.6982305453206583,0.44779804231057696,0.43545431092556103,0.4356941917281981,0.628512592693099,0.6284064216456793,0.7103609007707917,True,0.687337091891095,0.0005202179308980703,DT,dedup,esm2_35M,window,max,3,480
0.7034220532319392,0.4984956741727347,0.7081796437463322,0.7034220532319392,0.7032681708721751,0.5458779378921289,0.4984956741727347,0.5145097049238474,0.636664981558612,0.6364792678628739,0.7419810371263084,True,0.6323205919470638,0.0005231841932982206,DT,dedup,esm2_35M,window,max,4,480
0.8371428571428572,0.622625233888449,0.8192208953210344,0.8371428571428572,0.8213028960873782,0.6309077636425637,0.622625233888449,0.612470915269383,0.7801958783856732,0.7785736219583933,0.9721542989151744,True,4.023213275009766,0.004632506985217333,LR,raw,esm2_35M,window,mean,0,480
0.8414285714285714,0.6398123217575279,0.8340178721360855,0.8414285714285714,0.828823502096809,0.6966147680846988,0.6398123217575279,0.6422886236365088,0.7855473014769939,0.7842465753424658,0.9626046990830747,True,3.6393315200693905,0.004615335026755929,LR,raw,esm2_35M,window,mean,1,480
0.8347619047619048,0.6302478940740278,0.8238795861498738,0.8347619047619048,0.8236766680820689,0.6713815931827511,0.6302478940740278,0.6386887789597339,0.7763248706435,0.775084192959058,0.9611692768671194,True,3.5400483740959316,0.005152693949639797,LR,raw,esm2_35M,window,mean,2,480
0.8214285714285714,0.6011025178488263,0.8126907142787323,0.8214285714285714,0.8112630709959008,0.6150765856998226,0.6011025178488263,0.5929144094587581,0.7589851192400001,0.7578265835373741,0.9711907004540592,True,3.80185007606633,0.004745620070025325,LR,raw,esm2_35M,window,mean,3,480
0.8276190476190476,0.6266532712461693,0.8183911987815229,0.8276190476190476,0.8136097614761234,0.660202264308547,0.6266532712461693,0.6199881925356684,0.7673738820497095,0.7656882099744328,0.9685660606290095,True,4.231561203021556,0.004615755053237081,LR,raw,esm2_35M,window,mean,4,480
0.8176190476190476,0.568291718014968,0.7989881427855431,0.8176190476190476,0.7963456802924151,0.6695578856641095,0.568291718014968,0.5878202727253541,0.7505323999497293,0.7480204741588621,0.9666862627927911,True,0.48117114417254925,0.04895378602668643,RF,raw,esm2_35M,window,mean,0,480
0.8285714285714286,0.6009811545198513,0.8227476044660998,0.8285714285714286,0.8118431213727731,0.7369124176048732,0.6009811545198513,0.623847164648204,0.7664310224614332,0.7640352960748396,0.9634399425735655,True,0.3658423398155719,0.0485749039798975,RF,raw,esm2_35M,window,mean,1,480
0.8114285714285714,0.5665136933602808,0.8052938273178332,0.8114285714285714,0.7972110246143469,0.7055899602087974,0.5665136933602808,0.5965505238171104,0.7415371235048911,0.7398398807693307,0.9674865008364114,True,0.35972976218909025,0.0480921259149909,RF,raw,esm2_35M,window,mean,2,480
0.810952380952381,0.5643959468716517,0.7959989411844749,0.810952380952381,0.7926016096556869,0.67195757879053,0.5643959468716517,0.582479154048199,0.7412832280071662,0.7390301575585468,0.9715616060034159,True,0.36199039104394615,0.04888143902644515,RF,raw,esm2_35M,window,mean,3,480
0.809047619047619,0.5825278108774183,0.7997119037257597,0.809047619047619,0.7919400988574401,0.7249235656507562,0.5825278108774183,0.6139887583917525,0.7389159477057925,0.7364558459482551,0.9665793392444652,True,0.3654716240707785,0.04920729203149676,RF,raw,esm2_35M,window,mean,4,480
0.7842857142857143,0.5486069495218466,0.7782732948716561,0.7842857142857143,0.7761585460162469,0.5531888866546374,0.5486069495218466,0.5394967374400008,0.7085993779909155,0.7075566764567907,0.8417451274273272,True,1.1130602341145277,0.0010515470057725906,DT,raw,esm2_35M,window,mean,0,480
0.790952380952381,0.5544444271536422,0.7931087055491784,0.790952380952381,0.7850581540880585,0.6135518328509919,0.5544444271536422,0.5644901807618976,0.7174832426688041,0.7161415074151449,0.8390843525973007,True,1.219013007124886,0.001064650947228074,DT,raw,esm2_35M,window,mean,1,480
0.7719047619047619,0.5365206091268919,0.7702240224161652,0.7719047619047619,0.7660444447923642,0.5616985093064728,0.5365206091268919,0.5370372179490568,0.6911258657050696,0.6899793905177889,0.842779782464159,True,1.1257177030202001,0.0010448938701301813,DT,raw,esm2_35M,window,mean,2,480
0.7785714285714286,0.5409826488537394,0.7809075102686998,0.7785714285714286,0.773309587233384,0.5715848785105653,0.5409826488537394,0.5325487238157742,0.7007084562118222,0.699681874993849,0.845709108322911,True,1.196254052920267,0.001058219000697136,DT,raw,esm2_35M,window,mean,3,480
0.7776190476190477,0.5363852840803166,0.7787378144197569,0.7776190476190477,0.7734827875669738,0.5736267284956144,0.5363852840803166,0.5413799404627367,0.6996298010893944,0.698843463088287,0.83825473470419,True,1.0741310089360923,0.001214713091030717,DT,raw,esm2_35M,window,mean,4,480
0.8342857142857143,0.6119310911248976,0.8197592445986557,0.8342857142857143,0.8186467471622051,0.6300201363606518,0.6119310911248976,0.6026896991717535,0.7762721707844077,0.774493652156767,0.9646563374038583,True,3.035501795820892,0.004658606136217713,LR,raw,esm2_35M,window,cls,0,480
0.829047619047619,0.606030405502156,0.8190557121857319,0.829047619047619,0.8150719155108492,0.6642506025367263,0.606030405502156,0.6036796900227147,0.768981218370707,0.767577581271544,0.9596625584112135,True,2.995941115077585,0.0045182721223682165,LR,raw,esm2_35M,window,cls,1,480
0.829047619047619,0.6173160883196944,0.8146902855001538,0.829047619047619,0.81467389879977,0.642858422079258,0.6173160883196944,0.61365407320008,0.7691646494667173,0.7675462641209709,0.9516423235993365,True,3.085462745046243,0.004841870162636042,LR,raw,esm2_35M,window,cls,2,480
0.8147619047619048,0.5825142735361499,0.8086893641101304,0.8147619047619048,0.8048722476492602,0.612509687037956,0.5825142735361499,0.5789698423320343,0.7503665539185913,0.7489662411989144,0.9664699808895755,True,3.117011117981747,0.004780665040016174,LR,raw,esm2_35M,window,cls,3,480
0.820952380952381,0.6069681975436072,0.8109626409509817,0.820952380952381,0.8087811102903112,0.6316569493933585,0.6069681975436072,0.6032035431275055,0.7583501982754856,0.7569464645037488,0.9609120205985058,True,2.9756872979924083,0.004657393088564277,LR,raw,esm2_35M,window,cls,4,480
0.819047619047619,0.5763581347321245,0.8015298169805591,0.819047619047619,0.7990813146972401,0.6554147869919618,0.5763581347321245,0.587353315701299,0.7533985359520624,0.7510735343752476,0.9694340106185183,True,0.42604874493554235,0.04871739214286208,RF,raw,esm2_35M,window,cls,0,480
0.8314285714285714,0.6087065076682721,0.8206458119849719,0.8314285714285714,0.8136536369113898,0.7273579753501582,0.6087065076682721,0.6245146565773584,0.7704702287504348,0.7682726116555697,0.9723562008328009,True,0.3528796969912946,0.048297703033313155,RF,raw,esm2_35M,window,cls,1,480
0.8166666666666667,0.5810995052123951,0.8069126903899009,0.8166666666666667,0.8031925850501392,0.6721154204252618,0.5810995052123951,0.5984443756517613,0.749704110208289,0.7481721063775842,0.968488425986671,True,0.3690538960509002,0.04805862298235297,RF,raw,esm2_35M,window,cls,2,480
0.8166666666666667,0.5715828445627498,0.8031963795251621,0.8166666666666667,0.7976976603075051,0.6812152624550569,0.5715828445627498,0.5862899501469395,0.7506010750924,0.7482100647459833,0.9709803154808211,True,0.34578980202786624,0.0480232669506222,RF,raw,esm2_35M,window,cls,3,480
0.8176190476190476,0.5868087860279195,0.8041962584152169,0.8176190476190476,0.7993463238926567,0.6917578560237683,0.5868087860279195,0.6010880729282118,0.7518026115378043,0.7494792888239357,0.9653695959551887,True,0.3624915019609034,0.04799120593816042,RF,raw,esm2_35M,window,cls,4,480
0.7819047619047619,0.5401053481334513,0.7685058177708499,0.7819047619047619,0.7710562588535766,0.5426575115499224,0.5401053481334513,0.5332857010447625,0.7038417545742149,0.7028271280704466,0.8395703550224574,True,1.104162281844765,0.001065532909706235,DT,raw,esm2_35M,window,cls,0,480
0.8004761904761905,0.5626960050902877,0.796517544432532,0.8004761904761905,0.7932051654580257,0.6223454622458424,0.5626960050902877,0.5764592586858925,0.7290949895498585,0.7280299745030032,0.8433478040049082,True,1.178846576018259,0.0010601929388940334,DT,raw,esm2_35M,window,cls,1,480
0.7785714285714286,0.535720971113872,0.7771461173818824,0.7785714285714286,0.77121701454998,0.5690718360671702,0.535720971113872,0.5382509163035347,0.6997667168426491,0.6982712005809013,0.8409104535482615,True,1.2435618247836828,0.0010787970386445522,DT,raw,esm2_35M,window,cls,2,480
0.7838095238095238,0.5458597877542578,0.7806536481269243,0.7838095238095238,0.7776877106029487,0.5823543665965526,0.5458597877542578,0.5501685938677273,0.7064524021734543,0.7055774452682553,0.8511914859100927,True,1.2316846419125795,0.001061794813722372,DT,raw,esm2_35M,window,cls,3,480
0.7861904761904762,0.5650700365022815,0.7921438885329911,0.7861904761904762,0.7815582866307246,0.6435965803780924,0.5650700365022815,0.5734398944916079,0.7105490615885683,0.7095662930568201,0.8558783604963961,True,1.2443373629357666,0.0010585288982838392,DT,raw,esm2_35M,window,cls,4,480
0.8380952380952381,0.6469645267705911,0.8273907366652719,0.8380952380952381,0.8261587828361746,0.656381251890439,0.6469645267705911,0.6396099830525028,0.7814115490451495,0.7798750282092926,0.977487354821336,True,2.232117240084335,0.004581860965117812,LR,raw,esm2_35M,window,max,0,480
0.8338095238095238,0.6395969464940735,0.8235088724196671,0.8338095238095238,0.8197354216986418,0.6978813638712249,0.6395969464940735,0.636611338844051,0.7753123490063272,0.7739833181247247,0.9635344208194634,True,2.2111510848626494,0.0044015031307935715,LR,raw,esm2_35M,window,max,1,480
0.829047619047619,0.6508853066548602,0.8196465459711016,0.829047619047619,0.8176302146450141,0.6893450852276781,0.6508853066548602,0.6517717983903656,0.768720403048781,0.7674790148191647,0.9644306454180073,True,2.1807948518544436,0.00431900704279542,LR,raw,esm2_35M,window,max,2,480
0.8285714285714286,0.6340953597968919,0.8203492124730944,0.8285714285714286,0.8190938487137157,0.6541079230337998,0.6340953597968919,0.6322760602619835,0.768438680727776,0.7672231040306429,0.9738366795088473,True,2.295624969061464,0.005157794104889035,LR,raw,esm2_35M,window,max,3,480
0.8266666666666667,0.6385419552227461,0.8260361877831002,0.8266666666666667,0.8186834104325145,0.6917964103003745,0.6385419552227461,0.6411863090884338,0.7657276535260126,0.764596176504826,0.9702944592692337,True,2.3116866059135646,0.004595165839418769,LR,raw,esm2_35M,window,max,4,480
0.8352380952380952,0.6001842029822224,0.816860285568697,0.8352380952380952,0.8153423901338299,0.6527825287603118,0.6001842029822224,0.597966407066684,0.7766680064001296,0.7745315618576664,0.9785251478742292,True,0.382005118066445,0.04815785004757345,RF,raw,esm2_35M,window,max,0,480
0.8466666666666667,0.6393360785230856,0.8426513776897699,0.8466666666666667,0.8309988135695462,0.7476902718792181,0.6393360785230856,0.650470741103819,0.793248918147887,0.7905755919290149,0.9732442719036078,True,0.2982842279598117,0.04872425505891442,RF,raw,esm2_35M,window,max,1,480
0.8314285714285714,0.6176180742724319,0.8259604335585309,0.8314285714285714,0.8198456010445692,0.6939399943350728,0.6176180742724319,0.6302871977927191,0.7710159514223492,0.7696288806176201,0.9763165130652006,True,0.2882310841232538,0.04868100304156542,RF,raw,esm2_35M,window,max,2,480
0.8352380952380952,0.6213689585966993,0.8251647129025351,0.8352380952380952,0.8189329499148665,0.6951116153735326,0.6213689585966993,0.6222564947417075,0.7772794380943637,0.7752456568682311,0.9797319623885069,True,0.2953105098567903,0.04853154206648469,RF,raw,esm2_35M,window,max,3,480
0.8385714285714285,0.6233888377074551,0.8384169909056248,0.8385714285714285,0.8229155858372623,0.744595163338332,0.6233888377074551,0.6351470993939826,0.7822425492380555,0.7796051653936458,0.9769947530578083,True,0.29049848509021103,0.04906158894300461,RF,raw,esm2_35M,window,max,4,480
0.8114285714285714,0.5744716020713387,0.8033140687159609,0.8114285714285714,0.8014724883927279,0.5906140381074027,0.5744716020713387,0.5699424052928562,0.7450809174885736,0.7436282399844376,0.8570428417563035,True,0.896643009968102,0.0010398740414530039,DT,raw,esm2_35M,window,max,0,480
0.8166666666666667,0.6051353862952837,0.8143850452945256,0.8166666666666667,0.8101490772871106,0.6251994718832233,0.6051353862952837,0.5967350685765536,0.7517382657152436,0.7508665744908942,0.8659564558658436,True,0.922747952863574,0.001039162976667285,DT,raw,esm2_35M,window,max,1,480
0.7966666666666666,0.5815665606440829,0.8036890051007772,0.7966666666666666,0.7906347703050641,0.6429736973710796,0.5815665606440829,0.5815007018742048,0.7252969946946635,0.7238170595248619,0.865109848186498,True,0.9014233839698136,0.0010392731055617332,DT,raw,esm2_35M,window,max,2,480
0.8133333333333334,0.596519421842244,0.8091388648476087,0.8133333333333334,0.8059944131296511,0.607720491548752,0.596519421842244,0.5871880046619937,0.7481145897900044,0.7470430742747538,0.874612865728193,True,0.9393311599269509,0.0010494519956409931,DT,raw,esm2_35M,window,max,3,480
0.799047619047619,0.5703931754150057,0.7958828548325915,0.799047619047619,0.7929598680289883,0.5862477048076984,0.5703931754150057,0.5691377412218735,0.728284219503458,0.7273759240516453,0.8607798123870314,True,0.9619697078596801,0.0010372190736234188,DT,raw,esm2_35M,window,max,4,480
0.7667934093789607,0.6140310932665237,0.7523282705442711,0.7667934093789607,0.7567853585775136,0.606086738707057,0.6140310932665237,0.6046151293377899,0.7152348837990323,0.714770717906401,0.949663725170412,True,2.2505914620123804,0.0027061759028583765,LR,dedup,esm2_150M,truncate,mean,0,640
0.7351077313054499,0.5609325652607997,0.7238017884574559,0.7351077313054499,0.7268330066420305,0.5686450094334365,0.5609325652607997,0.5584992916431749,0.6762806621619744,0.6757338713483412,0.9554236401935939,True,2.59556851699017,0.0022454410791397095,LR,dedup,esm2_150M,truncate,mean,1,640
0.7452471482889734,0.5527957684896734,0.7394055897739897,0.7452471482889734,0.7406325713661556,0.5869502103470633,0.5527957684896734,0.5598516369069786,0.6881623500385807,0.6879520680020463,0.9578550903061553,True,2.6069318540394306,0.0020829050336033106,LR,dedup,esm2_150M,truncate,mean,2,640
0.752851711026616,0.5905427885808968,0.7459504023202098,0.752851711026616,0.7474478892975147,0.5858123364814055,0.5905427885808968,0.5843000479057586,0.698385270938154,0.6980316266508605,0.9575538406975947,True,2.4566777190193534,0.0019499650225043297,LR,dedup,esm2_150M,truncate,mean,3,640
0.761723700887199,0.5748041693104079,0.7493184133254375,0.761723700887199,0.7517809579738429,0.5954024547327557,0.5748041693104079,0.5765725965196951,0.708517329610522,0.707993503617304,0.9606207308718896,True,2.423276874003932,0.0024306278210133314,LR,dedup,esm2_150M,truncate,mean,4,640
0.7046894803548795,0.47852798286864945,0.6866391410063347,0.7046894803548795,0.6793005582834662,0.587939289685804,0.47852798286864945,0.49629247725968534,0.632016946958982,0.6296364196797141,0.9317127216159071,True,0.44666874897666276,0.04732109699398279,RF,dedup,esm2_150M,truncate,mean,0,640
0.6666666666666666,0.4194816383238739,0.6311912845901241,0.6666666666666666,0.6412393563890257,0.5085836769275425,0.4194816383238739,0.44800264977136134,0.5815059720175079,0.5790531754548608,0.9401200167197484,True,0.3177325511351228,0.04746683104895055,RF,dedup,esm2_150M,truncate,mean,1,640
0.6856780735107731,0.42207677679802025,0.6593475426498098,0.6856780735107731,0.6598692586531634,0.5737759699018625,0.42207677679802025,0.46248020523639927,0.6066186979540678,0.6033238795894413,0.9178245214380553,True,0.32080494496040046,0.047909383196383715,RF,dedup,esm2_150M,truncate,mean,2,640
0.7110266159695817,0.4624264257337563,0.6862208060363556,0.7110266159695817,0.6896618104262422,0.5484724285617197,0.4624264257337563,0.4868076775928163,0.6409941865276154,0.639224589171042,0.9322744081679023,True,0.3284550830721855,0.04748198878951371,RF,dedup,esm2_150M,truncate,mean,3,640
0.7198986058301647,0.4656826782354168,0.6906062561363806,0.7198986058301647,0.6895227051397785,0.6143974471148849,0.4656826782354168,0.49479898784852777,0.6506889162539047,0.6478048524314672,0.9258091744747978,True,0.33503697300329804,0.047698465874418616,RF,dedup,esm2_150M,truncate,mean,4,640
0.6134347275031685,0.4190048948640614,0.622977315844801,0.6134347275031685,0.6163772956589433,0.4128598065484843,0.4190048948640614,0.41230116736299033,0.5302944951286382,0.5300544847384147,0.7157096863814153,True,1.1984801371581852,0.000623311148956418,DT,dedup,esm2_150M,truncate,mean,0,640
0.5994930291508238,0.4142621463439381,0.6111385584292264,0.5994930291508238,0.6029226197806786,0.3989807466847324,0.4142621463439381,0.3988214031843377,0.5121937083180924,0.5119581260056454,0.7152492400644804,True,1.2183071901090443,0.000610959017649293,DT,dedup,esm2_150M,truncate,mean,1,640
0.6032953105196451,0.3730194496537313,0.6139782361011432,0.6032953105196451,0.6067027747849104,0.4087186419565958,0.3730194496537313,0.379764815290774,0.515254370311769,0.515095525142846,0.6840410955270507,True,1.2481903238222003,0.0006202058866620064,DT,dedup,esm2_150M,truncate,mean,2,640
0.6223067173637515,0.42258837797256105,0.6276718345926928,0.6223067173637515,0.6235121501114926,0.4067382898934699,0.42258837797256105,0.41099850525249865,0.5413846744616088,0.5410856768108927,0.7124476654300841,True,1.1178704041521996,0.0006089149974286556,DT,dedup,esm2_150M,truncate,mean,3,640
0.6108998732572877,0.37025124294617145,0.6134840807917922,0.6108998732572877,0.6110184728262567,0.3412095882799536,0.37025124294617145,0.3528580966953459,0.5268286092316172,0.5265919813625508,0.6871224829670682,True,1.2343603011686355,0.000627920962870121,DT,dedup,esm2_150M,truncate,mean,4,640
0.7401774397972116,0.5790856865367925,0.731268000931727,0.7401774397972116,0.7301630244226854,0.590751020717722,0.5790856865367925,0.5672120874873644,0.6823655783888716,0.6819023906733062,0.9352673110921316,True,1.183018886949867,0.0024725268594920635,LR,dedup,esm2_150M,truncate,cls,0,640
0.7351077313054499,0.5762208886426469,0.7364643600414753,0.7351077313054499,0.7335299847361235,0.5877134485746451,0.5762208886426469,0.5738969947435849,0.6767053407504017,0.6764344033105917,0.9522633749543012,True,2.058237903052941,0.002113681985065341,LR,dedup,esm2_150M,truncate,cls,1,640
0.7503168567807351,0.5358505578586671,0.7452866148449476,0.7503168567807351,0.7435529039270471,0.6103776499437369,0.5358505578586671,0.5595963731429153,0.6938669580197689,0.6931112778392039,0.9367892158804435,True,2.093348952010274,0.0026414848398417234,LR,dedup,esm2_150M,truncate,cls,2,640
0.7465145754119138,0.5427140375575557,0.7441711597984177,0.7465145754119138,0.7421492286245595,0.5597731530645068,0.5427140375575557,0.5430700114000884,0.6910689014294553,0.6904194835616277,0.9384030873166797,True,2.104300656123087,0.002210655016824603,LR,dedup,esm2_150M,truncate,cls,3,640
0.743979721166033,0.5181033656626259,0.730261815748795,0.743979721166033,0.7330035211127406,0.5304568043695773,0.5181033656626259,0.5153482455825779,0.6871083322048116,0.6865593269338557,0.9547111058460153,True,2.034052778966725,0.002465443918481469,LR,dedup,esm2_150M,truncate,cls,4,640
0.7287705956907478,0.5160295778861019,0.7167994832574016,0.7287705956907478,0.7082807177143234,0.607670085444685,0.5160295778861019,0.5277271430304832,0.6636581701825872,0.6621410977022649,0.9414553244831542,True,0.3982010670006275,0.04841628600843251,RF,dedup,esm2_150M,truncate,cls,0,640
0.6806083650190115,0.4269245366858289,0.6530382647349344,0.6806083650190115,0.6561052029903772,0.5450666625188556,0.4269245366858289,0.4594182229432713,0.6001291460216157,0.5976762397333868,0.9480714281289413,True,0.30541758495382965,0.04820941691286862,RF,dedup,esm2_150M,truncate,cls,1,640
0.688212927756654,0.43680201171362776,0.6462073424578444,0.688212927756654,0.6596664054968921,0.5008733135357253,0.43680201171362776,0.45356558049907386,0.6102101678640103,0.6073936076606126,0.9279009692599608,True,0.2967565970029682,0.04755033808760345,RF,dedup,esm2_150M,truncate,cls,2,640
0.7287705956907478,0.47982167259333813,0.6940268877548273,0.7287705956907478,0.7055470658636244,0.5432841095651987,0.47982167259333813,0.49978495137133105,0.6636725797160388,0.6618223769332762,0.9288910644383428,True,0.30989650287665427,0.04780513700097799,RF,dedup,esm2_150M,truncate,cls,3,640
0.7325728770595691,0.4788354023239625,0.713858949052193,0.7325728770595691,0.7083222328598342,0.6277224777506805,0.4788354023239625,0.5113660462939267,0.6668085315056977,0.6645550108504452,0.9251968978551922,True,0.30557339801453054,0.04822969506494701,RF,dedup,esm2_150M,truncate,cls,4,640
0.623574144486692,0.4354900328876024,0.630220945711231,0.623574144486692,0.6246429997639108,0.4100095323538999,0.4354900328876024,0.4153103131480725,0.5424521506997576,0.5421949666120947,0.717430005338358,True,1.1206909860484302,0.0006164680235087872,DT,dedup,esm2_150M,truncate,cls,0,640
0.6134347275031685,0.3912923573697691,0.6192815707723643,0.6134347275031685,0.614841506240092,0.3810979040954052,0.3912923573697691,0.3820739859350253,0.5289246539744128,0.5286922971464385,0.7042403107337064,True,1.1020760498940945,0.000611680094152689,DT,dedup,esm2_150M,truncate,cls,1,640
0.6121673003802282,0.36733503448566773,0.6095732329381346,0.6121673003802282,0.6093556683920058,0.37237721875430074,0.36733503448566773,0.3666588620977749,0.5258029222976485,0.525496546871745,0.6788634978780476,True,1.2350010259542614,0.0006143040955066681,DT,dedup,esm2_150M,truncate,cls,2,640
0.6362484157160964,0.43314880080230206,0.6609329186742311,0.6362484157160964,0.6452357977021063,0.4411182621242231,0.43314880080230206,0.42357582721537174,0.5610805904263169,0.5605847149776453,0.7159240636606434,True,1.2155006059911102,0.0006346930749714375,DT,dedup,esm2_150M,truncate,cls,3,640
0.6299112801013942,0.41237590461353213,0.6433214222227371,0.6299112801013942,0.6347851894812987,0.401749562834633,0.41237590461353213,0.40218408033383907,0.5500741574571578,0.5498361623097108,0.7015286741636397,True,1.2139294629450887,0.000734581146389246,DT,dedup,esm2_150M,truncate,cls,4,640
0.7591888466413181,0.6179808034828365,0.7586984148983353,0.7591888466413181,0.7553759195861252,0.6418840165289722,0.6179808034828365,0.6156874921465492,0.7059105773403868,0.7054286719236642,0.9363242365027012,True,1.7722761041950434,0.0021678751800209284,LR,dedup,esm2_150M,truncate,max,0,640
0.7237008871989861,0.5835011864430376,0.7294708575854899,0.7237008871989861,0.7242843364171934,0.6166082351839358,0.5835011864430376,0.5947508037304239,0.6619221646458241,0.6616078946747146,0.950205583481588,True,1.8541969701182097,0.002358923899009824,LR,dedup,esm2_150M,truncate,max,1,640
0.7338403041825095,0.5196636968022558,0.733045768480154,0.7338403041825095,0.7307296041589175,0.5733588242863285,0.5196636968022558,0.5351444663775695,0.6740974347085206,0.6736831325158835,0.9513212854328669,True,1.9536172840744257,0.002378439996391535,LR,dedup,esm2_150M,truncate,max,2,640
0.7553865652724968,0.5904902091944749,0.7582599192923948,0.7553865652724968,0.7529665015222737,0.6333338517252048,0.5904902091944749,0.5946779485263062,0.7014613316614663,0.7011914900297087,0.9543319863159553,True,1.8261531428433955,0.0026653700042515993,LR,dedup,esm2_150M,truncate,max,3,640
0.7452471482889734,0.5634402896012779,0.7473327048417777,0.7452471482889734,0.741741577245674,0.6250677924617157,0.5634402896012779,0.5790955470095273,0.6884234420815013,0.6881189871227079,0.9508416702156225,True,1.753807813161984,0.002473238157108426,LR,dedup,esm2_150M,truncate,max,4,640
0.7655259822560203,0.5788463873249922,0.7424439191826606,0.7655259822560203,0.7463313860236344,0.5923033337229197,0.5788463873249922,0.5708860022796984,0.7118505682841586,0.710595345019361,0.9562318395054564,True,0.3673305369447917,0.047793925972655416,RF,dedup,esm2_150M,truncate,max,0,640
0.7224334600760456,0.5290393530901801,0.704412459180045,0.7224334600760456,0.7089407575709126,0.5874896798537521,0.5290393530901801,0.5449861715416161,0.6571471554265114,0.6564422423083194,0.9612666364864576,True,0.2442841890733689,0.04811650305055082,RF,dedup,esm2_150M,truncate,max,1,640
0.7325728770595691,0.5115411087809393,0.7171028299510527,0.7325728770595691,0.7198463895244449,0.5769414018277681,0.5115411087809393,0.5256558295005923,0.6711556241354406,0.6702491567019172,0.9524480930888292,True,0.2325189858675003,0.04759794706478715,RF,dedup,esm2_150M,truncate,max,2,640
0.7566539923954373,0.544005949864629,0.7390304083606175,0.7566539923954373,0.7440747823780721,0.5886484028883211,0.544005949864629,0.5536276161953968,0.7012461615520783,0.7004555808656037,0.9610417655438812,True,0.27000235416926444,0.047761685913428664,RF,dedup,esm2_150M,truncate,max,3,640
0.7541191381495564,0.5139825583375582,0.7280578834378485,0.7541191381495564,0.7327016049747721,0.6027115400345373,0.5139825583375582,0.5285361715921065,0.6969525080185842,0.6957500899436089,0.9465748463081011,True,0.24706821097061038,0.047584992833435535,RF,dedup,esm2_150M,truncate,max,4,640
0.6818757921419518,0.5128196822085963,0.6957839394071614,0.6818757921419518,0.6854400248918584,0.5316880048128184,0.5128196822085963,0.5101132085487503,0.6109101783331155,0.6107127271869508,0.7546063815079147,True,0.8200590750202537,0.0006125709041953087,DT,dedup,esm2_150M,truncate,max,0,640
0.6806083650190115,0.4389574034188934,0.6867598896036711,0.6806083650190115,0.6805239027105952,0.46281712008924175,0.4389574034188934,0.4351363895100345,0.6095738070686795,0.609356826255069,0.7389966250807287,True,0.7796644158661366,0.0005837571807205677,DT,dedup,esm2_150M,truncate,max,1,640
0.6514575411913816,0.40817511134426093,0.6595976176570565,0.6514575411913816,0.6534842321473037,0.41211066768642424,0.40817511134426093,0.4026824923336466,0.5745596176707372,0.5743059111589826,0.702463984264643,True,0.8354303750675172,0.0005941269919276237,DT,dedup,esm2_150M,truncate,max,2,640
0.6856780735107731,0.4813947629276976,0.6876532857918185,0.6856780735107731,0.6850228104968177,0.4922894052149626,0.4813947629276976,0.4800041076055479,0.6145128648497289,0.6143238960240309,0.7518441028658994,True,0.8083446188829839,0.0005925227887928486,DT,dedup,esm2_150M,truncate,max,3,640
0.6844106463878327,0.46247615413603854,0.678548583145627,0.6844106463878327,0.6798138788030429,0.47867414148618637,0.46247615413603854,0.46625241438115084,0.612529549316729,0.6122827168095486,0.7286176048023653,True,0.9419729660730809,0.0006166291423141956,DT,dedup,esm2_150M,truncate,max,4,640
0.8404761904761905,0.6562581590070177,0.8324450127875399,0.8404761904761905,0.8255771325686986,0.7089583902997343,0.6562581590070177,0.6516578108947587,0.7848052290639025,0.7829260458197296,0.9762242153961491,True,4.881690965034068,0.005721413064748049,LR,raw,esm2_150M,truncate,mean,0,640
0.8452380952380952,0.6554724729355681,0.8297448796142768,0.8452380952380952,0.8304138065430872,0.6848442330440639,0.6554724729355681,0.6514558076768899,0.7909205178485641,0.7895317891802378,0.9766230935533969,True,4.946511903079227,0.006140401121228933,LR,raw,esm2_150M,truncate,mean,1,640
0.8295238095238096,0.6296366354063104,0.8104819709686991,0.8295238095238096,0.8131603728545245,0.640781248897664,0.6296366354063104,0.6198037141269623,0.7695446216716896,0.7680872939414888,0.9655159504967679,True,5.001596722053364,0.005488696042448282,LR,raw,esm2_150M,truncate,mean,2,640
0.8342857142857143,0.6312950329663692,0.8233941438921153,0.8342857142857143,0.8206743639919516,0.6538966380848126,0.6312950329663692,0.6233438787672416,0.7768224948270575,0.7750294373427122,0.9789182870403033,True,5.023771257838234,0.005417391890659928,LR,raw,esm2_150M,truncate,mean,3,640
0.8285714285714286,0.6308165497927062,0.8108677253675987,0.8285714285714286,0.811899776143048,0.6503866793093676,0.6308165497927062,0.6197708468883222,0.7687108966870506,0.7669374220812611,0.9726249436340112,True,4.897783731110394,0.006088553927838802,LR,raw,esm2_150M,truncate,mean,4,640
0.8214285714285714,0.5709421978125848,0.7969763639016246,0.8214285714285714,0.797551613826787,0.6692545586794927,0.5709421978125848,0.585032793227119,0.7557595628839603,0.7531662888151888,0.9704783114799134,True,0.5411650689784437,0.048348728101700544,RF,raw,esm2_150M,truncate,mean,0,640
0.8323809523809523,0.6048462382374278,0.8150745187030661,0.8323809523809523,0.8145736684790201,0.6867871572660441,0.6048462382374278,0.6248340252461786,0.7717876506123625,0.7693674984766461,0.9688419735228675,True,0.42903736187145114,0.048415184020996094,RF,raw,esm2_150M,truncate,mean,1,640
0.8133333333333334,0.5623865304672874,0.7958319185850244,0.8133333333333334,0.7928955415776584,0.6645056892715109,0.5623865304672874,0.5833958905031585,0.7450837314082487,0.7426209887706212,0.9648561243113033,True,0.5850213549565524,0.04803920700214803,RF,raw,esm2_150M,truncate,mean,2,640
0.8161904761904762,0.5677483563977123,0.8008542658698046,0.8161904761904762,0.7948604171888448,0.6759296562181784,0.5677483563977123,0.5774769859055537,0.749121670287243,0.7463120418218965,0.9717141255789801,True,0.4366939419414848,0.04792352905496955,RF,raw,esm2_150M,truncate,mean,3,640
0.8171428571428572,0.5824704191525012,0.798870334356302,0.8171428571428572,0.7969644195183627,0.6765392235541497,0.5824704191525012,0.6040944202625483,0.7508135366134113,0.7480018899858252,0.9674592756116952,True,0.4260955930221826,0.048234032932668924,RF,raw,esm2_150M,truncate,mean,4,640
0.7871428571428571,0.5445478043210654,0.7701766254447053,0.7871428571428571,0.7720182527218519,0.553498756318448,0.5445478043210654,0.5350512909076571,0.7113890420165079,0.7098184131608339,0.8474378480348712,True,1.7044795849360526,0.0014693019911646843,DT,raw,esm2_150M,truncate,mean,0,640
0.800952380952381,0.574988829798527,0.7905957438996138,0.800952380952381,0.7899714507592719,0.5760809352363675,0.574988829798527,0.567196408242992,0.730791688631455,0.7294112243479344,0.8619684982937716,True,1.8185822840314358,0.0012466730549931526,DT,raw,esm2_150M,truncate,mean,1,640
0.7757142857142857,0.5390512269208456,0.7652368709666034,0.7757142857142857,0.7668942826711261,0.538010648621976,0.5390512269208456,0.5322594173756358,0.6959837383256916,0.6949787601477153,0.848843001720121,True,1.7623463408090174,0.0012733330950140953,DT,raw,esm2_150M,truncate,mean,2,640
0.7842857142857143,0.5420067756116003,0.780112825675957,0.7842857142857143,0.7765926172460834,0.5581927135705009,0.5420067756116003,0.5351641146516521,0.7084442208174548,0.7072120387466225,0.8578905853900213,True,1.8577117940876633,0.0012605288065969944,DT,raw,esm2_150M,truncate,mean,3,640
0.7885714285714286,0.5481309592327643,0.7793131001364795,0.7885714285714286,0.7755896399032239,0.5753879934613546,0.5481309592327643,0.5467923404030636,0.7140389184692826,0.7120693701594674,0.8528775365747926,True,1.6759295880328864,0.0014936269726604223,DT,raw,esm2_150M,truncate,mean,4,640
0.8266666666666667,0.6277420910002651,0.813697908252901,0.8266666666666667,0.8119638109264341,0.659353884487844,0.6277420910002651,0.6192288768135844,0.7658850816738902,0.7643111450550202,0.961290525158014,True,4.1879018330946565,0.005582821788266301,LR,raw,esm2_150M,truncate,cls,0,640
0.840952380952381,0.6313686201131486,0.8262729675632831,0.840952380952381,0.8249580962987527,0.659711857839332,0.6313686201131486,0.6247650007999387,0.7855615416731244,0.7836536682023328,0.969297199691115,True,4.409974823938683,0.0061551479157060385,LR,raw,esm2_150M,truncate,cls,1,640
0.8280952380952381,0.6364638254536336,0.8084450870104027,0.8280952380952381,0.812943335306133,0.6437193339202437,0.6364638254536336,0.629689204363796,0.7679611653079232,0.7663666610371952,0.951997952983676,True,4.036653402028605,0.005961835151538253,LR,raw,esm2_150M,truncate,cls,2,640
0.8266666666666667,0.6046020049361025,0.8170044569182204,0.8266666666666667,0.8133796254827793,0.6417666859963268,0.6046020049361025,0.5988517766621007,0.7663320167852182,0.7647074757396909,0.9693876166471752,True,4.180901797953993,0.005838914075866342,LR,raw,esm2_150M,truncate,cls,3,640
0.8295238095238096,0.6292550849137603,0.8197143573052059,0.8295238095238096,0.8143932206504548,0.6596586704899209,0.6292550849137603,0.6215176980873616,0.7705703896081284,0.7684439420586251,0.965562487415522,True,3.994370973901823,0.005486771930009127,LR,raw,esm2_150M,truncate,cls,4,640
0.8223809523809524,0.5779281809107135,0.8001132086156408,0.8223809523809524,0.8011086180678277,0.6546208196934175,0.5779281809107135,0.5888989658020649,0.7574373276276748,0.7551286067183482,0.9676029867597081,True,0.5069670809898525,0.04825818887911737,RF,raw,esm2_150M,truncate,cls,0,640
0.8342857142857143,0.6120677277671073,0.8169499329241344,0.8342857142857143,0.8159162527063853,0.6900077488035682,0.6120677277671073,0.6285123621245639,0.7743605409403619,0.7720779949849674,0.9696017513132497,True,0.4036788179073483,0.04803809407167137,RF,raw,esm2_150M,truncate,cls,1,640
0.8180952380952381,0.5829517499238708,0.799856636998079,0.8180952380952381,0.7987982041519195,0.6655996857460533,0.5829517499238708,0.5973713798599486,0.7518152614836154,0.749814590843002,0.9640754444028933,True,0.39782538707368076,0.04807695699855685,RF,raw,esm2_150M,truncate,cls,2,640
0.8176190476190476,0.5739919756496705,0.7985794739870884,0.8176190476190476,0.7953411222172224,0.6799293459547603,0.5739919756496705,0.5849765686533457,0.7513960409653199,0.7485747725122173,0.9664566602828295,True,0.4024337879382074,0.04827070189639926,RF,raw,esm2_150M,truncate,cls,3,640
0.8228571428571428,0.5837903832866957,0.8057203960836596,0.8228571428571428,0.8016925119722815,0.678072344518101,0.5837903832866957,0.602288413225887,0.7587855996591043,0.7559338046989303,0.9643018549993116,True,0.39870652300305665,0.04838144895620644,RF,raw,esm2_150M,truncate,cls,4,640
0.7980952380952381,0.5710756194790968,0.7897819091150287,0.7980952380952381,0.7892701390635578,0.5925105778401691,0.5710756194790968,0.5721676617700912,0.7260989202214012,0.7249835064232288,0.8627413455003894,True,1.5048078370746225,0.0012141820043325424,DT,raw,esm2_150M,truncate,cls,0,640
0.8071428571428572,0.5944708243298282,0.7961104019527958,0.8071428571428572,0.795838798623381,0.6070602145294974,0.5944708243298282,0.5897396379954976,0.7389976118201617,0.737487117423355,0.8704328178053434,True,1.5869175060652196,0.0012603290379047394,DT,raw,esm2_150M,truncate,cls,1,640
0.7866666666666666,0.5548941338582971,0.7747911110496134,0.7866666666666666,0.7749872612538953,0.5616019667376626,0.5548941338582971,0.5453457768510088,0.7113511652841161,0.7101472493873595,0.8579221419407838,True,1.642988997977227,0.001219382043927908,DT,raw,esm2_150M,truncate,cls,2,640
0.7919047619047619,0.5496096100605808,0.7918440082821552,0.7919047619047619,0.7834792238430925,0.5921980273262046,0.5496096100605808,0.5396764937229581,0.7189295028300228,0.7176024425834715,0.8632222335489677,True,1.4718261391390115,0.0013254310470074415,DT,raw,esm2_150M,truncate,cls,3,640
0.7842857142857143,0.5568938750563268,0.7751448451828862,0.7842857142857143,0.7750002714163347,0.5552934457693635,0.5568938750563268,0.5498213451290784,0.7089973206048292,0.7075867004050076,0.8603874947646635,True,1.558048538863659,0.0014039489906281233,DT,raw,esm2_150M,truncate,cls,4,640
0.8319047619047619,0.6284886122966471,0.8239488786183161,0.8319047619047619,0.8175796886186898,0.6847721113195332,0.6284886122966471,0.6265383067657452,0.773319542907061,0.7713296135707993,0.9728886205408539,True,2.871490295045078,0.00797435687854886,LR,raw,esm2_150M,truncate,max,0,640
0.8385714285714285,0.6579344458506524,0.8284892097781921,0.8385714285714285,0.8267769165063258,0.6970417371769476,0.6579344458506524,0.6616875318489682,0.7819628300148854,0.7804362160885139,0.9699182204869089,True,2.8597533360589296,0.005315619986504316,LR,raw,esm2_150M,truncate,max,1,640
0.8276190476190476,0.6384857336522074,0.8159823691457823,0.8276190476190476,0.8161332156352127,0.6622546798368529,0.6384857336522074,0.6396808221171372,0.7673069376135591,0.7657721001356623,0.964382975025408,True,2.6777872531674802,0.005742423003539443,LR,raw,esm2_150M,truncate,max,2,640
0.8280952380952381,0.6222753638093836,0.8201563163112653,0.8280952380952381,0.8159230479837919,0.6640934742507131,0.6222753638093836,0.6214130502570554,0.7681436164014334,0.7663621968425458,0.9697376793616389,True,2.859212519833818,0.005596619099378586,LR,raw,esm2_150M,truncate,max,3,640
0.8195238095238095,0.611592578879959,0.8152194163548822,0.8195238095238095,0.8093239163955249,0.6692297882721553,0.611592578879959,0.6194276110650406,0.7566927133578212,0.7548981113388956,0.9699343622188693,True,2.7787676290608943,0.0058282529935240746,LR,raw,esm2_150M,truncate,max,4,640
0.8376190476190476,0.602513060118739,0.8232531521796267,0.8376190476190476,0.8196405199432948,0.6685647889859735,0.602513060118739,0.6052187881296611,0.7804410391673724,0.7781483051162514,0.9788818934592505,True,0.3982727669645101,0.048554605105891824,RF,raw,esm2_150M,truncate,max,0,640
0.8466666666666667,0.6455688396226903,0.833939638621361,0.8466666666666667,0.8310430476788151,0.7002329886804541,0.6455688396226903,0.6518693792059786,0.7928232387478601,0.790563073129168,0.9781806197045775,True,0.32578077306970954,0.04824731685221195,RF,raw,esm2_150M,truncate,max,1,640
0.8361904761904762,0.6287026208122597,0.8157173562366195,0.8361904761904762,0.8181409721953149,0.6744800187857691,0.6287026208122597,0.632807882698642,0.7781477387459693,0.7760843589159433,0.9777907660000178,True,0.3156525189988315,0.04836690193042159,RF,raw,esm2_150M,truncate,max,2,640
0.8295238095238096,0.6022820052659389,0.8153785396593806,0.8295238095238096,0.8121523857578573,0.6613246152045444,0.6022820052659389,0.5972997227383621,0.7698162807265834,0.7675318205894822,0.9746480708845177,True,0.3202066470403224,0.04870627983473241,RF,raw,esm2_150M,truncate,max,3,640
0.8314285714285714,0.6074778478256512,0.8126384110276043,0.8314285714285714,0.8129731455764424,0.6598028427840174,0.6074778478256512,0.6149430488758638,0.772436725766353,0.7698605201201778,0.9767406078987423,True,0.3288715220987797,0.04787906585261226,RF,raw,esm2_150M,truncate,max,4,640
0.810952380952381,0.5656371936773948,0.8013369595514712,0.810952380952381,0.7980649158971138,0.5919351502235212,0.5656371936773948,0.5563806690428982,0.7443114151111454,0.7427731504164625,0.8570418721329977,True,1.1492961049079895,0.0011918800882995129,DT,raw,esm2_150M,truncate,max,0,640
0.8219047619047619,0.6066356986928993,0.8131208222323872,0.8219047619047619,0.8113059532148913,0.6227860341858323,0.6066356986928993,0.6005433815951228,0.7593859500942365,0.7581041575039453,0.8772823781298826,True,1.2278143060393631,0.0012030510697513819,DT,raw,esm2_150M,truncate,max,1,640
0.8119047619047619,0.5726977762339948,0.799290658517723,0.8119047619047619,0.7998597442754102,0.5781902195429057,0.5726977762339948,0.5650108512369828,0.7456019569414724,0.74390528539973,0.8683179187849575,True,1.0712548019364476,0.001385984942317009,DT,raw,esm2_150M,truncate,max,2,640
0.8023809523809524,0.5715727600421978,0.7941331070554336,0.8023809523809524,0.7928155714638107,0.5683852671363602,0.5715727600421978,0.5561134502398757,0.7334633490451558,0.7321634371590577,0.8768975051866813,True,1.183219482889399,0.001192301046103239,DT,raw,esm2_150M,truncate,max,3,640
0.8,0.5666316655722103,0.7907940107773099,0.8,0.7885677825618991,0.583697991068716,0.5666316655722103,0.5620227318844118,0.7300845213062025,0.7284321389787016,0.8648037208735794,True,1.1483153922017664,0.0012070778757333755,DT,raw,esm2_150M,truncate,max,4,640
0.7731305449936628,0.6166058676973202,0.7623932838989906,0.7731305449936628,0.7638828482803149,0.6393740673978914,0.6166058676973202,0.6142318449353729,0.7228846870696093,0.722394977474113,0.9447852418797382,True,2.2748863780871034,0.0025834760162979364,LR,dedup,esm2_150M,window,mean,0,640
0.7287705956907478,0.5158895913239785,0.7091938729737878,0.7287705956907478,0.7164926719070982,0.4936166752288989,0.5158895913239785,0.5009633098365612,0.6684005539763636,0.6678593980214691,0.9525304888562808,True,2.8966294729616493,0.0023747531231492758,LR,dedup,esm2_150M,window,mean,1,640
0.743979721166033,0.5529149042795519,0.7427823157587908,0.743979721166033,0.7397796557451456,0.5895182676984141,0.5529149042795519,0.560083291036253,0.6873542119415835,0.686877081307282,0.955007200213161,True,2.6568299550563097,0.00278874090872705,LR,dedup,esm2_150M,window,mean,2,640
0.752851711026616,0.5611864181885285,0.747160037374164,0.752851711026616,0.7479585460818118,0.53426306772448,0.5611864181885285,0.5426241816624469,0.6987456675182377,0.6984080934169439,0.95419141996994,True,2.506596121005714,0.002471725922077894,LR,dedup,esm2_150M,window,mean,3,640
0.7515842839036755,0.5706077394773943,0.7402769628667397,0.7515842839036755,0.7406358025663645,0.6162920349672883,0.5706077394773943,0.5746471834865741,0.6959118232484806,0.6953121767553477,0.9481939311409403,True,2.2446836628951132,0.0023779289331287146,LR,dedup,esm2_150M,window,mean,4,640
0.7097591888466414,0.46866125316870283,0.6881931858222241,0.7097591888466414,0.6863552605097292,0.5700803112139711,0.46866125316870283,0.48833080444160504,0.6389938940635929,0.6370147298719875,0.9287026257023379,True,0.42924330406822264,0.04749288898892701,RF,dedup,esm2_150M,window,mean,0,640
0.679340937896071,0.443262509742766,0.6394698768469396,0.679340937896071,0.647997642032464,0.5465799016065231,0.443262509742766,0.46943431285118514,0.5961195110043076,0.5924278897688919,0.9252075921506417,True,0.3276331350207329,0.04719961900264025,RF,dedup,esm2_150M,window,mean,1,640
0.6831432192648923,0.4118493596968202,0.6663789391358463,0.6831432192648923,0.6590740408457623,0.5812824772822476,0.4118493596968202,0.45382596062290265,0.6038428076982539,0.60062442295544,0.924088585676251,True,0.3317268688697368,0.04745632107369602,RF,dedup,esm2_150M,window,mean,2,640
0.7021546261089987,0.45452898600729663,0.6690529108850641,0.7021546261089987,0.6804717007639757,0.5214662035002615,0.45452898600729663,0.4788197300963212,0.6292673819005709,0.6276209029562982,0.9310992972516583,True,0.3236116061452776,0.04765441291965544,RF,dedup,esm2_150M,window,mean,3,640
0.7072243346007605,0.43744886928813104,0.6760198203417076,0.7072243346007605,0.679513741813143,0.5272275133941331,0.43744886928813104,0.4595039250353273,0.634087530774556,0.6314880676774886,0.9450081035127234,True,0.3242600548546761,0.04735696385614574,RF,dedup,esm2_150M,window,mean,4,640
0.6223067173637515,0.4022186226122202,0.6335445848560146,0.6223067173637515,0.6240932045746626,0.4210428682545949,0.4022186226122202,0.40205508652578364,0.5390880521922351,0.5387675594239744,0.691688625924131,True,1.3090949968900532,0.0006239330396056175,DT,dedup,esm2_150M,window,mean,0,640
0.596958174904943,0.39387129040139207,0.5996393676976761,0.596958174904943,0.5964833411376771,0.3903983623232634,0.39387129040139207,0.3874164439794239,0.5056692183724666,0.5054325114918512,0.6867461534161566,True,1.2288782151881605,0.0006188938859850168,DT,dedup,esm2_150M,window,mean,1,640
0.6045627376425855,0.3206844258697422,0.6100240736088309,0.6045627376425855,0.6052381044537475,0.3327798742414283,0.3206844258697422,0.32059501569990423,0.5175921323255197,0.5173148077341632,0.6505927903651512,True,1.3148947979789227,0.0006229709833860397,DT,dedup,esm2_150M,window,mean,2,640
0.623574144486692,0.41275706388004013,0.6304998645972779,0.623574144486692,0.6249380151525296,0.420560191451502,0.41275706388004013,0.40917632058816006,0.5420285210153991,0.5418333470196965,0.6970111257681542,True,1.4028704918455333,0.0006347228772938251,DT,dedup,esm2_150M,window,mean,3,640
0.605830164765526,0.3838361793792711,0.6051589212309876,0.605830164765526,0.60356469256538,0.3516973865535107,0.3838361793792711,0.3624529276113971,0.5189886051444357,0.5187939402853361,0.6820627062350163,True,1.2437291860114783,0.0006212471053004265,DT,dedup,esm2_150M,window,mean,4,640
0.7579214195183777,0.5814867148223015,0.737791240333405,0.7579214195183777,0.7439593124512838,0.5998700058263838,0.5814867148223015,0.5775775285394228,0.7028425055886569,0.7023176708326667,0.9331509165479089,True,2.2042802290525287,0.002272932091727853,LR,dedup,esm2_150M,window,cls,0,640
0.7351077313054499,0.5529661524113305,0.7277859264442558,0.7351077313054499,0.7281531008714967,0.5763909354430328,0.5529661524113305,0.552053582925657,0.6751568383731249,0.6748842188692191,0.9510539606771554,True,2.3136336610186845,0.0025686880107969046,LR,dedup,esm2_150M,window,cls,1,640
0.7186311787072244,0.5035107376949722,0.7098384142410559,0.7186311787072244,0.711222958123083,0.5424813286057305,0.5035107376949722,0.5162653263821411,0.6554114114769806,0.6548304775792928,0.94284052959088,True,2.192955284146592,0.0023432238958775997,LR,dedup,esm2_150M,window,cls,2,640
0.7477820025348543,0.5394224698485611,0.7385046785776795,0.7477820025348543,0.738899164156012,0.5684865265221164,0.5394224698485611,0.5441691604888488,0.6922682047578836,0.6912265314189409,0.9361947553803972,True,2.355194390984252,0.002403707941994071,LR,dedup,esm2_150M,window,cls,3,640
0.7338403041825095,0.537114234343058,0.7254083438557096,0.7338403041825095,0.7235690017799484,0.5655022196191614,0.537114234343058,0.5288222205042374,0.6747730458451293,0.6741996566797034,0.9501332359784278,True,2.1953156390227377,0.0026078110095113516,LR,dedup,esm2_150M,window,cls,4,640
0.7211660329531052,0.4855727954410852,0.694789477157422,0.7211660329531052,0.6953831304582305,0.5613899944189342,0.4855727954410852,0.4938396288859739,0.6538677323363532,0.6522536997377579,0.928139535326915,True,0.4390934470575303,0.048553702887147665,RF,dedup,esm2_150M,window,cls,0,640
0.6920152091254753,0.4641079766578846,0.6614850416594474,0.6920152091254753,0.6691603438470726,0.5534551992501178,0.4641079766578846,0.4870830470391445,0.6164258599832285,0.6148985359367374,0.935326703316181,True,0.3102851901203394,0.04821789311245084,RF,dedup,esm2_150M,window,cls,1,640
0.6907477820025348,0.44514400930578296,0.659835373700225,0.6907477820025348,0.6674672211911888,0.523793661110343,0.44514400930578296,0.46438244572741305,0.6145317535454944,0.6125869594527968,0.9238493530044655,True,0.31504293298348784,0.04766303999349475,RF,dedup,esm2_150M,window,cls,2,640
0.7262357414448669,0.48567681944892516,0.7082893424627614,0.7262357414448669,0.7086521089710317,0.5989457842960716,0.48567681944892516,0.5145589932147087,0.6609644190864623,0.659747441976541,0.921571053034884,True,0.3250172990374267,0.047597697004675865,RF,dedup,esm2_150M,window,cls,3,640
0.70595690747782,0.44515084306463565,0.6795358860349444,0.70595690747782,0.6846212385440891,0.5306653719277524,0.44515084306463565,0.4616565915216891,0.6342621450323389,0.6328326055429743,0.9410864307956156,True,0.3119740840047598,0.047479193890467286,RF,dedup,esm2_150M,window,cls,4,640
0.6134347275031685,0.3904826492192448,0.6221697444762269,0.6134347275031685,0.6152604148305576,0.37723720232670693,0.3904826492192448,0.3791576516877061,0.5305012672962526,0.5301370665417058,0.6856510941673268,True,1.1722736509982497,0.0006107969675213099,DT,dedup,esm2_150M,window,cls,0,640
0.6197718631178707,0.46955004580558807,0.6254193116258222,0.6197718631178707,0.6209581857790692,0.4465602483268993,0.46955004580558807,0.45192899873037595,0.5373979475912438,0.537246115858558,0.7251903419590129,True,1.190852016909048,0.0006327801384031773,DT,dedup,esm2_150M,window,cls,1,640
0.605830164765526,0.35682333383197523,0.6109489321486532,0.605830164765526,0.6071173752065385,0.3445013344709363,0.35682333383197523,0.3467845301390298,0.5200673259335646,0.5198165988599072,0.6685586657905666,True,1.1625688809435815,0.0006044160109013319,DT,dedup,esm2_150M,window,cls,2,640
0.6349809885931559,0.383279711523466,0.6418739332321916,0.6349809885931559,0.6367843696116968,0.418827281009756,0.383279711523466,0.3946941464753737,0.5536812027955892,0.553564692568842,0.6824055502468119,True,1.2432539130095392,0.0006166391540318727,DT,dedup,esm2_150M,window,cls,3,640
0.6197718631178707,0.383617865878308,0.6343508861962094,0.6197718631178707,0.6237466170239292,0.40921165672451054,0.383617865878308,0.38617869314979336,0.5360837402447949,0.5358532300065887,0.6822488665545005,True,1.2889377931132913,0.0006246538832783699,DT,dedup,esm2_150M,window,cls,4,640
0.7629911280101395,0.6273816327795213,0.7566547779782689,0.7629911280101395,0.757658207038547,0.6246715049814633,0.6273816327795213,0.6195675980680941,0.7101594618202794,0.7098819809580739,0.9374474298244074,True,1.7720414139330387,0.0029743299819529057,LR,dedup,esm2_150M,window,max,0,640
0.7173637515842839,0.5407204689829428,0.7180842749052678,0.7173637515842839,0.7154605537709068,0.5777282253618732,0.5407204689829428,0.5534337752176876,0.6539666668110825,0.6536537738504633,0.9414814246802629,True,1.7612056890502572,0.0024874049704521894,LR,dedup,esm2_150M,window,max,1,640
0.7287705956907478,0.5078697578573537,0.7272309722286928,0.7287705956907478,0.7241318978187774,0.5614682529872262,0.5078697578573537,0.5199383911238318,0.6682398886250219,0.6677123267182543,0.9473516528323969,True,1.846269030123949,0.0027432760689407587,LR,dedup,esm2_150M,window,max,2,640
0.7655259822560203,0.5896025111520155,0.7703071105708762,0.7655259822560203,0.7646434239827786,0.6319465551097134,0.5896025111520155,0.59957482454678,0.7142556223102501,0.7139522852070032,0.9518457684281576,True,1.8720749712083489,0.0022685439325869083,LR,dedup,esm2_150M,window,max,3,640
0.7414448669201521,0.5353547316788316,0.7505106947953141,0.7414448669201521,0.7407214351059489,0.6386733684598686,0.5353547316788316,0.5602397685641105,0.6838034499340223,0.6833426126851034,0.9445134974357736,True,1.787324647884816,0.002916391007602215,LR,dedup,esm2_150M,window,max,4,640
0.743979721166033,0.5379120451063593,0.7227801329199227,0.743979721166033,0.7187088681337467,0.5772192238836623,0.5379120451063593,0.5342213060089602,0.6836904683436936,0.6823709478769326,0.9522589480856134,True,0.35749683110043406,0.04789459495805204,RF,dedup,esm2_150M,window,max,0,640
0.7325728770595691,0.5480377741112097,0.7199550259284871,0.7325728770595691,0.7161153152653639,0.6458503149618658,0.5480377741112097,0.5656806071945912,0.6698770886871708,0.6687004853702365,0.9457076736098674,True,0.2578277608845383,0.04785264516249299,RF,dedup,esm2_150M,window,max,1,640
0.743979721166033,0.5150070303150276,0.7197803751223416,0.743979721166033,0.7261650373061238,0.5734462168312306,0.5150070303150276,0.5280693747672712,0.6850761975486542,0.6835785574034772,0.9561767121449031,True,0.2633003150112927,0.04764684895053506,RF,dedup,esm2_150M,window,max,2,640
0.7541191381495564,0.5235666304181301,0.7474236702446853,0.7541191381495564,0.7364286840530843,0.6107891322550806,0.5235666304181301,0.5301546339650408,0.6979995811687496,0.6967188428769566,0.961311276376044,True,0.24904974200762808,0.047658400842919946,RF,dedup,esm2_150M,window,max,3,640
0.7401774397972116,0.48566627462615286,0.7190705554597329,0.7401774397972116,0.7205978128390601,0.5847909765495338,0.48566627462615286,0.5064843216237627,0.6791489453200888,0.6779598248684422,0.950011984223265,True,0.25419161608442664,0.047942154109478,RF,dedup,esm2_150M,window,max,4,640
0.6666666666666666,0.4848872151640236,0.6652585104119294,0.6666666666666666,0.6651296510189675,0.4738011452918236,0.4848872151640236,0.4763019668144579,0.5929826162006009,0.5928928353517974,0.7342067771832629,True,0.9079183721914887,0.0007118971552699804,DT,dedup,esm2_150M,window,max,0,640
0.641318124207858,0.3842542544828744,0.6497069814383379,0.641318124207858,0.6433229907737156,0.41782391921425366,0.3842542544828744,0.3930004267857699,0.5617872375603699,0.5615168903394564,0.683338080852449,True,0.9234201980289072,0.0005983440205454826,DT,dedup,esm2_150M,window,max,1,640
0.6552598225602028,0.4228773905747234,0.6661529490197,0.6552598225602028,0.6578996434959513,0.45229029136861565,0.4228773905747234,0.4276982809429619,0.5790933081467651,0.5788977972427272,0.7030123024109876,True,0.9653586181811988,0.000599676975980401,DT,dedup,esm2_150M,window,max,2,640
0.6818757921419518,0.4615951128660468,0.6946398021549703,0.6818757921419518,0.6871910713168089,0.44348347379374964,0.4615951128660468,0.44932113764219217,0.6136467133571517,0.6134413922738639,0.7231077077374741,True,0.9692069999873638,0.0006101471371948719,DT,dedup,esm2_150M,window,max,3,640
0.6780735107731305,0.43687425388103196,0.6826070941027228,0.6780735107731305,0.6784132397137687,0.4711138225307177,0.43687425388103196,0.4464767424536316,0.605067732053407,0.6048676326483131,0.7104613353729472,True,0.88279312197119,0.0005985149182379246,DT,dedup,esm2_150M,window,max,4,640
0.8357142857142857,0.6443500434140469,0.8267889353497146,0.8357142857142857,0.8227018874263602,0.6745135098136622,0.6443500434140469,0.6383757278594948,0.7783041235859796,0.776647123418418,0.9760542432223989,True,4.789691206999123,0.0061978790909051895,LR,raw,esm2_150M,window,mean,0,640
0.8514285714285714,0.6678574410845254,0.84682069215523,0.8514285714285714,0.8404451066044923,0.7286872576931451,0.6678574410845254,0.6687545176001518,0.7992069109522784,0.7981110192188943,0.9680033175341102,True,4.555857291910797,0.0061212750151753426,LR,raw,esm2_150M,window,mean,1,640
0.8319047619047619,0.6324458907613159,0.8212552762847495,0.8319047619047619,0.8180122469434162,0.6708335889958431,0.6324458907613159,0.6290430943037122,0.7728705865112201,0.7714052057815703,0.9638020445250991,True,4.163442203076556,0.005847449880093336,LR,raw,esm2_150M,window,mean,2,640
0.830952380952381,0.6341211036633866,0.8213438497629534,0.830952380952381,0.8192734998796484,0.6487943876716021,0.6341211036633866,0.6252571573379256,0.7719915883823746,0.7705610958408313,0.9782980565557504,True,4.1735418839380145,0.005789640825241804,LR,raw,esm2_150M,window,mean,3,640
0.8247619047619048,0.623454085517128,0.812253654233958,0.8247619047619048,0.8121351868096196,0.6513320830120697,0.623454085517128,0.6216973332515603,0.7633086577151064,0.7619416541420088,0.9693987420253531,True,4.559229409089312,0.004991180030629039,LR,raw,esm2_150M,window,mean,4,640
0.82,0.571119457192229,0.8044599507681569,0.82,0.8014055177529921,0.6763550410042607,0.571119457192229,0.5947727471163685,0.7540923261503016,0.7517854685995172,0.9737612023700389,True,0.5550936418585479,0.04820409696549177,RF,raw,esm2_150M,window,mean,0,640
0.8295238095238096,0.5991705335795527,0.8100232504731268,0.8295238095238096,0.8101964442520191,0.6856473820709811,0.5991705335795527,0.6143810737927449,0.768408031397861,0.7659273253849916,0.9677164694528131,True,0.45383584406226873,0.04826169507578015,RF,raw,esm2_150M,window,mean,1,640
0.8138095238095238,0.5674593878814526,0.8036004168286114,0.8138095238095238,0.799890026151308,0.681729593078749,0.5674593878814526,0.5959487493775107,0.7452838398160786,0.7434719853037659,0.9648494546266975,True,0.43787709111347795,0.04853558004833758,RF,raw,esm2_150M,window,mean,2,640
0.8171428571428572,0.5725182041992407,0.8026578301639761,0.8171428571428572,0.7983336319217114,0.6839635587923335,0.5725182041992407,0.59390605500142,0.7499852245524359,0.747512067069612,0.9720563472611666,True,0.44730470003560185,0.04818450892344117,RF,raw,esm2_150M,window,mean,3,640
0.8085714285714286,0.5657384225494748,0.7990937143358863,0.8085714285714286,0.7915128952849279,0.7052974135453115,0.5657384225494748,0.5943137788700925,0.7384338893816703,0.7360769822363116,0.9712028736045606,True,0.439551587915048,0.048177657183259726,RF,raw,esm2_150M,window,mean,4,640
0.7828571428571428,0.5305568830222304,0.7745528440649122,0.7828571428571428,0.7725779140082536,0.5545904806266146,0.5305568830222304,0.5250222897594085,0.7050423318530495,0.7039873607301645,0.8335287648498387,True,1.7341851249802858,0.0012221368961036205,DT,raw,esm2_150M,window,mean,0,640
0.7980952380952381,0.5748536689334324,0.7965336464036031,0.7980952380952381,0.7911377785502671,0.5728573544384965,0.5748536689334324,0.5606173778395716,0.7267120690910854,0.725601356461219,0.8514182117651451,True,1.6673114411532879,0.0012671921867877245,DT,raw,esm2_150M,window,mean,1,640
0.7719047619047619,0.5457842925060349,0.7724060983806268,0.7719047619047619,0.7661576927450425,0.555143990399827,0.5457842925060349,0.5341387400634431,0.6915014031208646,0.6903695987825329,0.8457605547894573,True,2.085706738056615,0.0012385279405862093,DT,raw,esm2_150M,window,mean,2,640
0.7828571428571428,0.5385481687218673,0.7726367165253889,0.7828571428571428,0.7728911644021658,0.5509206382289716,0.5385481687218673,0.5334667000341429,0.7059113490208887,0.7047968659637198,0.8457682885451625,True,2.0620873658917844,0.0012650780845433474,DT,raw,esm2_150M,window,mean,3,640
0.7723809523809524,0.524202247000753,0.7722334040771095,0.7723809523809524,0.767725067617358,0.5721530230423979,0.524202247000753,0.532588087862979,0.6906279878827554,0.6898732397803841,0.8325071514282238,True,1.7673271531239152,0.0012355218641459942,DT,raw,esm2_150M,window,mean,4,640
0.8266666666666667,0.6183793466373064,0.8212503147704538,0.8266666666666667,0.8153656499940889,0.663829576284315,0.6183793466373064,0.6150583625002505,0.7661851858643467,0.7646939312644007,0.96654399339192,True,4.3901274621021,0.0059624058194458485,LR,raw,esm2_150M,window,cls,0,640
0.8423809523809523,0.630243834064406,0.8382829037331201,0.8423809523809523,0.8297510228077275,0.7191299157757434,0.630243834064406,0.634903603023965,0.7872020630823173,0.7857146820740821,0.962271754406006,True,4.218962338985875,0.005694973049685359,LR,raw,esm2_150M,window,cls,1,640
0.8276190476190476,0.6169601341468639,0.8047447296918611,0.8276190476190476,0.8106658876936895,0.6192790498792485,0.6169601341468639,0.6073479456024159,0.7667904817249438,0.7652769882833016,0.9527281941983229,True,4.339427264872938,0.005249145906418562,LR,raw,esm2_150M,window,cls,2,640
0.8238095238095238,0.6026956709926673,0.8167193914349248,0.8238095238095238,0.8127074715150293,0.6515748336856216,0.6026956709926673,0.603485313228621,0.7621723328410805,0.7608673038203987,0.9675634374219169,True,4.650725770043209,0.005671268096193671,LR,raw,esm2_150M,window,cls,3,640
0.8257142857142857,0.6216081507256623,0.82251329994788,0.8257142857142857,0.8128167136019882,0.6855659674310415,0.6216081507256623,0.6173629868812797,0.7653345892883415,0.7634897175262243,0.9634855059325225,True,4.61151248216629,0.005698931170627475,LR,raw,esm2_150M,window,cls,4,640
0.8171428571428572,0.5777429902392321,0.7984711100856993,0.8171428571428572,0.7974813077309821,0.6582289314069659,0.5777429902392321,0.5903591823500333,0.7507091007822153,0.7485494979253151,0.9705149351232198,True,0.5123477729503065,0.04853445803746581,RF,raw,esm2_150M,window,cls,0,640
0.8338095238095238,0.6204462343391487,0.8279007311758175,0.8338095238095238,0.8166576424127127,0.7458412550033308,0.6204462343391487,0.6387537091128128,0.7741212203260642,0.7717233470110366,0.9725342831305528,True,0.4339074599556625,0.048336605075746775,RF,raw,esm2_150M,window,cls,1,640
0.8171428571428572,0.5852914979412843,0.8083359795142102,0.8171428571428572,0.8044999031817774,0.6681530564284859,0.5852914979412843,0.6014980247290957,0.7505395860696188,0.7489100441587022,0.9694898145622112,True,0.4323206781409681,0.04883071407675743,RF,raw,esm2_150M,window,cls,2,640
0.8157142857142857,0.5712961220201134,0.7993175648239418,0.8157142857142857,0.7973114986694309,0.6713213744685884,0.5712961220201134,0.5857625350872058,0.748464030455495,0.7465046525613417,0.9707630649961705,True,0.4380561679136008,0.04875117400661111,RF,raw,esm2_150M,window,cls,3,640
0.8185714285714286,0.581631671292472,0.8097195393168899,0.8185714285714286,0.8011172705053707,0.693740358960948,0.581631671292472,0.5978897247097382,0.7534450021437172,0.7511099884809435,0.9662159009764287,True,0.42466241493821144,0.04890679777599871,RF,raw,esm2_150M,window,cls,4,640
0.7985714285714286,0.5727950299645536,0.789954362902259,0.7985714285714286,0.78758346694561,0.6173207058719017,0.5727950299645536,0.5784156978747523,0.7265372633357705,0.7251471343115575,0.8549535306265296,True,1.5354895449709147,0.0012219070922583342,DT,raw,esm2_150M,window,cls,0,640
0.7957142857142857,0.581869088808074,0.7955234805989398,0.7957142857142857,0.790312828370622,0.6101186893196098,0.581869088808074,0.5783152593890853,0.7236655725480409,0.7226912949876352,0.854560459948366,True,1.592825606931001,0.0012186910025775433,DT,raw,esm2_150M,window,cls,1,640
0.7766666666666666,0.5335087284742547,0.7756057728163082,0.7766666666666666,0.7709812925008397,0.5406556682947591,0.5335087284742547,0.5276669235833431,0.6982246249580252,0.6969309061547428,0.8416845983902349,True,1.4986609399784356,0.0012167170643806458,DT,raw,esm2_150M,window,cls,2,640
0.7876190476190477,0.5446062172010568,0.7767589876920965,0.7876190476190477,0.776818033736769,0.5735092692277775,0.5446062172010568,0.5429289444309165,0.7118470895972658,0.7107669370107457,0.8505902348202585,True,1.5717015978880227,0.001235591946169734,DT,raw,esm2_150M,window,cls,3,640
0.78,0.5510615703916723,0.779707344157924,0.78,0.7744705262300908,0.576343141317886,0.5510615703916723,0.5480789198049846,0.702130843964972,0.7011090573012939,0.8500846809690188,True,1.6038966341875494,0.0012270170263946056,DT,raw,esm2_150M,window,cls,4,640
0.8319047619047619,0.6266314169649069,0.8273826201447786,0.8319047619047619,0.8199316064510698,0.6779212332853433,0.6266314169649069,0.6253163402773446,0.7731037699711296,0.77146299445444,0.9726742160032361,True,2.8470404299441725,0.004956775112077594,LR,raw,esm2_150M,window,max,0,640
0.840952380952381,0.6639887847804959,0.8404982907131114,0.840952380952381,0.8314908348792448,0.7487731084848709,0.6639887847804959,0.6710085529806936,0.784948708657371,0.7837745188104455,0.9643440219166614,True,2.8302405781578273,0.0055326069705188274,LR,raw,esm2_150M,window,max,1,640
0.8261904761904761,0.6454901814086766,0.8195730724093824,0.8261904761904761,0.8186945535886233,0.6650344891337509,0.6454901814086766,0.6472805674690512,0.7649820782084178,0.763874200553209,0.9587406355879409,True,2.795451195910573,0.005815970012918115,LR,raw,esm2_150M,window,max,2,640
0.8247619047619048,0.6185804433928341,0.8174565892315734,0.8247619047619048,0.8153231445816752,0.6602625477952682,0.6185804433928341,0.6208483581367432,0.763100273020646,0.7619706904852034,0.9712425571316982,True,2.8521042859647423,0.00582437589764595,LR,raw,esm2_150M,window,max,3,640
0.8195238095238095,0.6194440035130175,0.8145031570498447,0.8195238095238095,0.8090130989723964,0.6708506736497574,0.6194440035130175,0.6260631980846266,0.7568186977093236,0.7550633022415447,0.9705302047498608,True,2.8323127620387822,0.00574471615254879,LR,raw,esm2_150M,window,max,4,640
0.8304761904761905,0.6048166814691588,0.8132463886262956,0.8304761904761905,0.8125347542085573,0.6498248355032703,0.6048166814691588,0.6026207116472088,0.7700491272025228,0.7681670685600309,0.9811242328945514,True,0.43830251903273165,0.04775972687639296,RF,raw,esm2_150M,window,max,0,640
0.8442857142857143,0.633348759417001,0.835125497513953,0.8442857142857143,0.8272704947852301,0.7435356447680054,0.633348759417001,0.6464081484149801,0.7893117539100698,0.7870000884010118,0.9733597717869681,True,0.34629650809802115,0.04780527204275131,RF,raw,esm2_150M,window,max,1,640
0.8304761904761905,0.6139020756356803,0.8257044416377025,0.8304761904761905,0.819144251162993,0.6927123030450902,0.6139020756356803,0.627397600506103,0.7698718639360762,0.7682009247778515,0.9771560521363317,True,0.3387035480700433,0.04832614189945161,RF,raw,esm2_150M,window,max,2,640
0.8323809523809523,0.6031751529125136,0.8215481918251824,0.8323809523809523,0.8158410010993341,0.6909040699379151,0.6031751529125136,0.6077821344855013,0.7728884767477265,0.770895055864476,0.9779437967357864,True,0.3574671719688922,0.048180537996813655,RF,raw,esm2_150M,window,max,3,640
0.8285714285714286,0.6005153877232373,0.8216693266438878,0.8285714285714286,0.8107322520133453,0.7233236969991469,0.6005153877232373,0.6157736378132421,0.767935062286001,0.7654143121472875,0.9758496476711896,True,0.3446510049980134,0.048489298205822706,RF,raw,esm2_150M,window,max,4,640
0.8057142857142857,0.5683816133999323,0.7987999937732141,0.8057142857142857,0.7978272569443251,0.5869715331069129,0.5683816133999323,0.56652740206713,0.7368750843040688,0.7359844179038801,0.8524082821618042,True,1.2378295590169728,0.0013364721089601517,DT,raw,esm2_150M,window,max,0,640
0.810952380952381,0.5864418021843263,0.8157763243339147,0.810952380952381,0.8053348049583494,0.6530216533998962,0.5864418021843263,0.5904932682751404,0.7446032344939454,0.7434806327416188,0.8576188504653989,True,1.1985417439136654,0.001197740901261568,DT,raw,esm2_150M,window,max,1,640
0.7961904761904762,0.5810674054508264,0.7951127478779387,0.7961904761904762,0.7890166384343984,0.5962057346452115,0.5810674054508264,0.5677191946749324,0.7243843079658665,0.7231336782559517,0.8646199828727537,True,1.186568652978167,0.0011959869880229235,DT,raw,esm2_150M,window,max,2,640
0.7957142857142857,0.5605094409567474,0.7933343219766231,0.7957142857142857,0.7897003325759788,0.5961039979830066,0.5605094409567474,0.5661455447512727,0.723615893295853,0.7225048305228053,0.8557157684982152,True,1.2600842639803886,0.0012024701572954655,DT,raw,esm2_150M,window,max,3,640
0.8014285714285714,0.5799158660929675,0.7975237777301046,0.8014285714285714,0.7949816918028119,0.6010232996871617,0.5799158660929675,0.5769565416913278,0.7315759630683147,0.7308289803468577,0.8635252421968121,True,1.2040650851558894,0.0011859689839184284,DT,raw,esm2_150M,window,max,4,640
0.770595690747782,0.6052020415036314,0.7680437189083679,0.770595690747782,0.766292954736271,0.6132434976604779,0.6052020415036314,0.6017123067619052,0.7196537811608876,0.7193307600389924,0.9372923923116884,True,4.213570522144437,0.004203059012070298,LR,dedup,esm2_650M,truncate,mean,0,1280
0.7237008871989861,0.5590281093648105,0.7199933328699859,0.7237008871989861,0.7182045147725095,0.5922622832706798,0.5590281093648105,0.5594894009961879,0.6617074465003647,0.6614340463475654,0.9483705841536989,True,3.9714970840141177,0.0033749318681657314,LR,dedup,esm2_650M,truncate,mean,1,1280
0.7655259822560203,0.5577955960947808,0.7619757352168973,0.7655259822560203,0.7593961928257481,0.6140807246388422,0.5577955960947808,0.5702855366203319,0.713552239003494,0.7128916968432151,0.953729332956193,True,4.424604726023972,0.0035455431789159775,LR,dedup,esm2_650M,truncate,mean,2,1280
0.770595690747782,0.5987219169676892,0.7729480090677092,0.770595690747782,0.7691508348455509,0.6399310579420631,0.5987219169676892,0.6086875294375823,0.7197291832566903,0.7195468256586699,0.9578415817470334,True,4.181856541195884,0.0032925771083682775,LR,dedup,esm2_650M,truncate,mean,3,1280
0.7743979721166033,0.5995029707378757,0.767263879038941,0.7743979721166033,0.7676006031937123,0.6150529833995539,0.5995029707378757,0.5983185790302934,0.7244327529269857,0.7241594682819332,0.9509619266699367,True,4.234089032979682,0.0036184610798954964,LR,dedup,esm2_650M,truncate,mean,4,1280
0.7173637515842839,0.5193704106101675,0.7006891644920257,0.7173637515842839,0.6958355995574691,0.656925965568846,0.5193704106101675,0.5621431503165865,0.6458501447708758,0.6427689683877125,0.9368174550361473,True,0.5027442669961601,0.04765464900992811,RF,dedup,esm2_650M,truncate,mean,0,1280
0.6894803548795945,0.48389941408683035,0.6515528363707498,0.6894803548795945,0.6609708320211539,0.562292437409884,0.48389941408683035,0.5057412247621984,0.6099589073612499,0.606651947866961,0.9327468055375959,True,0.3886360281612724,0.048023992916569114,RF,dedup,esm2_650M,truncate,mean,1,1280
0.6932826362484157,0.4196233016234158,0.6626109153925407,0.6932826362484157,0.6654558602215876,0.5429541853800531,0.4196233016234158,0.4552695281974406,0.6146880277357314,0.6112517076885177,0.9093750196755314,True,0.3920554749201983,0.04798781592398882,RF,dedup,esm2_650M,truncate,mean,2,1280
0.7072243346007605,0.47780174740876336,0.6831522217006203,0.7072243346007605,0.6872304640965272,0.5982798175202826,0.47780174740876336,0.5116725692447123,0.6351192939352136,0.6333716874328635,0.9419724811118321,True,0.39594625611789525,0.04780414002016187,RF,dedup,esm2_650M,truncate,mean,3,1280
0.7262357414448669,0.493091654499344,0.7017665078962111,0.7262357414448669,0.699997445761654,0.6363350131516552,0.493091654499344,0.525245170559023,0.6575419504595145,0.6547542597608335,0.9275951868419771,True,0.406813059002161,0.04800768312998116,RF,dedup,esm2_650M,truncate,mean,4,1280
0.6400506970849176,0.42404411883872045,0.6431882116188469,0.6400506970849176,0.6394562902616396,0.4331375218974024,0.42404411883872045,0.42362188973199166,0.5615502100156283,0.5612057266729722,0.7108028822980915,True,2.139731307979673,0.0008342370856553316,DT,dedup,esm2_650M,truncate,mean,0,1280
0.6083650190114068,0.37870351035789385,0.6098584818588233,0.6083650190114068,0.6066188785992093,0.3734234524267405,0.37870351035789385,0.36942118906091875,0.5228037179548257,0.5225280449973365,0.7028603960719424,True,2.1604947089217603,0.0009233551099896431,DT,dedup,esm2_650M,truncate,mean,1,1280
0.6261089987325729,0.40827440258751585,0.6242648833394361,0.6261089987325729,0.6226732116054307,0.42909774443227994,0.40827440258751585,0.4126867878968048,0.5416353754523995,0.5412944383022248,0.7037896143337865,True,2.158367861993611,0.000836291816085577,DT,dedup,esm2_650M,truncate,mean,2,1280
0.6134347275031685,0.3784910714740251,0.6379988884829356,0.6134347275031685,0.6223318615486879,0.4102432231893279,0.3784910714740251,0.3806690390606667,0.5307906139844698,0.5304533614306202,0.6886235237585775,True,2.112245281925425,0.0008496970403939486,DT,dedup,esm2_650M,truncate,mean,3,1280
0.6362484157160964,0.40615688837787894,0.6530391982737979,0.6362484157160964,0.642221524032261,0.40567329663415336,0.40615688837787894,0.40026453695978303,0.5587072016822305,0.5583960965259549,0.6983305310586447,True,2.118907473050058,0.0008604968897998333,DT,dedup,esm2_650M,truncate,mean,4,1280
0.7642585551330798,0.5985100908472639,0.7607965276399835,0.7642585551330798,0.7586329949140537,0.6151305106466509,0.5985100908472639,0.5915275306896027,0.7113951702367804,0.7111420355123226,0.9300794128886175,True,3.318612744100392,0.003344826167449355,LR,dedup,esm2_650M,truncate,cls,0,1280
0.7591888466413181,0.5989240928093282,0.7585402413527936,0.7591888466413181,0.7561534299135216,0.6384671558551488,0.5989240928093282,0.6082635021182644,0.705351884940379,0.7050670391611006,0.9494036714159185,True,3.227782583096996,0.004317373037338257,LR,dedup,esm2_650M,truncate,cls,1,1280
0.7490494296577946,0.5638448499442904,0.7462348713783685,0.7490494296577946,0.7411122738753338,0.6306878488398776,0.5638448499442904,0.5779800917904386,0.6938351692548416,0.6927304197317179,0.9433331846396794,True,3.3386528962291777,0.00399834499694407,LR,dedup,esm2_650M,truncate,cls,2,1280
0.7718631178707225,0.5888959029978932,0.7721851045673711,0.7718631178707225,0.7672380991085616,0.6358583481697002,0.5888959029978932,0.6001109378840698,0.7215673946164244,0.7209571002487455,0.939267643165839,True,3.056458947947249,0.003910179017111659,LR,dedup,esm2_650M,truncate,cls,3,1280
0.7566539923954373,0.5848307588558197,0.7571024418144087,0.7566539923954373,0.7526203492903298,0.6171070989934945,0.5848307588558197,0.5908538663686231,0.7026954096161675,0.702295746913653,0.9442925924574882,True,3.0664703131187707,0.004070820985361934,LR,dedup,esm2_650M,truncate,cls,4,1280
0.7186311787072244,0.505195230769084,0.708341256725879,0.7186311787072244,0.6972590219706476,0.6482428875738029,0.505195230769084,0.541565085941591,0.6487094589674609,0.6459487594117945,0.9402615091429226,True,0.4519087988883257,0.04804875981062651,RF,dedup,esm2_650M,truncate,cls,0,1280
0.6869455006337135,0.4698298489624266,0.6602363053111869,0.6869455006337135,0.6639615677733021,0.573203148722324,0.4698298489624266,0.4958406710641256,0.6082088588830694,0.6060239721665719,0.9544351289526709,True,0.3604488249402493,0.047143908916041255,RF,dedup,esm2_650M,truncate,cls,1,1280
0.6907477820025348,0.43511543304585026,0.6710795401597311,0.6907477820025348,0.6660418761213107,0.5600318949070456,0.43511543304585026,0.4670054947319207,0.612628552022194,0.609732166749106,0.9166313566358667,True,0.3685153250116855,0.04744272097013891,RF,dedup,esm2_650M,truncate,cls,2,1280
0.7122940430925222,0.4550558664665407,0.6831336165328848,0.7122940430925222,0.6907225214036375,0.535089999879029,0.4550558664665407,0.478432668869749,0.6429677197955574,0.6411315288021688,0.9403686508025051,True,0.3706626610364765,0.04744003596715629,RF,dedup,esm2_650M,truncate,cls,3,1280
0.7275031685678074,0.4711285828675718,0.7072223734916487,0.7275031685678074,0.7048391415440647,0.6173827248151708,0.4711285828675718,0.5065680550739017,0.6598441500093665,0.6574407460435097,0.9276371188542828,True,0.358203544979915,0.04757912689819932,RF,dedup,esm2_650M,truncate,cls,4,1280
0.6311787072243346,0.4018735452404076,0.640252035599203,0.6311787072243346,0.6342132676852571,0.42046150164844265,0.4018735452404076,0.4076639934287805,0.5492777157158372,0.549152595623855,0.7056118229760675,True,2.082112662959844,0.0008259820751845837,DT,dedup,esm2_650M,truncate,cls,0,1280
0.6223067173637515,0.4218139048798491,0.628572819822211,0.6223067173637515,0.6240131236538473,0.3970879422645831,0.4218139048798491,0.4046093684258054,0.5401532076221875,0.5399641945235231,0.7213131975516608,True,1.7638271460309625,0.000833155820146203,DT,dedup,esm2_650M,truncate,cls,1,1280
0.6387832699619772,0.4135200314728475,0.6435218682417193,0.6387832699619772,0.6380871880036857,0.42656658681032733,0.4135200314728475,0.40601780149259736,0.5586122503313092,0.558307045009016,0.7041452870464662,True,1.8952928150538355,0.0008364219684153795,DT,dedup,esm2_650M,truncate,cls,2,1280
0.6172370088719898,0.41570707719881045,0.6342611514307571,0.6172370088719898,0.6239630082237017,0.3988270326615414,0.41570707719881045,0.40116870677196564,0.5351072147990562,0.5347968184427239,0.7183335731276983,True,1.9864326380193233,0.0008484639693051577,DT,dedup,esm2_650M,truncate,cls,3,1280
0.632446134347275,0.4053100734584163,0.6343302853975404,0.632446134347275,0.6319671689116467,0.41987449774171276,0.4053100734584163,0.40959767710885503,0.5501406156073059,0.549971972818551,0.6982164856056445,True,1.9709033227991313,0.0008293688297271729,DT,dedup,esm2_650M,truncate,cls,4,1280
0.7718631178707225,0.6311743854890463,0.764496195915034,0.7718631178707225,0.7643533493786596,0.6559690502576995,0.6311743854890463,0.6351192214267238,0.7205531831395099,0.7198982308739128,0.9485211601420609,True,1.7787625449709594,0.003810971975326538,LR,dedup,esm2_650M,truncate,max,0,1280
0.743979721166033,0.5710267961537174,0.747367905865065,0.743979721166033,0.7420380964499426,0.6330279089413691,0.5710267961537174,0.5927319095783734,0.6864422781668351,0.6859262120310412,0.961863634885912,True,1.939900056924671,0.0043896399438381195,LR,dedup,esm2_650M,truncate,max,1,1280
0.7477820025348543,0.5905327900839613,0.7456670292493996,0.7477820025348543,0.7431459326645152,0.6516722440433077,0.5905327900839613,0.6052650019880068,0.6917478913279296,0.691241711305661,0.9585156214783368,True,2.0300450299400836,0.003917552065104246,LR,dedup,esm2_650M,truncate,max,2,1280
0.761723700887199,0.5905665090040105,0.7614377460014369,0.761723700887199,0.7565187187053971,0.6519043924481139,0.5905665090040105,0.6019111723289505,0.7086245598835114,0.7081382925346351,0.9569501833856169,True,1.9796821109484881,0.003988395910710096,LR,dedup,esm2_650M,truncate,max,3,1280
0.7604562737642585,0.6219395694758725,0.7588884044227208,0.7604562737642585,0.7572761990749812,0.641009183640142,0.6219395694758725,0.625386048724651,0.7072803972996784,0.7070049552611828,0.9571517954539797,True,1.838781261118129,0.003594504902139306,LR,dedup,esm2_650M,truncate,max,4,1280
0.7541191381495564,0.5767032131936765,0.7366980105521348,0.7541191381495564,0.7374817582615129,0.621021810496737,0.5767032131936765,0.5823075636991031,0.6967176174535102,0.6953910447761193,0.9670667767300066,True,0.40035547385923564,0.04785300185903907,RF,dedup,esm2_650M,truncate,max,0,1280
0.7363751584283904,0.5589039740056299,0.7245476961495594,0.7363751584283904,0.7250678419149038,0.6348310182161765,0.5589039740056299,0.5748007904838934,0.6742482484433217,0.6736765080173073,0.9690794865867641,True,0.294491367880255,0.04776951507665217,RF,dedup,esm2_650M,truncate,max,1,1280
0.743979721166033,0.5374871103788776,0.7461809239058557,0.743979721166033,0.72803529501933,0.6595939285639892,0.5374871103788776,0.5569851519297561,0.6850055618038491,0.683458524164942,0.9682417122036668,True,0.294841957045719,0.04795467318035662,RF,dedup,esm2_650M,truncate,max,2,1280
0.743979721166033,0.5345228403072712,0.7342319842064542,0.743979721166033,0.7295119862084177,0.5933532380270476,0.5345228403072712,0.5433730413351008,0.6865180435156704,0.685078484374259,0.968581406048684,True,0.2967388820834458,0.04752863198518753,RF,dedup,esm2_650M,truncate,max,3,1280
0.7503168567807351,0.529896987171868,0.7343446469945959,0.7503168567807351,0.7342798591356833,0.6170713409398116,0.529896987171868,0.5474533590877727,0.691965123473824,0.6911612177665801,0.9495145922699934,True,0.30817268090322614,0.04803825984708965,RF,dedup,esm2_650M,truncate,max,4,1280
0.6869455006337135,0.5335561545906236,0.6944610612871686,0.6869455006337135,0.6878331506860662,0.529920346933873,0.5335561545906236,0.5246718835865611,0.6193146871161527,0.6189866389304888,0.7797260672855896,True,1.467573506059125,0.000819068867713213,DT,dedup,esm2_650M,truncate,max,0,1280
0.6692015209125475,0.4873485166687228,0.6914631369674283,0.6692015209125475,0.6779439073590307,0.525620762867673,0.4873485166687228,0.5009019194553465,0.597071508425247,0.596669219364202,0.758176442443407,True,1.4215724049136043,0.0008276049047708511,DT,dedup,esm2_650M,truncate,max,1,1280
0.6958174904942965,0.5238429910941698,0.7040575392893536,0.6958174904942965,0.6957598159784186,0.5460152634234595,0.5238429910941698,0.5187130719752346,0.6281911197423168,0.6279142882406689,0.7607440111609094,True,1.418381477938965,0.0008217140566557646,DT,dedup,esm2_650M,truncate,max,2,1280
0.7008871989860583,0.5423550513753965,0.710728491242991,0.7008871989860583,0.7033153151814531,0.5544632535413246,0.5423550513753965,0.5428450874556846,0.635722027268949,0.6353395753814458,0.7940234104676506,True,1.5352951681707054,0.0008392068557441235,DT,dedup,esm2_650M,truncate,max,3,1280
0.688212927756654,0.5454452160630701,0.6801707725273276,0.688212927756654,0.6822043773351939,0.5151978068980528,0.5454452160630701,0.5242628747068612,0.6181998713401575,0.617906393031153,0.7736686954326902,True,1.5655306309927255,0.0008364021778106689,DT,dedup,esm2_650M,truncate,max,4,1280
0.8371428571428572,0.6412028876273212,0.82511892328321,0.8371428571428572,0.822766061133986,0.6745788854173399,0.6412028876273212,0.6383370592574182,0.7805128836958453,0.7784692602193468,0.9726703415696984,True,10.801039940910414,0.011844669934362173,LR,raw,esm2_650M,truncate,mean,0,1280
0.8466666666666667,0.6585200312545827,0.831465409487512,0.8466666666666667,0.8323960280971093,0.670968121248938,0.6585200312545827,0.650857372148073,0.7932649385366964,0.7917266635763446,0.9703719832997368,True,13.228153086034581,0.010974664939567447,LR,raw,esm2_650M,truncate,mean,1,1280
0.8352380952380952,0.6391393150856158,0.8236975514241622,0.8352380952380952,0.8222049608676919,0.6689704507215313,0.6391393150856158,0.6388239142301627,0.7772938609690294,0.7757443399056558,0.9684421498244593,True,11.680244042072445,0.009196613915264606,LR,raw,esm2_650M,truncate,mean,2,1280
0.8304761904761905,0.6306868113152825,0.8231392903023838,0.8304761904761905,0.8194216860438787,0.642571783096876,0.6306868113152825,0.6232725539679842,0.7717723656632205,0.7699908162464754,0.9663962583157026,True,11.451446442864835,0.00771556980907917,LR,raw,esm2_650M,truncate,mean,3,1280
0.8342857142857143,0.6539803773377084,0.8228983191005887,0.8342857142857143,0.8201646648451818,0.6895058289443394,0.6539803773377084,0.6510956835802937,0.7761766063750564,0.7744862758482146,0.9707189448868772,True,13.612153191119432,0.008994733914732933,LR,raw,esm2_650M,truncate,mean,4,1280
0.820952380952381,0.578701232778076,0.799466367154865,0.820952380952381,0.7960297143716742,0.6912440222376336,0.578701232778076,0.5968942753782651,0.7542318865175454,0.7511963591985977,0.9714204867034983,True,0.6176856791134924,0.04925290192477405,RF,raw,esm2_650M,truncate,mean,0,1280
0.8295238095238096,0.6028163534412571,0.812032150555531,0.8295238095238096,0.8107607893449672,0.6781953967489189,0.6028163534412571,0.6181234962035258,0.7677381006591457,0.7652514725645855,0.9726185619980746,True,0.5549586049746722,0.049555281177163124,RF,raw,esm2_650M,truncate,mean,1,1280
0.8147619047619048,0.5736061009549255,0.7915454024929311,0.8147619047619048,0.7932312808741059,0.6778589435271297,0.5736061009549255,0.595900103858028,0.7456462195150161,0.7434005505156018,0.9659282446578753,True,0.5418654780369252,0.049209080869331956,RF,raw,esm2_650M,truncate,mean,2,1280
0.8152380952380952,0.5752928833246547,0.7929798716600435,0.8152380952380952,0.7908832734169253,0.6812522544624694,0.5752928833246547,0.5807923474734807,0.7472734896839106,0.7446631687902431,0.9680560877149961,True,0.553824673872441,0.04884754098020494,RF,raw,esm2_650M,truncate,mean,3,1280
0.8152380952380952,0.5903561971518235,0.7924343541775603,0.8152380952380952,0.7922636893234374,0.6774755396346417,0.5903561971518235,0.6099699441819402,0.7465588596913374,0.7436910501998129,0.9700207341865952,True,0.5480523859150708,0.049132807180285454,RF,raw,esm2_650M,truncate,mean,4,1280
0.7866666666666666,0.5515248994540409,0.7725304043906918,0.7866666666666666,0.773569823330435,0.5451480975501322,0.5515248994540409,0.5374243630955005,0.712078236058325,0.7103302014017949,0.8468463898917893,True,2.9989927890710533,0.002124953083693981,DT,raw,esm2_650M,truncate,mean,0,1280
0.7957142857142857,0.5677585350922641,0.7851604022249229,0.7957142857142857,0.7838673165714211,0.5714245442138788,0.5677585350922641,0.5579713695191348,0.723633363664286,0.7219738774568001,0.857681442757317,True,3.4365351400338113,0.001945967087522149,DT,raw,esm2_650M,truncate,mean,1,1280
0.78,0.5320189321755768,0.7730874957086394,0.78,0.7688676944352552,0.5542109780380982,0.5320189321755768,0.5249448166096532,0.7026336022694609,0.7010895351144313,0.8478281402646545,True,3.1640216149389744,0.001924386015161872,DT,raw,esm2_650M,truncate,mean,2,1280
0.7904761904761904,0.5414527990766603,0.7833017584536762,0.7904761904761904,0.779076142824804,0.5678491708833132,0.5414527990766603,0.5357989350308676,0.7165757524707366,0.7150753801384722,0.860687617534328,True,3.16427514096722,0.0020525180734694004,DT,raw,esm2_650M,truncate,mean,3,1280
0.78,0.5503987305325008,0.7721331131613637,0.78,0.7711172404535782,0.5730179447047784,0.5503987305325008,0.5498013078042159,0.7020323428688455,0.7009201744786449,0.8552665695359992,True,3.24016110599041,0.0019534609746187925,DT,raw,esm2_650M,truncate,mean,4,1280
0.8304761904761905,0.6348590188754966,0.8256264136110119,0.8304761904761905,0.8173672596654818,0.679996673331638,0.6348590188754966,0.6312888959664597,0.7720843900911458,0.7697814432634127,0.9672321814528,True,8.964280207874253,0.009989302838221192,LR,raw,esm2_650M,truncate,cls,0,1280
0.8428571428571429,0.6513476574636041,0.8286109404679542,0.8428571428571429,0.8291006643793346,0.666881575339191,0.6513476574636041,0.6466935475723566,0.787853402980323,0.786282019533145,0.9685515906862358,True,7.587194398976862,0.013289485825225711,LR,raw,esm2_650M,truncate,cls,1,1280
0.829047619047619,0.6263414448701249,0.8167429682641445,0.829047619047619,0.8162872631768663,0.6454295476630286,0.6263414448701249,0.6208090643148595,0.7688851512056175,0.767424426821063,0.9584440444420899,True,7.723751796875149,0.00904762395657599,LR,raw,esm2_650M,truncate,cls,2,1280
0.8276190476190476,0.6273196250338773,0.8232867915953624,0.8276190476190476,0.8173028339453012,0.6475682941307288,0.6273196250338773,0.6195372346891063,0.7678545117529642,0.7662176869451245,0.9614863561531665,True,8.500406593084335,0.008471961133182049,LR,raw,esm2_650M,truncate,cls,3,1280
0.8347619047619048,0.6558341068691331,0.829009398731331,0.8347619047619048,0.8213815307489697,0.6937808339729105,0.6558341068691331,0.6544329307600866,0.7774965244682659,0.7753236486428154,0.9652857809214797,True,8.385167389875278,0.008572671096771955,LR,raw,esm2_650M,truncate,cls,4,1280
0.8204761904761905,0.5706103671866081,0.7996008234785846,0.8204761904761905,0.7970767404205755,0.6818673799674281,0.5706103671866081,0.5900343901869889,0.75442490023163,0.751465402929299,0.9671392113066072,True,0.5968530080281198,0.04954207595437765,RF,raw,esm2_650M,truncate,cls,0,1280
0.83,0.6066900010430099,0.807581610610955,0.83,0.8096114278745602,0.6723019310838244,0.6066900010430099,0.6171184276421783,0.7689870810503828,0.7662246544587104,0.9714285420105809,True,0.4980940369423479,0.04939107317477465,RF,raw,esm2_650M,truncate,cls,1,1280
0.8161904761904762,0.5768862076779997,0.7956655016882355,0.8161904761904762,0.7956274734025706,0.672177981504666,0.5768862076779997,0.5968392921707516,0.7486972973220872,0.7462948913443554,0.9659643592440172,True,0.4981286220718175,0.04935020604170859,RF,raw,esm2_650M,truncate,cls,2,1280
0.8147619047619048,0.5712834412267326,0.7980369270459737,0.8147619047619048,0.7935337994309001,0.6765705580728493,0.5712834412267326,0.5812775393333817,0.7479172394680554,0.7451694814796329,0.9714302438673058,True,0.501430356875062,0.049148877151310444,RF,raw,esm2_650M,truncate,cls,3,1280
0.8185714285714286,0.5820429631441693,0.7958430685476355,0.8185714285714286,0.7963690417072266,0.6669275518470745,0.5820429631441693,0.6005707363241095,0.7523255443064447,0.7495461090590372,0.9738374688046185,True,0.48931549908593297,0.04891338502056897,RF,raw,esm2_650M,truncate,cls,4,1280
0.7985714285714286,0.5623693969322898,0.7875304185266039,0.7985714285714286,0.7873033719178498,0.5789114339115774,0.5623693969322898,0.5560830522420294,0.7273060710664608,0.7260125245248555,0.8533243027302361,True,3.0897329461295158,0.001992081990465522,DT,raw,esm2_650M,truncate,cls,0,1280
0.7971428571428572,0.5900518789999265,0.7881245634330958,0.7971428571428572,0.7872101525972759,0.5750308315425485,0.5900518789999265,0.5714785427121314,0.7269980763174834,0.7255926704471036,0.8685610396441004,True,2.842808498069644,0.0019409358501434326,DT,raw,esm2_650M,truncate,cls,1,1280
0.780952380952381,0.5546766042080292,0.7721193025582822,0.780952380952381,0.7712557300029805,0.5669302018181596,0.5546766042080292,0.5520242261156093,0.7042042186831843,0.7027835886081811,0.858105530897157,True,2.9313317709602416,0.001930665923282504,DT,raw,esm2_650M,truncate,cls,2,1280
0.7823809523809524,0.5336550818193669,0.7753979457004684,0.7823809523809524,0.771799733748883,0.5716525735325189,0.5336550818193669,0.5245065544157101,0.7057862940765651,0.7046792506478317,0.8571374482541358,True,2.801079679047689,0.0019040468614548445,DT,raw,esm2_650M,truncate,cls,3,1280
0.7866666666666666,0.5598615516338395,0.7774624224846901,0.7866666666666666,0.775902423183174,0.5599361575705445,0.5598615516338395,0.549701652767116,0.712319829587298,0.7106801998299386,0.8582479190913136,True,2.8278693838510662,0.0019509152043610811,DT,raw,esm2_650M,truncate,cls,4,1280
0.8347619047619048,0.6295635792396925,0.8244714501317174,0.8347619047619048,0.8197695803555767,0.661103641328392,0.6295635792396925,0.6233572239672903,0.7774465029293793,0.7753095159981351,0.9756920841405242,True,5.442819566000253,0.010210430016741157,LR,raw,esm2_650M,truncate,max,0,1280
0.8428571428571429,0.6644267451271028,0.8341466738545447,0.8428571428571429,0.8289536439961258,0.6954755919526805,0.6644267451271028,0.6622904170423787,0.7885153203411717,0.7863627283421748,0.973379078455075,True,5.905703532975167,0.009639939060434699,LR,raw,esm2_650M,truncate,max,1,1280
0.8347619047619048,0.6447592884265442,0.824367650730803,0.8347619047619048,0.8220700245063896,0.6763299346664632,0.6447592884265442,0.644747337915112,0.7768215517090754,0.7751819647004524,0.9715076141494842,True,3.9464229620061815,0.009830927941948175,LR,raw,esm2_650M,truncate,max,2,1280
0.8328571428571429,0.630818680821347,0.8261765936457683,0.8328571428571429,0.818522982187767,0.6645444584663326,0.630818680821347,0.624972613724965,0.774910716227443,0.7727231381782269,0.975254904209795,True,4.638743040151894,0.009983413852751255,LR,raw,esm2_650M,truncate,max,3,1280
0.8352380952380952,0.6458995166219444,0.8392311971397141,0.8352380952380952,0.8235692143756292,0.7494111467110982,0.6458995166219444,0.6559818137589665,0.7780963504881302,0.7759396979903956,0.9715143453203059,True,5.9179550188127905,0.009876132011413574,LR,raw,esm2_650M,truncate,max,4,1280
0.8338095238095238,0.6189657234115754,0.8173298520574505,0.8338095238095238,0.8143461700952996,0.668678485618594,0.6189657234115754,0.6178594215697172,0.7751439296061121,0.7727639150709397,0.9770161684676815,True,0.5012323360424489,0.04921318800188601,RF,raw,esm2_650M,truncate,max,0,1280
0.8447619047619047,0.6514948639299223,0.8350764583344721,0.8447619047619047,0.8267252717449393,0.7165551328251826,0.6514948639299223,0.65696445524801,0.7907775353011561,0.7879023805680659,0.9799146033442484,True,0.4113827620167285,0.049115574918687344,RF,raw,esm2_650M,truncate,max,1,1280
0.8338095238095238,0.6237082161496027,0.8160431703339543,0.8338095238095238,0.814335584304044,0.6849060398691226,0.6237082161496027,0.629522950091822,0.7748408663743219,0.7724438825314897,0.9760024232536815,True,0.41836826293729246,0.04844763991422951,RF,raw,esm2_650M,truncate,max,2,1280
0.8323809523809523,0.6092474925847561,0.8177056703068392,0.8323809523809523,0.8125518587876613,0.6786212601186863,0.6092474925847561,0.6060577803557436,0.7735460406188815,0.7708804272931252,0.9781442889771687,True,0.41225742385722697,0.049397865077480674,RF,raw,esm2_650M,truncate,max,3,1280
0.8271428571428572,0.6010704772253802,0.8088948634913905,0.8271428571428572,0.8089461776197386,0.6590774782211242,0.6010704772253802,0.6119897274667238,0.7660402131139737,0.7635163013366308,0.9781101262524278,True,0.412310304120183,0.04920971114188433,RF,raw,esm2_650M,truncate,max,4,1280
0.820952380952381,0.6101147932330538,0.8079953672215746,0.820952380952381,0.808168200244155,0.6044354352831955,0.6101147932330538,0.5906907838805314,0.7578185626195472,0.7565615990721223,0.8816256327539862,True,2.1384671879932284,0.001986672170460224,DT,raw,esm2_650M,truncate,max,0,1280
0.819047619047619,0.618336960884414,0.8115524709607561,0.819047619047619,0.8093632660680243,0.6314789138932774,0.618336960884414,0.6108033759903706,0.7554393294747558,0.7541713093273504,0.8842534830627319,True,2.1413227620068938,0.002022590022534132,DT,raw,esm2_650M,truncate,max,1,1280
0.809047619047619,0.6075967731782185,0.7981602123212843,0.809047619047619,0.7973310021341107,0.6171330406259584,0.6075967731782185,0.599818218353466,0.7419285304775602,0.7402924231447839,0.8846538482671438,True,2.1392524018883705,0.002106347121298313,DT,raw,esm2_650M,truncate,max,2,1280
0.8023809523809524,0.5797519957804501,0.7969165345403909,0.8023809523809524,0.7936608871771251,0.5927955652488168,0.5797519957804501,0.5681065218983673,0.733159798998573,0.732021041037526,0.8800773907144599,True,2.2057606601156294,0.002064798027276993,DT,raw,esm2_650M,truncate,max,3,1280
0.8085714285714286,0.6026779327090577,0.802230716898255,0.8085714285714286,0.7978099477293352,0.6306258581643063,0.6026779327090577,0.5979074119839813,0.7413092973670865,0.7399328729839176,0.8848668508626283,True,2.375720864161849,0.0019352149683982134,DT,raw,esm2_650M,truncate,max,4,1280
0.7718631178707225,0.604302115664714,0.7556999904552432,0.7718631178707225,0.7597866086352902,0.5974754112192507,0.604302115664714,0.5897616762622806,0.7202309509391681,0.7197075105834987,0.9295815903902767,True,3.162696726154536,0.004936062963679433,LR,dedup,esm2_650M,window,mean,0,1280
0.7186311787072244,0.5408954871114219,0.7095952481312018,0.7186311787072244,0.712661305146303,0.5426497929021715,0.5408954871114219,0.5383735622490623,0.6551251979269606,0.6548440809892113,0.94688479975642,True,3.3887704890221357,0.0035593360662460327,LR,dedup,esm2_650M,window,mean,1,1280
0.7566539923954373,0.5599629656291248,0.7504534948964893,0.7566539923954373,0.7498718553473132,0.60073150176655,0.5599629656291248,0.5680125475635152,0.7027658663707058,0.7021271575370749,0.9559744336324303,True,4.041033619781956,0.004160244017839432,LR,dedup,esm2_650M,window,mean,2,1280
0.7515842839036755,0.5853117980155914,0.7572607549757568,0.7515842839036755,0.750758318817378,0.6257008494579508,0.5853117980155914,0.5906983031391273,0.6970673421655053,0.6967812269611457,0.9478061991632203,True,4.022164575057104,0.0036267931573092937,LR,dedup,esm2_650M,window,mean,3,1280
0.7693282636248415,0.5925005231980414,0.7568457864753326,0.7693282636248415,0.7596315798211145,0.5954077043861412,0.5925005231980414,0.5839471652226462,0.7174684042975782,0.7172076425895948,0.9519351664372505,True,3.8019387151580304,0.0036857440136373043,LR,dedup,esm2_650M,window,mean,4,1280
0.6958174904942965,0.486133273675674,0.6780932379474859,0.6958174904942965,0.6742006582277664,0.6081486991064077,0.486133273675674,0.5203713133868736,0.6194344509397727,0.6169817694163907,0.9311981366438076,True,0.5399365830235183,0.048224992118775845,RF,dedup,esm2_650M,window,mean,0,1280
0.6780735107731305,0.45341150718817674,0.6414766059940901,0.6780735107731305,0.6499049838985708,0.5485375537683296,0.45341150718817674,0.481591382110297,0.5948623722381386,0.5913325951438552,0.9308424712086842,True,0.42639704584144056,0.048622849164530635,RF,dedup,esm2_650M,window,mean,1,1280
0.6907477820025348,0.44070842861229614,0.6734376629105701,0.6907477820025348,0.6691754794706315,0.6010625297755718,0.44070842861229614,0.4841390958611442,0.6125596003048371,0.6097717202265366,0.9026655583012787,True,0.4353307990822941,0.04873378691263497,RF,dedup,esm2_650M,window,mean,2,1280
0.6869455006337135,0.4496076587234327,0.6632727731166614,0.6869455006337135,0.6697491073162275,0.5295324497117005,0.4496076587234327,0.47655154963840823,0.6102932987893354,0.6089168318898048,0.936987582412695,True,0.42640553298406303,0.04838859895244241,RF,dedup,esm2_650M,window,mean,3,1280
0.7224334600760456,0.4750723148885598,0.7152084146350759,0.7224334600760456,0.703691093869934,0.6471856349476088,0.4750723148885598,0.5120776015168249,0.6542836520771761,0.652547314742574,0.9291541073200539,True,0.41868470795452595,0.04869979410432279,RF,dedup,esm2_650M,window,mean,4,1280
0.6083650190114068,0.40671725162620836,0.6160896939065188,0.6083650190114068,0.6102756502866387,0.3823335145772413,0.40671725162620836,0.3866489959637009,0.5233572455944381,0.5231266956023386,0.6935309902176326,True,2.479959418065846,0.0008944810833781958,DT,dedup,esm2_650M,window,mean,0,1280
0.5906210392902408,0.3727983835682791,0.5762751686521347,0.5906210392902408,0.5810695854757895,0.38701805355393987,0.3727983835682791,0.3695202717318594,0.49472400424735674,0.4942819552676855,0.6758934132528845,True,2.507118367124349,0.0010996460914611816,DT,dedup,esm2_650M,window,mean,1,1280
0.605830164765526,0.34661033901698013,0.6118111720837153,0.605830164765526,0.6076931962709134,0.3414862218669285,0.34661033901698013,0.3412235485724018,0.5196143070660029,0.5194752549701556,0.6635522055079819,True,2.450803081970662,0.000983398174867034,DT,dedup,esm2_650M,window,mean,2,1280
0.5956907477820025,0.3644829574431393,0.6206833781355103,0.5956907477820025,0.6057541593434947,0.3702673811316137,0.3644829574431393,0.3614432246910573,0.5091720021070092,0.508768129094965,0.6722112087319437,True,2.4785349150188267,0.0009091680403798819,DT,dedup,esm2_650M,window,mean,3,1280
0.6349809885931559,0.41059956773579404,0.6361939118632408,0.6349809885931559,0.6318229072240228,0.43866716304682574,0.41059956773579404,0.40738995805162354,0.5536502429135434,0.5533558458508434,0.6961374269931372,True,2.4454922662116587,0.0009008529596030712,DT,dedup,esm2_650M,window,mean,4,1280
0.7566539923954373,0.5875181530755419,0.747979754397004,0.7566539923954373,0.7453748833461112,0.6419248465203876,0.5875181530755419,0.5935790203432094,0.7005491924481941,0.7000095054022369,0.9286346455688598,True,2.438068035058677,0.0053227918688207865,LR,dedup,esm2_650M,window,cls,0,1280
0.7287705956907478,0.5521339679394092,0.7197836959171585,0.7287705956907478,0.7213948964509499,0.5798987677647212,0.5521339679394092,0.5585238637690514,0.6672583303352968,0.6666943029728769,0.9442975967068257,True,2.5085324940737337,0.003872987814247608,LR,dedup,esm2_650M,window,cls,1,1280
0.7477820025348543,0.5579663374733547,0.7398078848815799,0.7477820025348543,0.7394150951702283,0.572204421841153,0.5579663374733547,0.5563754642258837,0.6918517031042262,0.6909718941898912,0.9521784895298798,True,2.399068171158433,0.003417602041736245,LR,dedup,esm2_650M,window,cls,2,1280
0.7503168567807351,0.5589163634438297,0.7496269712990388,0.7503168567807351,0.7463813029596964,0.5931778684891408,0.5589163634438297,0.563508132412299,0.6951410812861064,0.6946600425499313,0.9344330666977659,True,3.1523503579664975,0.0038950990419834852,LR,dedup,esm2_650M,window,cls,3,1280
0.7541191381495564,0.5502083303217183,0.7443770436840933,0.7541191381495564,0.7447495140465799,0.5500613236488756,0.5502083303217183,0.5362266684618545,0.699114611795686,0.6985970128680996,0.9465710010983268,True,3.0363731388933957,0.004481028998270631,LR,dedup,esm2_650M,window,cls,4,1280
0.7173637515842839,0.49584247023230804,0.6896393616605042,0.7173637515842839,0.6951361336168387,0.5672148191729893,0.49584247023230804,0.5155331891079606,0.6477676973365711,0.6457873238217371,0.9377711722092578,True,0.5227040329482406,0.04771254491060972,RF,dedup,esm2_650M,window,cls,0,1280
0.679340937896071,0.46335729690388733,0.6546617202059432,0.679340937896071,0.6567528120622107,0.5764214853473881,0.46335729690388733,0.4887864124351626,0.598266499196117,0.5956346031135105,0.9432514993290028,True,0.3961515501141548,0.047666018130257726,RF,dedup,esm2_650M,window,cls,1,1280
0.6894803548795945,0.4677674286569841,0.6734525887245344,0.6894803548795945,0.6705122701214105,0.5409069515393625,0.4677674286569841,0.4799754168096328,0.614462647158394,0.6126843108143036,0.941753533569084,True,0.3984973889309913,0.04788808594457805,RF,dedup,esm2_650M,window,cls,2,1280
0.7122940430925222,0.46920440493653043,0.7001668159107087,0.7122940430925222,0.6985398987619216,0.5475658243294969,0.46920440493653043,0.48895874811692397,0.6453537203855289,0.6442833054286106,0.9205775910788178,True,0.40224570292048156,0.047926047118380666,RF,dedup,esm2_650M,window,cls,3,1280
0.7008871989860583,0.4418602140071362,0.6836812441173233,0.7008871989860583,0.6827338105512905,0.5354487418484581,0.4418602140071362,0.46327519797822103,0.627812860848015,0.6264968888781908,0.9302779799266461,True,0.392800894100219,0.04744510306045413,RF,dedup,esm2_650M,window,cls,4,1280
0.6210392902408112,0.42778227258161433,0.623346961913858,0.6210392902408112,0.6203715360118935,0.4304778927235047,0.42778227258161433,0.4250111565829874,0.5370296920046441,0.5368736601568942,0.7043646447560241,True,2.364265254000202,0.0010613740887492895,DT,dedup,esm2_650M,window,cls,0,1280
0.6121673003802282,0.40275538383084886,0.6161803761780809,0.6121673003802282,0.6123433901260318,0.38688896082197904,0.40275538383084886,0.39000881501324647,0.5270226206417368,0.5266751751192458,0.6916610889294463,True,2.1126867081038654,0.0008692441042512655,DT,dedup,esm2_650M,window,cls,1,1280
0.6007604562737643,0.38716663705476434,0.6027475003290538,0.6007604562737643,0.5996550152809591,0.3776782071687709,0.38716663705476434,0.3728342839329745,0.5131034675286251,0.5129658261856191,0.6835995351245256,True,2.0178704888094217,0.0008734909351915121,DT,dedup,esm2_650M,window,cls,2,1280
0.6185044359949303,0.3697223928274218,0.6371863728344357,0.6185044359949303,0.6256260935842354,0.38797039275639683,0.3697223928274218,0.366072722833882,0.5365879007365918,0.5363453732934279,0.6753837223833473,True,2.336925690062344,0.0008564288727939129,DT,dedup,esm2_650M,window,cls,3,1280
0.6070975918884665,0.37762144319670293,0.6157100991223106,0.6070975918884665,0.6093665560727047,0.3812042213842359,0.37762144319670293,0.3759589898415023,0.5207611766654063,0.520508603164459,0.6789836065528575,True,2.1572934968862683,0.0008634820114821196,DT,dedup,esm2_650M,window,cls,4,1280
0.7743979721166033,0.6448978486658441,0.7708338595609769,0.7743979721166033,0.7683305912335662,0.6614084332608443,0.6448978486658441,0.6372860344978578,0.7248309849081648,0.7242602016775045,0.9495627115071815,True,2.001835979986936,0.005325006088241935,LR,dedup,esm2_650M,window,max,0,1280
0.7579214195183777,0.6109649264880541,0.7581698583826852,0.7579214195183777,0.7552212992148223,0.6413998783145003,0.6109649264880541,0.6208244765036758,0.7038498864209463,0.7033869615364933,0.9556112511161502,True,5.447253725025803,0.003695765044540167,LR,dedup,esm2_650M,window,max,1,1280
0.7541191381495564,0.590385480030389,0.7549084755108131,0.7541191381495564,0.7487254493511185,0.6520544165058376,0.590385480030389,0.6059151172623587,0.699571339962715,0.6988318533923867,0.9598923646770661,True,2.171568701043725,0.003655108856037259,LR,dedup,esm2_650M,window,max,2,1280
0.7591888466413181,0.6019241199827273,0.7560930075542037,0.7591888466413181,0.7548295376061962,0.6198927513394377,0.6019241199827273,0.6036079375792452,0.7060497348847798,0.7056114684078747,0.9566556861328374,True,2.272698262007907,0.004472744883969426,LR,dedup,esm2_650M,window,max,3,1280
0.7693282636248415,0.5987042495045821,0.769341095468276,0.7693282636248415,0.7665908834041016,0.6337708490269368,0.5987042495045821,0.6064248408715878,0.718005946790853,0.717809495174593,0.951899561429213,True,2.132520838174969,0.00450255093164742,LR,dedup,esm2_650M,window,max,4,1280
0.7389100126742713,0.5580687410654686,0.7273811292982836,0.7389100126742713,0.7204884200536636,0.6267497510465101,0.5580687410654686,0.5671114914575613,0.6777397693580438,0.6762174168550853,0.9606903908909878,True,0.4072274819482118,0.04884161800146103,RF,dedup,esm2_650M,window,max,0,1280
0.7313054499366286,0.5429586470069306,0.7033211673547788,0.7313054499366286,0.7107438348612143,0.6045137581809077,0.5429586470069306,0.5587146037874028,0.6674018811629562,0.665894995455862,0.9647052346901922,True,0.32988627278245986,0.047786294016987085,RF,dedup,esm2_650M,window,max,1,1280
0.7275031685678074,0.5037229387545096,0.7238469645253954,0.7275031685678074,0.7122193482927711,0.6383416757246816,0.5037229387545096,0.5289325546467102,0.6648259920544035,0.6631111305294181,0.9674343561939112,True,0.30986039200797677,0.04810009291395545,RF,dedup,esm2_650M,window,max,2,1280
0.7680608365019012,0.548700058188779,0.753474393085952,0.7680608365019012,0.7546172869991784,0.5995542596950018,0.548700058188779,0.5589500173164729,0.7153316609157262,0.7143899877160813,0.9640855803102696,True,0.3261692179366946,0.048324745846912265,RF,dedup,esm2_650M,window,max,3,1280
0.7376425855513308,0.516950912338747,0.7271718780578212,0.7376425855513308,0.7229271406841162,0.5981999177320059,0.516950912338747,0.5343556870739681,0.6762748698957021,0.6754725154193425,0.9507261144256011,True,0.310966620920226,0.04814556892961264,RF,dedup,esm2_650M,window,max,4,1280
0.7135614702154626,0.560640916736572,0.7211755203205872,0.7135614702154626,0.7118076266245867,0.5639384738168138,0.560640916736572,0.5382659393819836,0.6493709542660583,0.6491456590349214,0.7732264950699247,True,1.70516138500534,0.0008411200251430273,DT,dedup,esm2_650M,window,max,0,1280
0.6489226869455006,0.4594518223198623,0.6646430077612967,0.6489226869455006,0.6525811332322078,0.46549665606879087,0.4594518223198623,0.44691277789688083,0.5721700141868866,0.5718919744803714,0.7211654348778455,True,1.7192241398151964,0.0008419330697506666,DT,dedup,esm2_650M,window,max,1,1280
0.6615969581749049,0.416453965344645,0.6817600710476528,0.6615969581749049,0.6671313505921556,0.4588831827039467,0.416453965344645,0.4224986739829004,0.5877778253805009,0.5873164195419525,0.7000183269271738,True,1.6621460157912225,0.0008304209914058447,DT,dedup,esm2_650M,window,max,2,1280
0.670468948035488,0.48176383411362517,0.6765846055634177,0.670468948035488,0.67247764921381,0.4875784095116296,0.48176383411362517,0.4808992228840145,0.5980266096130921,0.5978711517539474,0.7328480426879064,True,1.5593145170714706,0.0008403300307691097,DT,dedup,esm2_650M,window,max,3,1280
0.697084917617237,0.5500795269151969,0.7071716071276569,0.697084917617237,0.6974423838912939,0.5456093840079023,0.5500795269151969,0.5316641535956091,0.629656591527773,0.6293714265498136,0.7675810917518144,True,1.766492489958182,0.0008456590585410595,DT,dedup,esm2_650M,window,max,4,1280
0.8376190476190476,0.643391652165729,0.8269545898620448,0.8376190476190476,0.8240636739744693,0.6820984059501677,0.643391652165729,0.6386396117334093,0.7808530808306058,0.7793078878399602,0.9756339382302205,True,9.461629166966304,0.011375804897397757,LR,raw,esm2_650M,window,mean,0,1280
0.85,0.6688897462099047,0.842548617864551,0.85,0.8374074998025425,0.735555135862026,0.6688897462099047,0.6682679910568422,0.7972642656495463,0.796050376019594,0.9695948413131188,True,9.814563780091703,0.008944517001509666,LR,raw,esm2_650M,window,mean,1,1280
0.8357142857142857,0.6388971541047742,0.8226278403220565,0.8357142857142857,0.821791373605052,0.6534527978380645,0.6388971541047742,0.6298595120575154,0.7781201051286387,0.7766776915038884,0.9662914761459862,True,8.575238339137286,0.008308182004839182,LR,raw,esm2_650M,window,mean,2,1280
0.8271428571428572,0.6296833893850313,0.8202195380011962,0.8271428571428572,0.8186359095831108,0.6245199581939366,0.6296833893850313,0.6172219758395148,0.7668892719226446,0.7656631137509917,0.9701835532431068,True,10.021098065190017,0.012376796221360564,LR,raw,esm2_650M,window,mean,3,1280
0.8333333333333334,0.6510141922253693,0.826572353917478,0.8333333333333334,0.8210783798207065,0.6935714458280545,0.6510141922253693,0.6481491756123895,0.7750759294452746,0.7735417242440684,0.9698815861785399,True,11.096554985037073,0.01210608915425837,LR,raw,esm2_650M,window,mean,4,1280
0.8157142857142857,0.5691181217303646,0.7955117455043237,0.8157142857142857,0.7932829599565241,0.6672854069759105,0.5691181217303646,0.5866189455806464,0.747502280050354,0.7447132523883462,0.9714524503533822,True,0.6588479578495026,0.04863805486820638,RF,raw,esm2_650M,window,mean,0,1280
0.8295238095238096,0.6023383190657702,0.8231520473888732,0.8295238095238096,0.8124480452184237,0.7386731909118144,0.6023383190657702,0.6273487773737426,0.7677322725932489,0.7652307268572863,0.9686824769623446,True,0.6110291020013392,0.048887633020058274,RF,raw,esm2_650M,window,mean,1,1280
0.809047619047619,0.5691073396909728,0.7964073209232807,0.809047619047619,0.7941435878996563,0.6791525651563772,0.5691073396909728,0.5976351096669325,0.7376377860688238,0.7357548120959718,0.9692865126939121,True,0.5994427700061351,0.04890792188234627,RF,raw,esm2_650M,window,mean,2,1280
0.8128571428571428,0.5746521930559889,0.79792199884003,0.8128571428571428,0.794100899709364,0.6717338482691054,0.5746521930559889,0.5862565016133475,0.7441769867170512,0.7418630400920823,0.9726761986994631,True,0.5930016471538693,0.04898164118640125,RF,raw,esm2_650M,window,mean,3,1280
0.8233333333333334,0.6070670026628162,0.8135649099143533,0.8233333333333334,0.8021441424824479,0.7483147296623671,0.6070670026628162,0.6299479234938814,0.7584682493256486,0.7556214745708005,0.9690329553187563,True,0.5805933019146323,0.04980425606481731,RF,raw,esm2_650M,window,mean,4,1280
0.7885714285714286,0.5426955604254601,0.7821885904651971,0.7885714285714286,0.7799504518279138,0.5569828522053354,0.5426955604254601,0.535333743066069,0.7136604016039327,0.7126225992552351,0.8425106226767877,True,3.436373800970614,0.002010198077186942,DT,raw,esm2_650M,window,mean,0,1280
0.7947619047619048,0.563590166531601,0.7905984250484467,0.7947619047619048,0.7883147052956438,0.5837995484411679,0.563590166531601,0.5578523150903956,0.7216812323467348,0.7210089421396404,0.8435195469764273,True,3.2895789318718016,0.001959602115675807,DT,raw,esm2_650M,window,mean,1,1280
0.7780952380952381,0.5335502134878718,0.7700813184745269,0.7780952380952381,0.7687286007101701,0.5527870918616679,0.5335502134878718,0.5317053518531849,0.6986907925369072,0.6975555964886038,0.8393064872484117,True,3.31390587403439,0.0020343130454421043,DT,raw,esm2_650M,window,mean,2,1280
0.7761904761904762,0.5221700428586843,0.7711667896632864,0.7761904761904762,0.7695332588643831,0.5296448438956017,0.5221700428586843,0.5168526321267062,0.6965671261912121,0.6955938833800737,0.8378323444142879,True,3.517714186105877,0.0019731479696929455,DT,raw,esm2_650M,window,mean,3,1280
0.7752380952380953,0.5492807853587188,0.774183977881941,0.7752380952380953,0.7712296294032795,0.5486569093971282,0.5492807853587188,0.5407046947311085,0.6961833419819805,0.6954410175072253,0.8462186616934076,True,3.706962970085442,0.0019919329788535833,DT,raw,esm2_650M,window,mean,4,1280
0.8280952380952381,0.6153334647746228,0.8167312833531406,0.8280952380952381,0.8161237000479578,0.6382533033842018,0.6153334647746228,0.6113596568297633,0.7677709725994378,0.7662224245149138,0.9713012617237266,True,9.464951772009954,0.010111379902809858,LR,raw,esm2_650M,window,cls,0,1280
0.8447619047619047,0.6474974050351547,0.8297986046995297,0.8447619047619047,0.831111507336167,0.6742713598917974,0.6474974050351547,0.6418816443996392,0.7899283794372132,0.7887685074393843,0.9649235866067358,True,9.280707391910255,0.008459415985271335,LR,raw,esm2_650M,window,cls,1,1280
0.83,0.6232986215303111,0.8192218093383418,0.83,0.8189901959771007,0.6420082540811145,0.6232986215303111,0.6199114835683137,0.7699328216427761,0.7688002097050252,0.9619712797343474,True,8.799053134862334,0.012843865202739835,LR,raw,esm2_650M,window,cls,2,1280
0.8233333333333334,0.6051458321192197,0.8134828843508823,0.8233333333333334,0.8120192474064577,0.64335391248725,0.6051458321192197,0.6054068167087385,0.7613133169620396,0.7600535883399164,0.9672017639393243,True,9.004673471907154,0.008631119038909674,LR,raw,esm2_650M,window,cls,3,1280
0.829047619047619,0.6311220854731189,0.819506143345277,0.829047619047619,0.8147741362801622,0.6609577509145305,0.6311220854731189,0.6206480012011875,0.7698989374834975,0.7679199420769549,0.9627371204143021,True,9.415402855025604,0.009734351886436343,LR,raw,esm2_650M,window,cls,4,1280
0.8176190476190476,0.5711641280904479,0.7999435342788422,0.8176190476190476,0.7988692116951965,0.6524793115663695,0.5711641280904479,0.5848294205870848,0.751353818979693,0.7491545701242874,0.9675896069951581,True,0.6429529399611056,0.048518269788473845,RF,raw,esm2_650M,window,cls,0,1280
0.829047619047619,0.6093320750456446,0.8179868631710606,0.829047619047619,0.810236788324921,0.7301909161831407,0.6093320750456446,0.62446480640504,0.7679972832446186,0.7653601343787085,0.9697697224649526,True,0.5718299851287156,0.04948270204477012,RF,raw,esm2_650M,window,cls,1,1280
0.8095238095238095,0.5815309934308309,0.800084679859057,0.8095238095238095,0.796412761269605,0.6754615543859995,0.5815309934308309,0.6003599945252153,0.7392526027710448,0.7378571696064113,0.9682839083184269,True,0.5523563819006085,0.04927018191665411,RF,raw,esm2_650M,window,cls,2,1280
0.8133333333333334,0.5704827443030296,0.8031948578936409,0.8133333333333334,0.7958066744051269,0.6809431559303237,0.5704827443030296,0.5862378661009275,0.7465363836766232,0.7439450564319341,0.9704400795370577,True,0.5654024169780314,0.048974046017974615,RF,raw,esm2_650M,window,cls,3,1280
0.8176190476190476,0.5814568589807885,0.8088705868646803,0.8176190476190476,0.8002536542867913,0.708836193564585,0.5814568589807885,0.6015830928141779,0.7517711868577162,0.7494323831930595,0.9691269329451473,True,0.5635272029321641,0.04893675586208701,RF,raw,esm2_650M,window,cls,4,1280
0.7823809523809524,0.5474502740171687,0.7760226313589458,0.7823809523809524,0.7737493399488201,0.5504841574917768,0.5474502740171687,0.5335193953468457,0.7059382212811935,0.7048962862810444,0.8425227254218189,True,2.843539668014273,0.0019855110440403223,DT,raw,esm2_650M,window,cls,0,1280
0.8014285714285714,0.5801328438669052,0.8048807664868474,0.8014285714285714,0.7954143733163364,0.6254539511726644,0.5801328438669052,0.5775592655683784,0.7319827352182138,0.7308624020584401,0.8508724883168817,True,3.108732516877353,0.002003655070438981,DT,raw,esm2_650M,window,cls,1,1280
0.7814285714285715,0.5537216595956376,0.7763529358867108,0.7814285714285715,0.7734184627836319,0.5667970114649095,0.5537216595956376,0.5495840137532556,0.7036803105059907,0.7023854551427664,0.8485965444078158,True,2.876766133820638,0.001981673063710332,DT,raw,esm2_650M,window,cls,2,1280
0.7866666666666666,0.543368554512136,0.7825142370214198,0.7866666666666666,0.7800871278139571,0.5471704394692636,0.543368554512136,0.5342877600670054,0.7119687951907577,0.710821686898083,0.8465388142991778,True,2.952232029987499,0.0019026249647140503,DT,raw,esm2_650M,window,cls,3,1280
0.7761904761904762,0.5504209943639885,0.7760515145319421,0.7761904761904762,0.772540926576196,0.5613130544636218,0.5504209943639885,0.5462462501397517,0.6976117753800236,0.6969198210138048,0.8468397381012781,True,3.3461572469677776,0.001993105048313737,DT,raw,esm2_650M,window,cls,4,1280
0.8333333333333334,0.6344843161924335,0.8241587681177371,0.8333333333333334,0.81938796040467,0.6798382153226149,0.6344843161924335,0.6330488288911731,0.7753094217196235,0.7733306729241792,0.9749391322960869,True,4.7818321760278195,0.009423477808013558,LR,raw,esm2_650M,window,max,0,1280
0.8457142857142858,0.6743648802824526,0.8403559003757953,0.8457142857142858,0.8342542625186582,0.7384445974094382,0.6743648802824526,0.6810875065027168,0.7918487447644015,0.7902602326742745,0.9746882999106184,True,4.676116396905854,0.009393120184540749,LR,raw,esm2_650M,window,max,1,1280
0.8342857142857143,0.6448386093060736,0.8305843407426222,0.8342857142857143,0.8272567477848838,0.6866623860842627,0.6448386093060736,0.6543796695708728,0.7757609646195126,0.7745933241624359,0.9678610662123494,True,4.460117276990786,0.008669239934533834,LR,raw,esm2_650M,window,max,2,1280
0.8304761904761905,0.624305246803352,0.8237390958866309,0.8304761904761905,0.8197562519234898,0.6566414924703954,0.624305246803352,0.6236630923173364,0.7711243753663422,0.7695234536706996,0.9768088198192959,True,4.823202183004469,0.008339931955561042,LR,raw,esm2_650M,window,max,3,1280
0.8366666666666667,0.6597344609417958,0.8414487856143192,0.8366666666666667,0.8265343965984143,0.743109637559385,0.6597344609417958,0.6652597490452031,0.7797248188005697,0.7779534913830973,0.9757580382194436,True,5.156812854111195,0.009487698087468743,LR,raw,esm2_650M,window,max,4,1280
0.8371428571428572,0.6164878626351376,0.8224016648679863,0.8371428571428572,0.8198254233226968,0.6766294539578351,0.6164878626351376,0.6207925406571297,0.7793676238561114,0.7773077806776206,0.9825162189211465,True,0.49920364399440587,0.0489737861789763,RF,raw,esm2_650M,window,max,0,1280
0.8480952380952381,0.6403819137995227,0.8424247568988136,0.8480952380952381,0.8320519420980398,0.7446391973948092,0.6403819137995227,0.649256357017781,0.7955431831296715,0.7927533272696898,0.9810792078782321,True,0.4404356530867517,0.04944877908565104,RF,raw,esm2_650M,window,max,1,1280
0.8280952380952381,0.6210363457957917,0.8253508329725783,0.8280952380952381,0.8165931586822515,0.7064765238469352,0.6210363457957917,0.6357778324783016,0.7664431904104286,0.7648913029320203,0.9785319699302807,True,0.4397567978594452,0.04911371786147356,RF,raw,esm2_650M,window,max,2,1280
0.8276190476190476,0.6034683277686486,0.8158092713438437,0.8276190476190476,0.8090880107219928,0.6772140813838559,0.6034683277686486,0.6042313806276559,0.7671163328091829,0.7644812872296624,0.9805481134653458,True,0.4294599387794733,0.04903795593418181,RF,raw,esm2_650M,window,max,3,1280
0.8276190476190476,0.614201960827622,0.821218333571603,0.8276190476190476,0.811370981479649,0.7241626149634866,0.614201960827622,0.6283809469717143,0.766558715220049,0.764194472249424,0.9789343532876729,True,0.4406853630207479,0.04904204420745373,RF,raw,esm2_650M,window,max,4,1280
0.8152380952380952,0.6138254257266644,0.805723863538994,0.8152380952380952,0.8037601281731588,0.6270653154720731,0.6138254257266644,0.6025701175968199,0.7500556597067468,0.7487705233947429,0.881267800251831,True,2.1261984170414507,0.0019321201834827662,DT,raw,esm2_650M,window,max,0,1280
0.8261904761904761,0.6416017790949214,0.8275138272667466,0.8261904761904761,0.8208126640015848,0.6627149469743207,0.6416017790949214,0.6387407410574444,0.7653366787960089,0.7640853220135326,0.8835589810169597,True,2.2010840729344636,0.0019727470353245735,DT,raw,esm2_650M,window,max,1,1280
0.809047619047619,0.5938958327746797,0.8054402317635067,0.809047619047619,0.8005830689413033,0.6101941264606565,0.5938958327746797,0.5841263079994042,0.7420577332835443,0.7406370147107877,0.874370088853647,True,2.171558110974729,0.0019092781003564596,DT,raw,esm2_650M,window,max,2,1280
0.8019047619047619,0.5692132313756578,0.7966031489005511,0.8019047619047619,0.7947116483962399,0.5942481971147582,0.5692132313756578,0.5695598537560858,0.7324080463515221,0.7312997911237273,0.8664820101987306,True,2.3122985649388283,0.0019168518483638763,DT,raw,esm2_650M,window,max,3,1280
0.809047619047619,0.6106954630842879,0.8098991143250759,0.809047619047619,0.8025010783414168,0.6322755498378251,0.6106954630842879,0.5997376646451964,0.7421492557673274,0.7412412736915108,0.8780670290305458,True,2.186709432164207,0.001941618975251913,DT,raw,esm2_650M,window,max,4,1280
