accuracy,balanced_accuracy,precision_weighted,recall_weighted,f1_weighted,precision_macro,recall_macro,f1_macro,mcc,kappa,roc_auc_ovr_macro,roc_auc_available,roc_auc_ovr_weighted,roc_auc_ovo_macro,roc_auc_hardlabel_ovr_weighted,roc_auc_hardlabel_ovr_macro,train_time,test_time,classifier,corpus,embedding,split,m,k,dim,shard
0.5551330798479087,0.3343342159497772,0.6820746678031292,0.5551330798479087,0.5924404183064819,0.6297496358466613,0.3343342159497772,0.3887954621161578,0.4724272493651029,0.467973396652681,0.6583124689707521,True,0.7632070909653813,0.6527987582622679,0.7595462260763473,0.6562373909783589,0.1519917759578675,2.886822044965811,NB,dedup,Murmur2Vec,0,27235,3,27235,0
0.5158428390367554,0.2524779675624614,0.5899907745596541,0.5158428390367554,0.5208813664516313,0.5008190712912406,0.2524779675624614,0.3022984495773892,0.3986896865067328,0.3946421254750104,0.6219261350518518,True,0.719923650949898,0.6168736098820012,0.7093740450334474,0.6130287131009329,0.1527876430191099,2.8964162140036933,NB,dedup,Murmur2Vec,1,27235,3,27235,0
0.5551330798479087,0.2922951014290456,0.6155120684520594,0.5551330798479087,0.5691988703425171,0.4396957819476307,0.2922951014290456,0.3229250812263265,0.4591114872168363,0.4563544956822684,0.6459787096503624,True,0.7596854479836159,0.640382206415852,0.7474977750932759,0.6346701768551263,0.1535348489996977,2.891521494020708,NB,dedup,Murmur2Vec,2,27235,3,27235,0
0.6108998732572877,0.2990435362342118,0.6297484083159772,0.6108998732572877,0.6000430148332135,0.5244422229239124,0.2990435362342118,0.3478566270860671,0.5119586604746548,0.5080368023397515,0.6482066587520207,True,0.7820100567742532,0.6422981404957554,0.767806200460254,0.638967504501663,0.1567976620281115,2.8929467679699883,NB,dedup,Murmur2Vec,3,27235,3,27235,0
0.5462610899873257,0.2925999103310679,0.6069667641602694,0.5462610899873257,0.5545601759064807,0.500142716145124,0.2925999103310679,0.338516869001959,0.4419138331952496,0.4387031005641545,0.6392440888896688,True,0.7468611339218955,0.6343484157320631,0.7335225955781269,0.6341873458736308,0.1550247630220838,2.89536180801224,NB,dedup,Murmur2Vec,4,27235,3,27235,0
0.688212927756654,0.5142783555517297,0.6857266220758513,0.688212927756654,0.6803496709169498,0.5867453564188193,0.5142783555517297,0.5361068750202757,0.6169367918796421,0.6158813529468807,0.8513728005899995,True,0.90732681559285,0.8433410860961711,0.8251856166849365,0.749193069443362,0.0027769210282713,0.6962555819773115,KNN,dedup,Murmur2Vec,0,27235,3,27235,0
0.7008871989860583,0.5032379307511639,0.6988118472480774,0.7008871989860583,0.6932035158432804,0.5946081150279623,0.5032379307511639,0.5278518796214932,0.6321932254188959,0.6311477358266313,0.8693967816014813,True,0.9180426889587584,0.8609265286690424,0.8335793830213342,0.7440543918765518,0.0024370009778067,0.6441213759826496,KNN,dedup,Murmur2Vec,1,27235,3,27235,0
0.6844106463878327,0.4671072042079322,0.6918304820454554,0.6844106463878327,0.6805649405649251,0.588680873194053,0.4671072042079322,0.4988538600679064,0.6125759925431222,0.6114753223021838,0.8330819110218911,True,0.911336281831113,0.8237129661905946,0.8235111386187305,0.7255313811320904,0.0022490220144391,0.6940542589873075,KNN,dedup,Murmur2Vec,2,27235,3,27235,0
0.7110266159695817,0.5011571148069883,0.7119686055044349,0.7110266159695817,0.7010062349751333,0.5932173446582018,0.5011571148069883,0.5244932329773055,0.6455609405743387,0.6440080265017039,0.8613541088639484,True,0.9138065720422568,0.8513835280897317,0.837580997720459,0.7431958754816967,0.0023785419762134,0.7609631450031884,KNN,dedup,Murmur2Vec,3,27235,3,27235,0
0.6996197718631179,0.4799194412381276,0.7097614159257569,0.6996197718631179,0.6920704113994477,0.5846108553889147,0.4799194412381276,0.5070959022318319,0.6315335868140108,0.6293035602067256,0.8473899124780903,True,0.915426801156484,0.8380403325600002,0.8326051154589775,0.7323508622308356,0.0025909569812938,0.8232693719910458,KNN,dedup,Murmur2Vec,4,27235,3,27235,0
0.8149556400506971,0.6817473190947301,0.8069080188857863,0.8149556400506971,0.7996231942139704,0.7140153048695622,0.6817473190947301,0.6746040301522962,0.7742595164016367,0.7724949440687607,0.9789493149387009,True,0.9814319340629862,0.9685762060617832,0.8983107918082647,0.8362514228113771,0.3554249840090051,0.0591823419672437,RF,dedup,Murmur2Vec,0,27235,3,27235,0
0.7972116603295311,0.6830964644903199,0.7810783483577062,0.7972116603295311,0.7867675173348225,0.6871069349278106,0.6830964644903199,0.681286077294198,0.7513493420929358,0.750905689863377,0.9644956710003392,True,0.9782785468341912,0.9529183809055906,0.8891543175159763,0.8365097921322497,0.3381363010266796,0.0595186459831893,RF,dedup,Murmur2Vec,1,27235,3,27235,0
0.8010139416983524,0.6317945438012079,0.792980499872506,0.8010139416983524,0.7880073246326915,0.7140038599353834,0.6317945438012079,0.6398508502534077,0.7566484462150933,0.7557641575280074,0.9614037115442372,True,0.9766044486411172,0.9479601248250652,0.8925389390732924,0.8110126782221172,0.3602612660033628,0.0696272079949267,RF,dedup,Murmur2Vec,2,27235,3,27235,0
0.8060836501901141,0.6467837823829659,0.8002217974739614,0.8060836501901141,0.7961611758718594,0.6691626816203488,0.6467837823829659,0.645020077385086,0.7632207952724448,0.7620627261761158,0.9682728031458104,True,0.9811131229082948,0.955929251800637,0.8950569855662227,0.8186217541717657,0.3453496929723769,0.0491656099911779,RF,dedup,Murmur2Vec,3,27235,3,27235,0
0.7870722433460076,0.6359515608729204,0.7653523755912447,0.7870722433460076,0.7713876318722649,0.6282202846104527,0.6359515608729204,0.6243270984383058,0.7391498627245547,0.7384194894767482,0.9486546490634328,True,0.9749028922858076,0.9352164368589246,0.8843364083792594,0.8127183444536993,0.3387938810046762,0.0693537509650923,RF,dedup,Murmur2Vec,4,27235,3,27235,0
0.7832699619771863,0.7003492257802982,0.7877452528330096,0.7832699619771863,0.7715351789912963,0.7453018444337313,0.7003492257802982,0.695050907459312,0.7374107632692368,0.7346240315337909,0.9730169122469484,True,0.9794775511350636,0.9620341696248864,0.8826623643951407,0.8448410839990191,42.86848141200608,0.038989724998828,MLP,dedup,Murmur2Vec,0,27235,3,27235,0
0.7604562737642585,0.6568225660982837,0.7676595084369895,0.7604562737642585,0.7537307900520115,0.6555472001051365,0.6568225660982837,0.6472198392006162,0.7095453383568635,0.7067946809702923,0.9758563753700384,True,0.9775052082857968,0.9614699008570438,0.8709019171134513,0.8225431883724805,30.829844440042507,0.0340944429626688,MLP,dedup,Murmur2Vec,1,27235,3,27235,0
0.7832699619771863,0.6546994028824354,0.7660028122550911,0.7832699619771863,0.766679530788449,0.6568134754206704,0.6546994028824354,0.6474729980658469,0.735732245741105,0.7338744514029292,0.9715217364469698,True,0.9777361365700308,0.9508334286105664,0.8824456182173761,0.8220063204510984,38.73911340301856,0.0439792819670401,MLP,dedup,Murmur2Vec,2,27235,3,27235,0
0.7934093789607097,0.6728755665046531,0.7980477891067606,0.7934093789607097,0.7869575394551404,0.6875507338981905,0.6728755665046531,0.672150158285194,0.7494872789571422,0.7471084228368722,0.9710048371568252,True,0.9795043398476928,0.9536052467525076,0.8888381945386674,0.831384973913175,41.23622446600348,0.038512319966685,MLP,dedup,Murmur2Vec,3,27235,3,27235,0
0.7832699619771863,0.6643592297103171,0.7838131253607528,0.7832699619771863,0.7689501122307116,0.6978811228049758,0.6643592297103171,0.658031208153104,0.7377307748106696,0.734465256060287,0.9666951556459756,True,0.9737326906426362,0.9466047078439324,0.8827187777956376,0.8268486502095058,45.04755857097916,0.0385194930131547,MLP,dedup,Murmur2Vec,4,27235,3,27235,0
0.8022813688212928,0.6839856584210737,0.7926795007590771,0.8022813688212928,0.791106159110193,0.7136963543724174,0.6839856584210737,0.6811282047173465,0.7583416068135328,0.7575053095706241,0.9728133196638548,True,0.9799418824716174,0.9600891541851492,0.8926491929697177,0.8371132470727968,205.46873359702292,0.0215167789719998,LR,dedup,Murmur2Vec,0,27235,3,27235,0
0.7769328263624842,0.6585415975653497,0.7610750802865381,0.7769328263624842,0.7677284920600657,0.6548193821220014,0.6585415975653497,0.6542907165208237,0.7264505479330837,0.7261826592604423,0.9784751624067431,True,0.9792469877535834,0.9650108845908748,0.8789319320607509,0.8237677047854362,201.55039823503463,0.0198690819670446,LR,dedup,Murmur2Vec,1,27235,3,27235,0
0.7858048162230672,0.6312361978738479,0.7766096972734149,0.7858048162230672,0.7742171665767505,0.6995324253365687,0.6312361978738479,0.6407080909382871,0.7385604695041683,0.7374236439039183,0.967715903328238,True,0.9781848275523148,0.9458106411297208,0.8846740841291926,0.8103760118518873,170.7807994110044,0.0215523249935358,LR,dedup,Murmur2Vec,2,27235,3,27235,0
0.7858048162230672,0.6523257389479227,0.7781285993967841,0.7858048162230672,0.7805524897321557,0.649458617822821,0.6523257389479227,0.647908100828349,0.7379637800199683,0.7377799365988342,0.97453889375947,True,0.9820461337892704,0.9573114378302204,0.8847971199281,0.8209263749252386,186.52921311499085,0.0203685879823751,LR,dedup,Murmur2Vec,3,27235,3,27235,0
0.7972116603295311,0.6789778911949557,0.7854650854393658,0.7972116603295311,0.7878922571389742,0.6773982469248114,0.6789778911949557,0.6713984725315847,0.7519038840371736,0.7514725800863074,0.9712300021068422,True,0.9798881925408754,0.9501642805136218,0.8904771270446206,0.8345106331904151,182.30599642399463,0.0139419980114325,LR,dedup,Murmur2Vec,4,27235,3,27235,0
0.7870722433460076,0.6844983795301818,0.7823138921093735,0.7870722433460076,0.778149392343637,0.6776277819783464,0.6844983795301818,0.6683134939591159,0.7406681006622998,0.7396811805393261,0.837010694872841,True,0.8847531123704993,0.8347372464205715,0.8847531123704993,0.837010694872841,0.5394627109635621,0.0038007170078344,DT,dedup,Murmur2Vec,0,27235,3,27235,0
0.7782002534854245,0.649438588534555,0.7719686391675888,0.7782002534854245,0.7739566547751933,0.6426760400097473,0.649438588534555,0.6428390142887096,0.7283440485435424,0.7281779506694411,0.8192803489027867,True,0.8803432019811999,0.8163725939942906,0.8803432019811999,0.8192803489027867,0.4917808540049009,0.0035868000122718,DT,dedup,Murmur2Vec,1,27235,3,27235,0
0.779467680608365,0.6767480990515522,0.7796340022561654,0.779467680608365,0.7756164502349782,0.6935922862067755,0.6767480990515522,0.6694082178988906,0.731072676676827,0.7304740645632468,0.8329978078636384,True,0.8817226834329736,0.8306775756936701,0.8817226834329736,0.8329978078636384,0.5182289140066132,0.0034440350136719,DT,dedup,Murmur2Vec,2,27235,3,27235,0
0.7718631178707225,0.6374063037636429,0.7696767815052314,0.7718631178707225,0.7667936042369567,0.6193930141356612,0.6374063037636429,0.6225523324708238,0.7222042268982433,0.7213753487222346,0.8131624160646758,True,0.8781038120227964,0.8100699686380987,0.8781038120227964,0.8131624160646758,0.5255294889793731,0.0033818990341387,DT,dedup,Murmur2Vec,3,27235,3,27235,0
0.7782002534854245,0.614329324080583,0.7681813685730428,0.7782002534854245,0.7690977167651873,0.6167296333601011,0.614329324080583,0.6075642094525834,0.7289790352024155,0.7282827944906791,0.8017382568462736,True,0.8806190857316102,0.797982026899353,0.8806190857316102,0.8017382568462736,0.5212196169886738,0.0034368209890089,DT,dedup,Murmur2Vec,4,27235,3,27235,0
0.5564005069708492,0.3335555083548541,0.6813507648419237,0.5564005069708492,0.5925127126427973,0.6307998518111654,0.3335555083548541,0.3885722710043838,0.473239490040292,0.468783964450942,0.6576049114443787,True,0.7632986455585177,0.6522675016027718,0.760019774220639,0.655869562096547,0.0166221240069717,0.243155232979916,NB,dedup,Spike2Vec,0,27235,3,3492,0
0.523447401774398,0.2667641693486632,0.5966503696658283,0.523447401774398,0.5279804736590545,0.5114806577162325,0.2667641693486632,0.3172915963411242,0.4075494651984304,0.4033942479985037,0.6276623720393907,True,0.7231204805222081,0.6228039383436055,0.7130690688880474,0.6203397696237883,0.0153634669841267,0.2438006720039993,NB,dedup,Spike2Vec,1,27235,3,3492,0
0.5462610899873257,0.2940013427472088,0.6105018819886984,0.5462610899873257,0.561776141536754,0.4388657655429862,0.2940013427472088,0.3229275905133855,0.4497630140744078,0.4467972596622757,0.6466269416789019,True,0.754832985437873,0.6412987270858291,0.7425688292880753,0.6352992545230625,0.0165043050074018,0.2429813710041344,NB,dedup,Spike2Vec,2,27235,3,3492,0
0.6121673003802282,0.2981326751137995,0.62982356258675,0.6121673003802282,0.599681460859088,0.5243170263610737,0.2981326751137995,0.3461225729398675,0.5132663095936137,0.5089051795681252,0.6458570920049005,True,0.7797784092812875,0.6400197407874914,0.7680770968488522,0.6385243874136658,0.0165022219880484,0.2417330330354161,NB,dedup,Spike2Vec,3,27235,3,3492,0
0.5475285171102662,0.2947429285571621,0.6117943726329318,0.5475285171102662,0.5568089365615428,0.5052354317301924,0.2947429285571621,0.3411797923193452,0.4443955258866197,0.4409719327911214,0.6406124275993409,True,0.7484836320332452,0.6356891806091667,0.7344812696816443,0.6353024310822923,0.0165678840130567,0.243763432954438,NB,dedup,Spike2Vec,4,27235,3,3492,0
0.6894803548795945,0.517516427691947,0.6834335626575312,0.6894803548795945,0.6798567919192042,0.5854271535867174,0.517516427691947,0.5385792381894943,0.6187594604562551,0.6175835784784058,0.8601513300753747,True,0.9083985414664164,0.8520338670772966,0.8261441985283319,0.7508556774154429,0.002785662014503,0.7523596500395797,KNN,dedup,Spike2Vec,0,27235,3,3492,0
0.6996197718631179,0.5042650056418752,0.6984468653402653,0.6996197718631179,0.6922493024594445,0.5958612341116938,0.5042650056418752,0.5288395752065147,0.6306989586511963,0.6296097485609701,0.8677937169280171,True,0.9177237944530214,0.8596470351036289,0.8325889493894475,0.7445229096113671,0.0026233909884467,0.650684338004794,KNN,dedup,Spike2Vec,1,27235,3,3492,0
0.6894803548795945,0.4764864925474262,0.6968152429555571,0.6894803548795945,0.6844501175136855,0.5994743135124,0.4764864925474262,0.5067314706219982,0.6189668232708258,0.6177892457810601,0.8339781346127654,True,0.911156930540997,0.8246110380933191,0.8262739667815886,0.7303466084001489,0.0024948520003817,0.6671709910151549,KNN,dedup,Spike2Vec,2,27235,3,3492,0
0.7110266159695817,0.5014949163228493,0.7100106144876643,0.7110266159695817,0.6999484213979209,0.5893489956740283,0.5014949163228493,0.522545824379766,0.6455605076644135,0.6439587060816695,0.8621516481027297,True,0.9151118478143242,0.8523216192041988,0.8376535835567444,0.7433680755958221,0.0027309510041959,0.6543889369932003,KNN,dedup,Spike2Vec,3,27235,3,3492,0
0.7084917617237009,0.4951937873697087,0.7188515444936752,0.7084917617237009,0.7020691699858768,0.6089985056854466,0.4951937873697087,0.5284465243114438,0.64230675868667,0.6403244156039782,0.8500181586580915,True,0.9175283286285312,0.8410461287493949,0.8372995246310733,0.7402014175317213,0.0022962740040384,0.6623203239869326,KNN,dedup,Spike2Vec,4,27235,3,3492,0
0.8162230671736375,0.6982645633109327,0.8171501810950657,0.8162230671736375,0.8006431042635435,0.7364963242988503,0.6982645633109327,0.6898195265348656,0.7766752620799332,0.7744589913789535,0.9774586652553188,True,0.980756933469156,0.9678667889090125,0.8998476664161338,0.8445799028561997,0.2458330460358411,0.0486628180369734,RF,dedup,Spike2Vec,0,27235,3,3492,0
0.8035487959442332,0.6872879278792179,0.7866705807724992,0.8035487959442332,0.7905103363150476,0.6865794873479883,0.6872879278792179,0.6803699227102094,0.7596324541886906,0.7587079793384027,0.9596506172951176,True,0.976666495837264,0.9480480729135357,0.8928747321234299,0.838774633581583,0.2284623510204255,0.0485623209970071,RF,dedup,Spike2Vec,1,27235,3,3492,0
0.8035487959442332,0.6614348612005104,0.7960213492278023,0.8035487959442332,0.7921786455027333,0.7108013857681548,0.6614348612005104,0.6611323733798501,0.7599122633883006,0.7591020027065198,0.9430494383726252,True,0.975554846321515,0.9311759660031506,0.8942375094482675,0.8259100446660855,0.2367848550202325,0.0592291579814627,RF,dedup,Spike2Vec,2,27235,3,3492,0
0.8086185044359949,0.6555481102014888,0.799923678426189,0.8086185044359949,0.7993780338597763,0.6586979949687827,0.6555481102014888,0.6495832340548221,0.766116382890411,0.7652775752895145,0.958757618890467,True,0.9780056261153742,0.9484288258568864,0.8967283574323546,0.8230798895294879,0.2458307310007512,0.0483110640197992,RF,dedup,Spike2Vec,3,27235,3,3492,0
0.7984790874524715,0.6617095650377973,0.7888607412823437,0.7984790874524715,0.7858047785481781,0.6526164645383937,0.6617095650377973,0.6445256720016889,0.7537795303196344,0.7528833331035203,0.9510097075934104,True,0.9762079969181836,0.9404628523407106,0.891314159010815,0.8259145170193903,0.2502856430364772,0.049001396051608,RF,dedup,Spike2Vec,4,27235,3,3492,0
0.7858048162230672,0.6878217193175701,0.7942957321526907,0.7858048162230672,0.7805753221155106,0.7204255055166968,0.6878217193175701,0.6851414492841478,0.7397282170560578,0.7378768458961737,0.9678546193979916,True,0.9779242798536144,0.9565792836890138,0.8846163089954417,0.8386661464313053,5.06757314002607,0.0052269250154495,MLP,dedup,Spike2Vec,0,27235,3,3492,0
0.779467680608365,0.6598004573829037,0.7754864991307318,0.779467680608365,0.7753020731396515,0.6517014177350757,0.6598004573829037,0.6536163080152424,0.7305673077174951,0.730018230052645,0.9746272890795228,True,0.977379790635114,0.9591267508020112,0.8816021635893471,0.8245185088546041,5.071264213998802,0.0051274200086481,MLP,dedup,Spike2Vec,1,27235,3,3492,0
0.7782002534854245,0.6563228196221108,0.774726107755642,0.7782002534854245,0.769581551434803,0.6975417354750889,0.6563228196221108,0.6614289253526248,0.7303038608500229,0.7284495219964245,0.9696678815490138,True,0.9771713001057578,0.9521932985476876,0.8807714498698574,0.8227419302596853,4.455821472976822,0.0048235859721899,MLP,dedup,Spike2Vec,2,27235,3,3492,0
0.7934093789607097,0.6475703136955452,0.7838662612117453,0.7934093789607097,0.782827863808708,0.6575946955519852,0.6475703136955452,0.6450962461910623,0.7478745301186958,0.7465871921182266,0.9737076263164254,True,0.9796021545297152,0.9566246591354828,0.8884564841993682,0.8187149970386529,5.635702450003009,0.0052202729857526,MLP,dedup,Spike2Vec,3,27235,3,3492,0
0.7667934093789607,0.6675907305433108,0.7809807719223958,0.7667934093789607,0.7615295999921831,0.6971096886872288,0.6675907305433108,0.6672842602982685,0.7175630744911589,0.7146720544649806,0.9685493538825616,True,0.9749598656596604,0.950181012221184,0.8742443024546379,0.8280791972014115,5.7339544359711,0.0050718280253931,MLP,dedup,Spike2Vec,4,27235,3,3492,0
0.8035487959442332,0.6751831278847772,0.7964494915817721,0.8035487959442332,0.7922878069785161,0.7148035013429509,0.6751831278847772,0.675435553408872,0.7600894268985796,0.7590080104046585,0.9726912784840144,True,0.9800310011239476,0.9602753659473394,0.8933869027354256,0.8327455140667261,70.67432878998807,0.0126539960037916,LR,dedup,Spike2Vec,0,27235,3,3492,0
0.779467680608365,0.6616902633051183,0.7642890375335315,0.779467680608365,0.7707145764314238,0.6592396679608723,0.6616902633051183,0.6581267636452869,0.7294271364332399,0.7292061162658587,0.9789288893127516,True,0.9793405777211996,0.9652440137275434,0.8799879855252691,0.8253900400855259,79.1915820359718,0.0121037170174531,LR,dedup,Spike2Vec,1,27235,3,3492,0
0.7896070975918885,0.6360341047192777,0.7813646444403934,0.7896070975918885,0.7782455443507069,0.7068254390855777,0.6360341047192777,0.6463727643311891,0.7431465400114233,0.7420431090172845,0.9673689844975132,True,0.97830631066621,0.9453636628797578,0.8866308377171377,0.8128639086195086,74.43210596696008,0.0139480620273388,LR,dedup,Spike2Vec,2,27235,3,3492,0
0.7832699619771863,0.6467128609260456,0.7770278108476124,0.7832699619771863,0.7785649558315826,0.6482178540166509,0.6467128609260456,0.6442545743027254,0.7350019135082346,0.7347831385931529,0.9743663482592072,True,0.9821961259978962,0.957194304184632,0.8836923775584197,0.818069720352042,81.30083027901128,0.0141268880106508,LR,dedup,Spike2Vec,3,27235,3,3492,0
0.7984790874524715,0.6792804758476455,0.7873593074333709,0.7984790874524715,0.7894565757801797,0.6767219974074016,0.6792804758476455,0.671589211206377,0.7535606256041797,0.7530948997626423,0.9720288499222414,True,0.9802591421445784,0.950757847246465,0.8912982478517906,0.8346992491898132,77.86862314300379,0.0120607130229473,LR,dedup,Spike2Vec,4,27235,3,3492,0
0.7908745247148289,0.6828126524482827,0.7881463031541899,0.7908745247148289,0.7822040388271138,0.703744132781177,0.6828126524482827,0.6754948091257432,0.7457763770166624,0.7444597114535283,0.8362823640391529,True,0.887272831930254,0.833854246520529,0.887272831930254,0.8362823640391529,0.5060920479591005,0.0023770210100337,DT,dedup,Spike2Vec,0,27235,3,3492,0
0.779467680608365,0.6484447388548576,0.7760768052631903,0.779467680608365,0.7762847114000568,0.6454944447166047,0.6484447388548576,0.6428263087217673,0.7300916522765757,0.7298163232773296,0.818822823678495,True,0.8812099935234551,0.8158520060668302,0.8812099935234551,0.818822823678495,0.4678393680369481,0.0021915969555266,DT,dedup,Spike2Vec,1,27235,3,3492,0
0.779467680608365,0.6682058437725744,0.7820887839875553,0.779467680608365,0.7786065370938708,0.6763346930756966,0.6682058437725744,0.6673460499909193,0.7307258551477717,0.730224076370289,0.828721849614727,True,0.8816164100256729,0.8262030610237294,0.8816164100256729,0.828721849614727,0.4971542209968902,0.0024058250128291,DT,dedup,Spike2Vec,2,27235,3,3492,0
0.770595690747782,0.6330812275786621,0.7693061361699246,0.770595690747782,0.7664258540616101,0.6316698944577417,0.6330812275786621,0.6249332971209594,0.7200248060595763,0.7195325050767702,0.8109621939239715,True,0.8772747629620904,0.807804452541204,0.8772747629620904,0.8109621939239715,0.4958419359754771,0.0021644060034304,DT,dedup,Spike2Vec,3,27235,3,3492,0
0.7845373891001267,0.6391193889217429,0.7764456610658488,0.7845373891001267,0.7765972610805305,0.6232820734150707,0.6391193889217429,0.6245017174154364,0.7373172383194526,0.7366933251669592,0.814315420744397,True,0.8846259782375633,0.8109672989590082,0.8846259782375633,0.814315420744397,0.4933847349602729,0.0021692460286431,DT,dedup,Spike2Vec,4,27235,3,3492,0
0.339047619047619,0.4584480623192105,0.6844960183328329,0.339047619047619,0.4296499891573714,0.5564165674485381,0.4584480623192105,0.4449172238426792,0.277663692582861,0.2467191268681807,0.740812566847713,True,0.6553143134128055,0.7434246606352329,0.6433728906184196,0.713013708005897,0.3890228060190566,7.396589039999526,NB,raw,Murmur2Vec,0,27235,3,27235,0
0.3609523809523809,0.4563922891118648,0.6992996700757863,0.3609523809523809,0.4517762686608825,0.5705670077776147,0.4563922891118648,0.4429148974561887,0.2958476909608367,0.2654630811923675,0.7412749519806527,True,0.6649942058114312,0.7425033652922539,0.6546057300474561,0.7124964050126349,0.3927989940275438,7.436030326993205,NB,raw,Murmur2Vec,1,27235,3,27235,0
0.6480952380952381,0.4633137028348261,0.7457148642179561,0.6480952380952381,0.6598333307899245,0.6085206946131887,0.4633137028348261,0.4609404918099576,0.5340796286890886,0.5240626082006966,0.7434081061974556,True,0.8181979354380378,0.7394845454078509,0.8074985043752184,0.7229067834344685,0.3919110060087405,7.381032198958563,NB,raw,Murmur2Vec,2,27235,3,27235,0
0.3504761904761905,0.4593045668770014,0.6893209859028775,0.3504761904761905,0.4420308208402851,0.5721408232059425,0.4593045668770014,0.4580698315283507,0.2921311870609221,0.2602312849026388,0.734387986292187,True,0.6620020017503202,0.7361168928492464,0.6524076597008436,0.7138526316067209,0.3907492100261152,7.39206425298471,NB,raw,Murmur2Vec,3,27235,3,27235,0
0.6538095238095238,0.4970312322923135,0.7186930989016257,0.6538095238095238,0.6532800510714226,0.5725344498067142,0.4970312322923135,0.4786558410178346,0.5385871108813477,0.5285170445087692,0.7635698396421415,True,0.815976528031867,0.7585268660533445,0.8024405921340247,0.7395356430613397,0.3925491800182499,7.418628060957417,NB,raw,Murmur2Vec,4,27235,3,27235,0
0.810952380952381,0.5829412956333466,0.8129106742002269,0.810952380952381,0.8002659950995517,0.7071360791186387,0.5829412956333466,0.5979569126853825,0.7425054323798569,0.7411053685933515,0.9017075632370783,True,0.9579899972349938,0.8912937204138436,0.8931446121236803,0.786613584731386,0.0057437100331299,3.891097823041491,KNN,raw,Murmur2Vec,0,27235,3,27235,0
0.8223809523809524,0.6016874048969441,0.8185979598076899,0.8223809523809524,0.8101747809886934,0.6987451025239442,0.6016874048969441,0.6114718680273966,0.7592628347492422,0.7575604133574834,0.91994927608863,True,0.9659982156667786,0.9096225332702864,0.9010860087923578,0.7963476119390336,0.0070475490065291,3.8613282660371615,KNN,raw,Murmur2Vec,1,27235,3,27235,0
0.8,0.5597988443330056,0.8067873380498735,0.8,0.7943247371289978,0.6654714580959208,0.5597988443330056,0.5754493684882533,0.7284085234792631,0.7271721673542011,0.8928683805461136,True,0.9490990749745036,0.8832965173653862,0.8894879032745195,0.7748761450426173,0.0069849930005148,3.813508219027426,KNN,raw,Murmur2Vec,2,27235,3,27235,0
0.8104761904761905,0.5753296277726578,0.8035740931629222,0.8104761904761905,0.7986821577561182,0.629091815509939,0.5753296277726578,0.576843547356718,0.743552581165313,0.7417321374771142,0.8516326887306046,True,0.9405970555901766,0.8436756029726159,0.8962441559223959,0.7829486391555288,0.0077424990013241,3.923374383011833,KNN,raw,Murmur2Vec,3,27235,3,27235,0
0.8023809523809524,0.6004082133748337,0.8090399593266607,0.8023809523809524,0.7954726732922358,0.6926987332858578,0.6004082133748337,0.6093139015867453,0.7318755855185246,0.7307193177604747,0.9222612451606392,True,0.9614046734548196,0.9119465096079294,0.8911608605597161,0.7952568730764948,0.0055217269691638,3.8124359500361606,KNN,raw,Murmur2Vec,4,27235,3,27235,0
0.8504761904761905,0.6571520933949618,0.837390043850306,0.8504761904761905,0.8324889192701614,0.6977977847610795,0.6571520933949618,0.6500476270916259,0.7982670771828512,0.7962439547583711,0.9786642519227432,True,0.988892307713495,0.9682965374901672,0.9191225096535808,0.8248997971362801,1.521397528005764,0.1116151299793273,RF,raw,Murmur2Vec,0,27235,3,27235,0
0.8566666666666667,0.6844377766769604,0.8469637462505685,0.8566666666666667,0.839799201921783,0.7567462212086628,0.6844377766769604,0.6813871438650458,0.8067646847506188,0.8046766968267766,0.9809165963509068,True,0.9902441464732856,0.9708409137172,0.922122430065235,0.8386789987959908,1.4571493630064651,0.1104677109979093,RF,raw,Murmur2Vec,1,27235,3,27235,0
0.8504761904761905,0.6714160774715373,0.8438132634495003,0.8504761904761905,0.8384128503776064,0.7174060577346459,0.6714160774715373,0.6713877106370488,0.7975095047906151,0.796173413953126,0.9784117616257508,True,0.9873138331936148,0.9674314543021012,0.9187019591217532,0.8320126732413029,1.4476405659806917,0.1046835969900712,RF,raw,Murmur2Vec,2,27235,3,27235,0
0.8504761904761905,0.6540051278593245,0.8427802158545831,0.8504761904761905,0.8344096801657156,0.696218450347822,0.6540051278593245,0.6463749682119584,0.7985252455248858,0.796550051649259,0.98275196535411,True,0.9900756959247636,0.9709261100216612,0.919979305657943,0.8233652596413868,1.533805225044489,0.0951097889919765,RF,raw,Murmur2Vec,3,27235,3,27235,0
0.8442857142857143,0.6716378259080029,0.8365527907763187,0.8442857142857143,0.8289014813116183,0.726188669253058,0.6716378259080029,0.6683301441632497,0.7900402848296366,0.7880433876759592,0.983847630345963,True,0.9891848305824164,0.972988534618512,0.916210293847532,0.832010289947071,1.4272261100122705,0.1103499020100571,RF,raw,Murmur2Vec,4,27235,3,27235,0
0.849047619047619,0.6644475508020876,0.846587262779634,0.849047619047619,0.8355583724015108,0.6992633226614251,0.6644475508020876,0.6460032661942705,0.796668403133012,0.7947621652052039,0.985598101262416,True,0.9900492028073968,0.9731907747449846,0.919602205841254,0.8285693302120101,60.78393745800713,0.0918994279927574,MLP,raw,Murmur2Vec,0,27235,3,27235,0
0.8438095238095238,0.7297203108256163,0.8628175599040695,0.8438095238095238,0.8376355434884208,0.7548936734370911,0.7297203108256163,0.7038693495865401,0.790578522039315,0.7881857593669681,0.985835209128726,True,0.9910590354175938,0.9733266853566432,0.917352957110866,0.8611034716451201,46.68324486701749,0.0919870499637909,MLP,raw,Murmur2Vec,1,27235,3,27235,0
0.8447619047619047,0.6710349975595412,0.8509712304746392,0.8447619047619047,0.8272651496818924,0.7519291849020757,0.6710349975595412,0.669492124949893,0.7918993731638698,0.7882391369708608,0.9848562392776612,True,0.9904253211909062,0.9710771184951282,0.915495851198449,0.8316764011069729,38.29837957501877,0.0850324230268597,MLP,raw,Murmur2Vec,2,27235,3,27235,0
0.8295238095238096,0.6512886740139846,0.8464862518605243,0.8295238095238096,0.8226815158375652,0.685941695909917,0.6512886740139846,0.6376401140054513,0.7719221160818195,0.7691674245434164,0.9858550072425544,True,0.9905595736425172,0.9728679271601248,0.9104179666517964,0.821572426400256,57.7192292160471,0.0919328790041618,MLP,raw,Murmur2Vec,3,27235,3,27235,0
0.8442857142857143,0.705635869522067,0.8521101445665737,0.8442857142857143,0.8386334066273909,0.7585913524682055,0.705635869522067,0.6994981581496572,0.7900173171885284,0.7887782078905965,0.9868900197001106,True,0.9898800703722846,0.9753423228316184,0.9173537447727852,0.8490612867961602,60.672237077960745,0.0922524219495244,MLP,raw,Murmur2Vec,4,27235,3,27235,0
0.8585714285714285,0.6925559144554252,0.8523549539198476,0.8585714285714285,0.8431374605323008,0.7481705484054103,0.6925559144554252,0.6854604515601964,0.809291389637296,0.8074396168675115,0.9805904745046252,True,0.9898519738398228,0.9687428736657604,0.9239325683643524,0.8428203466988197,338.0271438609925,0.0531350660021416,LR,raw,Murmur2Vec,0,27235,3,27235,0
0.861904761904762,0.7004733381976634,0.8544037483014353,0.861904761904762,0.8475582368301832,0.7566717891621315,0.7004733381976634,0.6993231918128276,0.8136461887993155,0.8120050662936814,0.9854205231148594,True,0.9912627712215284,0.9712903917766724,0.9254998484142692,0.8468502985722076,374.1186655909987,0.0527130059781484,LR,raw,Murmur2Vec,1,27235,3,27235,0
0.8533333333333334,0.6687538586557081,0.8418382375725039,0.8533333333333334,0.8389681339442634,0.7119755419408402,0.6687538586557081,0.6711465137653025,0.8017408096779827,0.8002380589118596,0.9813519652967232,True,0.9895532298554855,0.9657761599336648,0.9207930066269968,0.8307766114472631,348.3752406249987,0.0527276649954728,LR,raw,Murmur2Vec,2,27235,3,27235,0
0.8485714285714285,0.6623975620922747,0.8445958844074561,0.8485714285714285,0.8352398723853331,0.7324641194569249,0.6623975620922747,0.6589791255239167,0.7958966078734959,0.7941517900903106,0.9857814467697342,True,0.9906055734927336,0.9743015375170097,0.9194011521815484,0.8275351970543897,375.4278152809711,0.0407748789875768,LR,raw,Murmur2Vec,3,27235,3,27235,0
0.8471428571428572,0.6875067372106175,0.8445978859981105,0.8471428571428572,0.8350394042878564,0.763750742751533,0.6875067372106175,0.6874802209848215,0.793498157634416,0.7921616483514451,0.9870907329528256,True,0.9901031287007572,0.9755351057911648,0.9182594607688972,0.8400378895493495,349.92037574900314,0.0523708909749984,LR,raw,Murmur2Vec,4,27235,3,27235,0
0.8485714285714285,0.6681782867827392,0.8423748984349185,0.8485714285714285,0.8364798606015494,0.7135549475517533,0.6681782867827392,0.6670333093165043,0.7958384621438674,0.7941040628528334,0.9261657541120244,True,0.9585967570886744,0.9187256344956722,0.9193476314227368,0.8304231266378577,1.2633208429906515,0.0097912409692071,DT,raw,Murmur2Vec,0,27235,3,27235,0
0.849047619047619,0.6900138141212186,0.8517034667172708,0.849047619047619,0.8422383094222227,0.7483814159931396,0.6900138141212186,0.6930044071715773,0.7963259968402788,0.7950196897490446,0.9255794735250424,True,0.9571535193924718,0.9181857903951234,0.9195367985219018,0.8413494888116049,1.293799997016322,0.0093211089842952,DT,raw,Murmur2Vec,1,27235,3,27235,0
0.84,0.6662167255155146,0.839280009901859,0.84,0.8307769139046214,0.6866966309390474,0.6662167255155146,0.6618700492855494,0.7844622575910499,0.7825451828950336,0.9276750405531864,True,0.9555919495077696,0.919636583365444,0.9145429542429196,0.8292239515869809,1.2388573529897258,0.0097463570418767,DT,raw,Murmur2Vec,2,27235,3,27235,0
0.84,0.6568984888165476,0.8397532728856927,0.84,0.8303781764465981,0.69956420261952,0.6568984888165476,0.6500668958859821,0.7846525072094195,0.7828538895343022,0.9323843728982378,True,0.9570954316146,0.9234554757549652,0.9153778413042382,0.8246027826493756,1.3523349880124442,0.0097987439949065,DT,raw,Murmur2Vec,3,27235,3,27235,0
0.8428571428571429,0.6904138969053489,0.8477049243244911,0.8428571428571429,0.8356241788517847,0.7511415761235689,0.6904138969053489,0.6822030761156921,0.7879165041814338,0.786809245034009,0.9351290276915872,True,0.9586655146932136,0.9282200049504084,0.9164790743431775,0.8414105427410008,1.273181652999483,0.0097615560516715,DT,raw,Murmur2Vec,4,27235,3,27235,0
0.6476190476190476,0.4944088029555519,0.7402813402749173,0.6476190476190476,0.6548848419047888,0.5689939366144905,0.4944088029555519,0.4720496309558417,0.5313816175902423,0.5211942413902004,0.7667857738873891,True,0.8147458814445117,0.762810128671884,0.8012768655525109,0.7381715317301627,0.0531315219704993,1.0435268139699474,NB,raw,Spike2Vec,0,27235,3,3492,0
0.3604761904761904,0.457428002585835,0.6992594657755129,0.3604761904761904,0.4515366205412395,0.5715611633430121,0.457428002585835,0.4441142180412034,0.2948784020238739,0.2647407704801358,0.7269150651058871,True,0.6602718366439673,0.7285186163259085,0.6541455964787872,0.7129933465874078,0.0512086749658919,1.0461605220334604,NB,raw,Spike2Vec,1,27235,3,3492,0
0.6514285714285715,0.4701045084886837,0.7475930308149162,0.6514285714285715,0.6628765349141134,0.6109467641981553,0.4701045084886837,0.4665469995830103,0.5385892554345352,0.5285593888814603,0.746923713390327,True,0.819475717283013,0.7430407371595309,0.8092149261599629,0.7263802054334311,0.0519341909675858,1.04391178797232,NB,raw,Spike2Vec,2,27235,3,3492,0
0.3533333333333333,0.4605045715307932,0.6897531348908714,0.3533333333333333,0.4454652663295972,0.5663905989610162,0.4605045715307932,0.4587640652151323,0.2944089045267632,0.2627275667450267,0.7360026126847427,True,0.6641695898185042,0.7377835351381195,0.654290109235727,0.714538199821566,0.0517370749730616,1.0432063689804636,NB,raw,Spike2Vec,3,27235,3,3492,0
0.6557142857142857,0.5022488795528683,0.7239951899159018,0.6557142857142857,0.6553142275070639,0.5797555081321797,0.5022488795528683,0.4841459170145983,0.5414589672861526,0.5311815380073965,0.7660599272990812,True,0.8172426640185638,0.7612810353429563,0.8038813162019167,0.7422099541492486,0.051612633978948,1.0433450359851122,NB,raw,Spike2Vec,4,27235,3,3492,0
0.820952380952381,0.5821663215172417,0.8202100600101113,0.820952380952381,0.8059376596563221,0.7330354562663051,0.5821663215172417,0.6000302627699888,0.7561767915693285,0.7544788334386396,0.9005137531569758,True,0.9540527596690516,0.890779692313524,0.8980081379132844,0.7864471670274065,0.0059518449706956,3.901988090015948,KNN,raw,Spike2Vec,0,27235,3,3492,0
0.8233333333333334,0.6045875566931996,0.8217320290219924,0.8233333333333334,0.8121802263010801,0.7069653094357933,0.6045875566931996,0.6164118762829399,0.7603481670204876,0.7588644623909342,0.920196297539716,True,0.9658876666755748,0.9092813639308256,0.9015744625330536,0.7978198902799204,0.0055859870044514,3.876511770009529,KNN,raw,Spike2Vec,1,27235,3,3492,0
0.7976190476190477,0.5498327588383153,0.8024643792646157,0.7976190476190477,0.7916342530683047,0.6349890616097658,0.5498327588383153,0.5607357721686956,0.725262458963247,0.7239182389664736,0.8873382231627235,True,0.948346220348474,0.8780582467458029,0.8881216043156881,0.7698309977971434,0.0055409430060535,3.8640543399960734,KNN,raw,Spike2Vec,2,27235,3,3492,0
0.81,0.5732353506301242,0.8001133599994469,0.81,0.7975165196188204,0.6120830827981821,0.5732353506301242,0.5717625289341144,0.7429092257560412,0.7410372110273211,0.8651141141386668,True,0.942125478320892,0.8574312842130165,0.8958344520631346,0.7818828776815682,0.0057997530093416,3.9520393059938215,KNN,raw,Spike2Vec,3,27235,3,3492,0
0.8014285714285714,0.5943431799234367,0.8058385852456983,0.8014285714285714,0.7936169808063677,0.6848167824414365,0.5943431799234367,0.6036843928306841,0.7306496817171095,0.7294331164967012,0.923113358947238,True,0.962112840066359,0.9120039785815852,0.8907043331023248,0.792203605102733,0.0057376680197194,3.8995579299516976,KNN,raw,Spike2Vec,4,27235,3,3492,0
0.8590476190476191,0.6798313062738431,0.8465765939748929,0.8590476190476191,0.841914935437348,0.716798988002727,0.6798313062738431,0.6730168435978545,0.8098145809864071,0.8079311221723064,0.9774495189840317,True,0.9887711964398996,0.967389443167864,0.9236828293909202,0.8364466908365088,1.0460203909897243,0.0696410919772461,RF,raw,Spike2Vec,0,27235,3,3492,0
0.8576190476190476,0.6911989826804411,0.8515593191420133,0.8576190476190476,0.8424905869139718,0.7664441425320961,0.6911989826804411,0.6876104469320256,0.8080487317946883,0.8062162039547449,0.98016447079234,True,0.98959272458352,0.9707958549058036,0.9232819982387998,0.8421123094419841,0.9350678430055268,0.0806004100013524,RF,raw,Spike2Vec,1,27235,3,3492,0
0.8523809523809524,0.6842460943543899,0.849872446788978,0.8523809523809524,0.8410847822251143,0.7295791037717518,0.6842460943543899,0.6825143772836181,0.8003938082623534,0.7989333895043229,0.9809774449585584,True,0.9884108628672592,0.9710429244646624,0.9201364838531254,0.8384928873523371,0.92805375601165,0.0700867190025746,RF,raw,Spike2Vec,2,27235,3,3492,0
0.8533333333333334,0.6635748199368211,0.8467950811114902,0.8533333333333334,0.8370408519800449,0.6998133264407047,0.6635748199368211,0.6513814215801726,0.8026666974695019,0.8006012175410505,0.9840985129181652,True,0.9900808131346412,0.9725573914802031,0.9219369150216804,0.8282390879239414,0.992949691019021,0.0920723699964582,RF,raw,Spike2Vec,3,27235,3,3492,0
0.8523809523809524,0.6871493444515306,0.8465618894516527,0.8523809523809524,0.8364487646920856,0.7274213257784043,0.6871493444515306,0.678062503420306,0.8013567840802194,0.7992234171495893,0.9850293658998204,True,0.9896647331464328,0.9753932578149698,0.921009822114682,0.8399842095946144,0.9522754169884138,0.0711949950200505,RF,raw,Spike2Vec,4,27235,3,3492,0
0.8480952380952381,0.6498720593068815,0.8507571079057952,0.8480952380952381,0.8322562618357431,0.7356100154002082,0.6498720593068815,0.6467347691141637,0.7959411445558795,0.7930581337050193,0.9828082736411412,True,0.9898815596287368,0.970701718701956,0.9183123761778836,0.8212229558433447,5.697674871014897,0.0130476739723235,MLP,raw,Spike2Vec,0,27235,3,3492,0
0.8528571428571429,0.6762115790463269,0.8597699461681299,0.8528571428571429,0.8366053894563146,0.7722182840032029,0.6762115790463269,0.6701827653694555,0.8023243958078553,0.7995991365066816,0.986973132334603,True,0.9915604578213464,0.975503988438218,0.9208924533870916,0.8345099919498494,7.028326808998827,0.0128642140189185,MLP,raw,Spike2Vec,1,27235,3,3492,0
0.8452380952380952,0.6745741078292615,0.8482898293440985,0.8452380952380952,0.8312346313678044,0.739831175585078,0.6745741078292615,0.6730881041755701,0.7916943512458041,0.7890458380984762,0.9826053129149682,True,0.9895837653898027,0.9687496617396024,0.9160261058375672,0.8334700587254293,7.502357746998314,0.013100862968713,MLP,raw,Spike2Vec,2,27235,3,3492,0
0.840952380952381,0.7027357290978545,0.8445477781286692,0.840952380952381,0.8355870188410321,0.6952508516668318,0.7027357290978545,0.6835707404352581,0.7858543070905055,0.7843704548787338,0.9864411848300476,True,0.990769495470985,0.9759165064961096,0.9161474059954372,0.8475563830032654,5.888438594993204,0.0129632279858924,MLP,raw,Spike2Vec,3,27235,3,3492,0
0.8380952380952381,0.7164913217134394,0.8456689459779415,0.8380952380952381,0.8347764062732863,0.7237944764491243,0.7164913217134394,0.6976328345276243,0.781442349326147,0.7804795936720322,0.9843875955316858,True,0.9890669207238808,0.9744688138705596,0.9142576253742656,0.8543482801919136,8.970515842956956,0.0129918720340356,MLP,raw,Spike2Vec,4,27235,3,3492,0
0.8580952380952381,0.6916668024729965,0.8529640983042212,0.8580952380952381,0.8433853425317916,0.7498436305418927,0.6916668024729965,0.6860749561845009,0.808567131659986,0.8067864335548178,0.980642666905714,True,0.9898704884153852,0.9686464662672783,0.9236620245975732,0.8423634932636607,186.98431194596924,0.0390787029755301,LR,raw,Spike2Vec,0,27235,3,3492,0
0.861904761904762,0.7007543930207031,0.8554676517321974,0.861904761904762,0.8475024340007072,0.7572870546147044,0.7007543930207031,0.6990940944925615,0.8137815717505659,0.8120701567717541,0.9852185917792275,True,0.9912062130868232,0.9710905190966288,0.925714900845002,0.8470006010942153,181.9940397199825,0.0446113920188508,LR,raw,Spike2Vec,1,27235,3,3492,0
0.8533333333333334,0.670082694553064,0.8437022694744993,0.8533333333333334,0.8388384932966613,0.7190648237246777,0.670082694553064,0.6727047736658848,0.8017598182025313,0.8002329380305154,0.9813173471994232,True,0.9896358416089804,0.9657279635753232,0.9207435883530928,0.8314387831107637,198.7900972450152,0.0445636709919199,LR,raw,Spike2Vec,2,27235,3,3492,0
0.8485714285714285,0.6623156901088675,0.8443288692165752,0.8485714285714285,0.8351037393982613,0.7327200681524869,0.6623156901088675,0.659109824085676,0.7958767401188778,0.7941296428343521,0.9857453024946105,True,0.9905076201941282,0.9741786809398358,0.9193649905957016,0.8274926173542383,208.6220511759748,0.0446653789840638,LR,raw,Spike2Vec,3,27235,3,3492,0
0.85,0.6920782339613702,0.8484307535693524,0.85,0.8386474999848713,0.7687935975533342,0.6920782339613702,0.6930296640156826,0.7973138816367843,0.7960548404371918,0.9871725263850142,True,0.9902924682463992,0.975541556440581,0.9199868849316986,0.8424021572048533,192.59737813897664,0.0430024040397256,LR,raw,Spike2Vec,4,27235,3,3492,0
0.8471428571428572,0.6503134656256588,0.8389656628864764,0.8471428571428572,0.8331058047549745,0.6965893615306974,0.6503134656256588,0.6464348439923598,0.7939430246792948,0.7921091530259822,0.921749225073977,True,0.9580131603775028,0.9130511208480216,0.9185259791749352,0.8214533682298721,1.193216412968468,0.0064045659964904,DT,raw,Spike2Vec,0,27235,3,3492,0
0.849047619047619,0.683306687240873,0.8507806433851861,0.849047619047619,0.8412040335211617,0.7342585034390766,0.683306687240873,0.6822055985264776,0.7965547356257493,0.7950352784404331,0.9264278402738132,True,0.9594077950040572,0.918632579409044,0.919682049762147,0.8380025277005342,1.2617533740121871,0.0062097439658828,DT,raw,Spike2Vec,1,27235,3,3492,0
0.840952380952381,0.6629820575683323,0.8428561375219873,0.840952380952381,0.8317477556671552,0.7021134321488067,0.6629820575683323,0.6628786096298654,0.7859143734201024,0.7837499194534737,0.9284457696175582,True,0.9576745732746192,0.9202627085287444,0.9148377073117802,0.8276200154801561,1.1276789690018632,0.0064121999894268,DT,raw,Spike2Vec,2,27235,3,3492,0
0.84,0.6520365498224212,0.8379016031175349,0.84,0.8305975491137029,0.6756541218606099,0.6520365498224212,0.6449005039756937,0.7848395639045884,0.7829996727772843,0.9326062620597532,True,0.9577211178252326,0.9232503178948612,0.9154898841276662,0.8221769060079226,1.2165399070363492,0.0063890969613566,DT,raw,Spike2Vec,3,27235,3,3492,0
0.8461904761904762,0.6973571889355186,0.8556312073619535,0.8461904761904762,0.8403170732167231,0.7730564947956232,0.6973571889355186,0.6927091710174934,0.7924314346646628,0.7913307670370907,0.9383015279534206,True,0.9600728330875546,0.9316297063188458,0.9182251056542104,0.8449615538156778,1.221623290970456,0.0064131219987757,DT,raw,Spike2Vec,4,27235,3,3492,0
0.5335868187579215,0.3110181026078908,0.6025437317122242,0.5335868187579215,0.548040251996288,0.5397762441702106,0.3110181026078908,0.3578127962542736,0.4302992792758051,0.4280682885896125,0.6597016613997998,True,0.751318791925229,0.6553875111199837,0.72990027045513,0.6432317908700876,0.1584547660313546,2.9776119529851712,NB,dedup,Murmur2Vec,5,28328,3,28328,1
0.532319391634981,0.3090645210374363,0.5808222168871671,0.532319391634981,0.537018163874461,0.5173927472652446,0.3090645210374363,0.3598171903777197,0.4209113941205515,0.4178076576207263,0.65213751668913,True,0.7361916975855196,0.6474608806595439,0.7214600513255716,0.6418713537607896,0.1596317799994722,2.98017193301348,NB,dedup,Murmur2Vec,6,28328,3,28328,1
0.5728770595690748,0.2957135819107833,0.5636714062495557,0.5728770595690748,0.5464321427150003,0.460359235193398,0.2957135819107833,0.3300775146632632,0.4597491963688538,0.4544743920378656,0.6470822243653392,True,0.759101888722477,0.6421970388236335,0.7385164662552147,0.635971175785174,0.1588885199744254,2.9886673929868266,NB,dedup,Murmur2Vec,7,28328,3,28328,1
0.5069708491761724,0.2442495602182264,0.5868712782008885,0.5069708491761724,0.5244779083756366,0.4127971120540067,0.2442495602182264,0.2757873679674508,0.4020759769740454,0.3982118172994912,0.618499533025342,True,0.7346248828867677,0.6128161124064875,0.7186949470934476,0.609338186795179,0.1595714779687114,2.986424311005976,NB,dedup,Murmur2Vec,8,28328,3,28328,1
0.5602027883396705,0.3697434935150483,0.6688348450958437,0.5602027883396705,0.5902651358991553,0.5985536415917261,0.3697434935150483,0.4108069961819529,0.4799885698469913,0.4755235511827314,0.689300250252023,True,0.7851799092088552,0.6854202250142223,0.7610747306772137,0.6740115072428521,0.1598695709835738,2.9966494599939324,NB,dedup,Murmur2Vec,9,28328,3,28328,1
0.6894803548795945,0.4814402123337267,0.69711500824671,0.6894803548795945,0.6775567563884737,0.561239176760744,0.4814402123337267,0.5016995404353964,0.620053005967507,0.6161201534685318,0.8770212440386423,True,0.924661474569238,0.8685282805223202,0.8241402953597445,0.7327264832286698,0.0024757030187174,0.8161275429883972,KNN,dedup,Murmur2Vec,5,28328,3,28328,1
0.70595690747782,0.5082049904739772,0.6974543894532567,0.70595690747782,0.6975052946267473,0.5755080661524804,0.5082049904739772,0.5332910009496135,0.6373163414033104,0.6360983270876615,0.867982625451639,True,0.9225399707209778,0.8594404855320962,0.8335714575764517,0.7465375614904637,0.0024569579982198,0.6949126819963567,KNN,dedup,Murmur2Vec,6,28328,3,28328,1
0.6768060836501901,0.4867151325324015,0.6914860146473836,0.6768060836501901,0.6763669011240341,0.5811860031404401,0.4867151325324015,0.5197675042599359,0.6034365008769094,0.6019432458259388,0.8354108622042151,True,0.9107260177104574,0.8245161462353611,0.8198725184391861,0.735169953467982,0.0023908750154078,0.7143357850145549,KNN,dedup,Murmur2Vec,7,28328,3,28328,1
0.6932826362484157,0.45996809332511,0.6916072611614641,0.6932826362484157,0.682288199558893,0.5663419979452133,0.45996809332511,0.4955396127427269,0.6212474827198642,0.6188831846960854,0.8413563096026411,True,0.9087841597550498,0.8302465276845455,0.8256976028852078,0.7220612104300645,0.0023511620238423,0.7244915240444243,KNN,dedup,Murmur2Vec,8,28328,3,28328,1
0.7262357414448669,0.5407655673071863,0.7282727017164252,0.7262357414448669,0.7186262692868912,0.6178123680979042,0.5407655673071863,0.5629329697145237,0.6649072643538291,0.6635128731637973,0.8791947612869635,True,0.92790919931116,0.870826635843385,0.846666764401425,0.763413091126385,0.0023294819984585,0.8911266259965487,KNN,dedup,Murmur2Vec,9,28328,3,28328,1
0.8060836501901141,0.6735598289861858,0.7966714119131239,0.8060836501901141,0.7938750401724393,0.6940482833725452,0.6735598289861858,0.6673539049802929,0.7629125538294733,0.7620463106602827,0.9776145969456416,True,0.9818378433507065,0.967194691864833,0.8952273783359971,0.8320175225992745,0.356190474005416,0.0697566980379633,RF,dedup,Murmur2Vec,5,28328,3,28328,1
0.7946768060836502,0.6560469583711411,0.7751736766507819,0.7946768060836502,0.7801304933666796,0.6472154055253172,0.6560469583711411,0.6407759976458955,0.7486348076219185,0.7477825552461931,0.951012721711378,True,0.9757340467519616,0.938221100810916,0.8880784724196983,0.8229361370228294,0.3493924530339427,0.0685654190019704,RF,dedup,Murmur2Vec,6,28328,3,28328,1
0.7820025348542459,0.635582878761533,0.7722406769113322,0.7820025348542459,0.7734282961303647,0.6323438215082601,0.635582878761533,0.6264075764699648,0.7334976041355841,0.7327909394493101,0.9623385520128368,True,0.9783752626645444,0.9480391890252764,0.8825863389278077,0.812454454786576,0.3444510159897618,0.0584687769878655,RF,dedup,Murmur2Vec,7,28328,3,28328,1
0.7959442332065906,0.6354856252082896,0.787886572099095,0.7959442332065906,0.7856735802656638,0.6425961333683238,0.6354856252082896,0.6295711968045191,0.750451478197073,0.7494946666377436,0.955258283400731,True,0.9780165878144288,0.9402602086328938,0.8900349014066685,0.8127443990317205,0.369384040008299,0.0691754409926943,RF,dedup,Murmur2Vec,8,28328,3,28328,1
0.7946768060836502,0.6491530156148057,0.7806863544161983,0.7946768060836502,0.7803869079903273,0.6530597429169536,0.6491530156148057,0.6364864873762005,0.7488062181620969,0.7478830484102892,0.9654475296684292,True,0.9776417162427558,0.9526020397127908,0.8886367878714398,0.819514543619741,0.3490939689800143,0.0487464919569902,RF,dedup,Murmur2Vec,9,28328,3,28328,1
0.8086185044359949,0.6891400031174935,0.7995419619900236,0.8086185044359949,0.7981553624619675,0.6984580908892474,0.6891400031174935,0.6850543934843771,0.7668106954606656,0.7655468683891002,0.9799130429261876,True,0.9806222762156934,0.9657898445027916,0.8970641110574292,0.8398910975159026,54.82614182197722,0.0661147889913991,MLP,dedup,Murmur2Vec,5,28328,3,28328,1
0.7782002534854245,0.655007642201758,0.7715946058326812,0.7782002534854245,0.7664398849461278,0.6636527287201475,0.655007642201758,0.6469602655701698,0.7303477319041946,0.7283426689410528,0.964281892988934,True,0.976190769763619,0.9427616252257184,0.8800652988095011,0.8220522437740382,58.0601336780237,0.0395772749907337,MLP,dedup,Murmur2Vec,6,28328,3,28328,1
0.7731305449936628,0.6459744624679477,0.7713453547360554,0.7731305449936628,0.7692225675329694,0.6882263083895825,0.6459744624679477,0.6524452314170502,0.7224903292498033,0.7221874704938155,0.966979573190104,True,0.9757492599682076,0.9448166607173654,0.8784612294356012,0.8174627416628648,42.03055259701796,0.0732425629976205,MLP,dedup,Murmur2Vec,7,28328,3,28328,1
0.7896070975918885,0.6319571757938611,0.7753334119548354,0.7896070975918885,0.774238136536219,0.6132998049017031,0.6319571757938611,0.6085057832589706,0.743100826445861,0.7419577278315417,0.9767969775450858,True,0.9811509894979742,0.9600135486406935,0.8869830279667643,0.8108414528045107,44.798669131007046,0.0401032720110379,MLP,dedup,Murmur2Vec,8,28328,3,28328,1
0.7972116603295311,0.6500375092764956,0.7905126037299997,0.7972116603295311,0.7832191798036304,0.6600644177281537,0.6500375092764956,0.6459029690406558,0.7542131626067274,0.75118847709373,0.9781799842887082,True,0.9804095845150056,0.9629584969477886,0.8903000880854919,0.8200323950057701,40.39442083600443,0.0402045189985074,MLP,dedup,Murmur2Vec,9,28328,3,28328,1
0.8010139416983524,0.6759022572934508,0.7965042413142723,0.8010139416983524,0.7942430693384208,0.706223287125846,0.6759022572934508,0.6787606080799637,0.756751777882882,0.7564067772612502,0.9818769318986412,True,0.9832747938407708,0.9689494695956684,0.8934602180634488,0.833108411285973,190.38644596602532,0.0195335499593056,LR,dedup,Murmur2Vec,5,28328,3,28328,1
0.8048162230671736,0.6777723955628632,0.7910639914814157,0.8048162230671736,0.7928065359500157,0.6896017616002795,0.6777723955628632,0.6699436595942984,0.7610110674924543,0.7606052546029495,0.9509438628311696,True,0.9792205336277656,0.935064171481198,0.8940955309500579,0.8340723582791615,176.5892805850017,0.0210478390217758,LR,dedup,Murmur2Vec,6,28328,3,28328,1
0.7959442332065906,0.6607179078832485,0.788242252229408,0.7959442332065906,0.7902281143809965,0.6704610161115073,0.6607179078832485,0.6596234009172861,0.7504197371031295,0.7502315238100856,0.9698419111896714,True,0.980242029617833,0.94968229364297,0.8905411170780897,0.8253835501724464,193.37042278196893,0.0205046409973874,LR,dedup,Murmur2Vec,7,28328,3,28328,1
0.7921419518377694,0.6308008732075897,0.7780353190476829,0.7921419518377694,0.7827539884116999,0.6239508364828478,0.6308008732075897,0.6223866060036304,0.7455807025666604,0.7451294384598566,0.9770359184770976,True,0.9837326185041774,0.9543589129102262,0.8884313470543067,0.8103291341971723,201.4245730509865,0.0195462229894474,LR,dedup,Murmur2Vec,8,28328,3,28328,1
0.7959442332065906,0.6613568657176985,0.7843206763338656,0.7959442332065906,0.7871566199063602,0.6641455272380578,0.6613568657176985,0.6584170629829292,0.7505195152127546,0.7499035281146638,0.9795089448470036,True,0.9807737887821372,0.963922809042962,0.8899460664513723,0.8256759813339116,167.4956490600016,0.0216247530188411,LR,dedup,Murmur2Vec,9,28328,3,28328,1
0.7782002534854245,0.6464034893823539,0.7747768561381556,0.7782002534854245,0.772500452584664,0.6656897549209551,0.6464034893823539,0.6465171964417467,0.7288671624241737,0.7283790084137098,0.8177928183499531,True,0.881003620493074,0.8147827801526617,0.881003620493074,0.8177928183499531,0.4804711339529603,0.0037245249841362,DT,dedup,Murmur2Vec,5,28328,3,28328,1
0.779467680608365,0.6694027852944404,0.7706169216508754,0.779467680608365,0.7713357947027,0.6620716827865716,0.6694027852944404,0.6561053848976113,0.7303104562724119,0.7298290842180875,0.8292816418926608,True,0.8807654833996913,0.8268300303923259,0.8807654833996913,0.8292816418926608,0.515454261971172,0.0037020339514128,DT,dedup,Murmur2Vec,6,28328,3,28328,1
0.7579214195183777,0.6291434110654545,0.7597117683053981,0.7579214195183777,0.7560141683167266,0.6326616469080055,0.6291434110654545,0.6237933958953003,0.7047551599846045,0.7041393283309578,0.8086743202504807,True,0.8702575237905802,0.8057417867485714,0.8702575237905802,0.8086743202504807,0.4897601829725317,0.003663201991003,DT,dedup,Murmur2Vec,7,28328,3,28328,1
0.779467680608365,0.6344258974219922,0.7699619948129401,0.779467680608365,0.7704564837656801,0.6130808072689263,0.6344258974219922,0.6145741879882841,0.7302256660125835,0.7293790656416321,0.8117344460650838,True,0.8794729417899305,0.8085088034115196,0.8794729417899305,0.8117344460650838,0.4965865180129185,0.003874743997585,DT,dedup,Murmur2Vec,8,28328,3,28328,1
0.779467680608365,0.6507506823548439,0.7746960896730072,0.779467680608365,0.7744824288374309,0.6588397445501462,0.6507506823548439,0.6482824416336728,0.7307849378084359,0.7303512469334884,0.8199897689687963,True,0.8815174114102378,0.8170598812334895,0.8815174114102378,0.8199897689687963,0.5047949990257621,0.0040358540136367,DT,dedup,Murmur2Vec,9,28328,3,28328,1
0.5361216730038023,0.3186705930162812,0.6049110507619647,0.5361216730038023,0.551218185843598,0.5431666702033133,0.3186705930162812,0.3641289200753753,0.434288582974437,0.4320860915430635,0.6663921741664703,True,0.7534510309369049,0.6621332694634011,0.7312331728048187,0.6471186225447232,0.0211196349700912,0.2549285939894616,NB,dedup,Spike2Vec,5,28328,3,3492,1
0.5335868187579215,0.3152988979888439,0.5854851444517012,0.5335868187579215,0.5394756879238801,0.5208646981866477,0.3152988979888439,0.3642961676619065,0.4239091670375295,0.4207476064981158,0.6544561578732204,True,0.7356498266627617,0.6498775670052382,0.7225723912010051,0.6450391031399221,0.0171623670030385,0.2525305820163339,NB,dedup,Spike2Vec,6,28328,3,3492,1
0.5792141951837769,0.3145135478305344,0.5727938309064974,0.5792141951837769,0.5552764364561679,0.5071247751460158,0.3145135478305344,0.3564942368924054,0.4682365798412139,0.4635368133904856,0.6580247498676911,True,0.7630873270277932,0.653484829445457,0.7428221546630008,0.6455668718544945,0.0181630760198459,0.2499789540306665,NB,dedup,Spike2Vec,7,28328,3,3492,1
0.514575411913815,0.257042939099063,0.5884367050844661,0.514575411913815,0.5322906506508235,0.4184635140353978,0.257042939099063,0.2886368967536849,0.4107943417943503,0.4075519786693853,0.6247013962340774,True,0.7350008482741626,0.6190870258414899,0.7225184113057905,0.6159086700634311,0.0182318430161103,0.2509169660042971,NB,dedup,Spike2Vec,8,28328,3,3492,1
0.5564005069708492,0.3645774629320316,0.6675958103824267,0.5564005069708492,0.5885623352400602,0.5926916184379702,0.3645774629320316,0.4073741514731338,0.4762879156660788,0.4716784039579638,0.69028973895051,True,0.7839941613418316,0.6863858674131446,0.7592506458693566,0.6713455790055322,0.0181816699914634,0.2518316140049137,NB,dedup,Spike2Vec,9,28328,3,3492,1
0.6932826362484157,0.4905416559233027,0.7065755194523651,0.6932826362484157,0.6821947019400626,0.6074693416565283,0.4905416559233027,0.515856959920622,0.6247376179050628,0.6208704147157988,0.8766373062761431,True,0.9240123902737876,0.8678640230329747,0.8262322212961974,0.7373722925660239,0.0026547599700279,0.726920393994078,KNN,dedup,Spike2Vec,5,28328,3,3492,1
0.7034220532319392,0.4973827027776172,0.6976654944044646,0.7034220532319392,0.6962034218508271,0.5712737394511335,0.4973827027776172,0.5253926650983686,0.6344160863698394,0.6331289928364912,0.8698294075889436,True,0.922306213687938,0.8609073860728658,0.832619714285374,0.7410831565835984,0.0026073019835166,0.7291434719809331,KNN,dedup,Spike2Vec,6,28328,3,3492,1
0.6730038022813688,0.4852583866785243,0.6852702588420677,0.6730038022813688,0.6720719608662498,0.5769319922516168,0.4852583866785243,0.5174947597959089,0.5985409607949829,0.5972777541471714,0.8379727154621963,True,0.9133549010144852,0.8271097535263565,0.8177325085455034,0.7343443073640579,0.0024560810416005,0.6563409619848244,KNN,dedup,Spike2Vec,7,28328,3,3492,1
0.6920152091254753,0.4673040218566907,0.6936021005018386,0.6920152091254753,0.6822689238449329,0.5743276450118718,0.4673040218566907,0.5013127840223661,0.6198223884884817,0.6176151480460632,0.8415612042206457,True,0.9123670684688104,0.8306543902972056,0.8251175177464346,0.725702807189547,0.0024055169778876,0.6570592860225588,KNN,dedup,Spike2Vec,8,28328,3,3492,1
0.7186311787072244,0.5263629980781351,0.7191376744382466,0.7186311787072244,0.7099139693557087,0.6089980367844604,0.5263629980781351,0.549260023706802,0.655796165368414,0.6540758529706843,0.8775831730488787,True,0.9270681349594626,0.8692146608958762,0.8422250204031038,0.7560099090573904,0.0023027050192467,0.7048779759788886,KNN,dedup,Spike2Vec,9,28328,3,3492,1
0.8060836501901141,0.6706902162593281,0.7953550774070209,0.8060836501901141,0.7952953100406658,0.678322539133693,0.6706902162593281,0.6614541843975799,0.7630320304222648,0.7623395722714735,0.980947061072306,True,0.982545235498154,0.9724619578297392,0.8959120747155515,0.8306138387985528,0.2384653249755501,0.0480271580163389,RF,dedup,Spike2Vec,5,28328,3,3492,1
0.7934093789607097,0.6606397032620392,0.7749284736847876,0.7934093789607097,0.7796025385527025,0.6543524412957079,0.6606397032620392,0.6481973164823155,0.7468601075248152,0.7462021194719082,0.9470403069340588,True,0.972343667092492,0.936552748023862,0.8872290613732406,0.8251938998752576,0.2384979859925806,0.0496617219760082,RF,dedup,Spike2Vec,6,28328,3,3492,1
0.788339670468948,0.650844249938893,0.7795741470712527,0.788339670468948,0.7798518170963112,0.6547265192242121,0.650844249938893,0.6435881423435877,0.7413170321926742,0.7406286109104366,0.9609718747026808,True,0.9790886282302153,0.9494367379289168,0.885857693751264,0.8202338383217768,0.2276929030194878,0.0488975039916113,RF,dedup,Spike2Vec,7,28328,3,3492,1
0.7959442332065906,0.6262639855491035,0.7863019299425525,0.7959442332065906,0.7847405254871874,0.6327779995354155,0.6262639855491035,0.6197332341546168,0.7503529207827095,0.7494837980629855,0.9399037673077746,True,0.9768251886349876,0.9263308172011088,0.890223205194253,0.8081421384651997,0.2657734209788032,0.0493980519822798,RF,dedup,Spike2Vec,8,28328,3,3492,1
0.8060836501901141,0.6772323117693942,0.7946956810474565,0.8060836501901141,0.7931961612784769,0.6728869294249352,0.6772323117693942,0.6613893778830442,0.7629032817149833,0.7620538151771336,0.967118942534622,True,0.9777633798176636,0.9556191814858028,0.8947308163520279,0.8338311929916075,0.2428720279713161,0.0591581549961119,RF,dedup,Spike2Vec,9,28328,3,3492,1
0.7845373891001267,0.6575046937451721,0.797135903693064,0.7845373891001267,0.7838136807317636,0.6910269890156832,0.6575046937451721,0.6625358021584359,0.7378412237389966,0.736567661043713,0.9779916501782708,True,0.9793425254204864,0.9636408019772515,0.8846860908095212,0.823510805545746,5.539686115051154,0.0052761369734071,MLP,dedup,Spike2Vec,5,28328,3,3492,1
0.7769328263624842,0.6509851274762035,0.7768522493130736,0.7769328263624842,0.7696125939840943,0.6438396686410001,0.6509851274762035,0.6337895487361209,0.7286739999051631,0.7272250475859345,0.957553516207628,True,0.9739961939641024,0.9364719583001964,0.8799012679632919,0.8200335304637061,6.1418560819583945,0.0052790020126849,MLP,dedup,Spike2Vec,6,28328,3,3492,1
0.7655259822560203,0.647741517033901,0.760295594402023,0.7655259822560203,0.7577232066489755,0.6732269556223169,0.647741517033901,0.6451537477506836,0.7143083237757061,0.7131326352530541,0.9652322158559952,True,0.972518905484734,0.9422241255360864,0.8746888482950375,0.8181747970758159,7.247767210996244,0.0050399280153214,MLP,dedup,Spike2Vec,7,28328,3,3492,1
0.7984790874524715,0.647738403676247,0.7803663971944791,0.7984790874524715,0.78293360963783,0.6151180741511156,0.647738403676247,0.6212413572449765,0.7546134556658572,0.7528307500132991,0.9736478233652492,True,0.980285373964348,0.952551688806988,0.8917816517684731,0.8189501860094178,4.043077564972919,0.0050504480022937,MLP,dedup,Spike2Vec,8,28328,3,3492,1
0.7934093789607097,0.668431022206179,0.7828672895065536,0.7934093789607097,0.7816458630355593,0.6978628179442596,0.668431022206179,0.6701079067104874,0.7481605829472474,0.7466745457231496,0.9796360949756572,True,0.981409649457437,0.9668246850449032,0.8886055137677331,0.8291521253652591,3.6146792200161135,0.0053039279882796,MLP,dedup,Spike2Vec,9,28328,3,3492,1
0.7997465145754119,0.677803253454459,0.7952327451646397,0.7997465145754119,0.7938145901445833,0.7027942447392617,0.677803253454459,0.6798699128018775,0.7551195358269537,0.7548586025237399,0.9812404538759748,True,0.9830651855720186,0.9683934297784232,0.8927068699986469,0.8340246662726226,72.90724080905784,0.0153478780412115,LR,dedup,Spike2Vec,5,28328,3,3492,1
0.7972116603295311,0.6732598344005868,0.7844817441970314,0.7972116603295311,0.7860120074476671,0.683524072883066,0.6732598344005868,0.6650852679517054,0.7517239664761867,0.7513688108086816,0.9506135753374332,True,0.9789044275220722,0.9347125828282068,0.8900907636852924,0.8316340428223522,71.21694100700552,0.0150871489895507,LR,dedup,Spike2Vec,6,28328,3,3492,1
0.7896070975918885,0.6558701801987049,0.7825752209496204,0.7896070975918885,0.7842551678197377,0.6654221928388392,0.6558701801987049,0.654665205409117,0.7426864524060656,0.7425076476648081,0.9692461643165452,True,0.9800089871094376,0.9487639924966278,0.8871590995369946,0.8228059582601248,73.13669707300141,0.0133932569879107,LR,dedup,Spike2Vec,7,28328,3,3492,1
0.7934093789607097,0.6356451385954354,0.7805915825727651,0.7934093789607097,0.7844857832746968,0.6303337472201022,0.6356451385954354,0.6277263942809558,0.7471554426370729,0.7466900135117568,0.976795345226768,True,0.9836130918548184,0.9539887169298344,0.8890179990131138,0.8127779328892227,85.03099128702888,0.0134730049758218,LR,dedup,Spike2Vec,8,28328,3,3492,1
0.7908745247148289,0.6532077111185254,0.7777615550138203,0.7908745247148289,0.7811458137175238,0.6554657575822107,0.6532077111185254,0.6500845704475414,0.7441899190205098,0.7435329160830482,0.9793688915637958,True,0.9805872419247776,0.9638165443553296,0.8868370954449116,0.8214600871703951,62.087143515003845,0.0133735089912079,LR,dedup,Spike2Vec,9,28328,3,3492,1
0.7782002534854245,0.6538584722073645,0.7744955774304357,0.7782002534854245,0.7723539136763287,0.6703555980568379,0.6538584722073645,0.6512762669366156,0.7289811135048455,0.728422816613856,0.8215056754307934,True,0.8806816651964449,0.8186877711562386,0.8806816651964449,0.8215056754307934,0.4744274530094117,0.0021928499918431,DT,dedup,Spike2Vec,5,28328,3,3492,1
0.7832699619771863,0.6723607780298543,0.7785563703457514,0.7832699619771863,0.7787170735446134,0.6559042269711581,0.6723607780298543,0.6586340218087804,0.7348726182060578,0.73455406838451,0.8308619426037036,True,0.8829941789530837,0.8283794551584949,0.8829941789530837,0.8308619426037036,0.4679806890198961,0.0021765290293842,DT,dedup,Spike2Vec,6,28328,3,3492,1
0.7693282636248415,0.6189789795333861,0.7719678417102334,0.7693282636248415,0.7684076880274551,0.6434192978019979,0.6189789795333861,0.6240942567554618,0.7182259500313888,0.7178416550900226,0.8038649721363111,True,0.8762606121316,0.8004175607079642,0.8762606121316,0.8038649721363111,0.4630405019852333,0.0021981999743729,DT,dedup,Spike2Vec,7,28328,3,3492,1
0.7782002534854245,0.626375549135616,0.772340510164758,0.7782002534854245,0.7724659215148323,0.609007451088777,0.626375549135616,0.6122085160494648,0.728898591498145,0.7281913281074675,0.8077433272883578,True,0.8802221598521007,0.8042919543091321,0.8802221598521007,0.8077433272883578,0.4596911160042509,0.0021671620197594,DT,dedup,Spike2Vec,8,28328,3,3492,1
0.7832699619771863,0.6749953488653042,0.7785817584891862,0.7832699619771863,0.777886223920287,0.6739754441380893,0.6749953488653042,0.6676229080958278,0.735156977659915,0.7347716684031531,0.83219342443683,True,0.8833065000919139,0.8297594684532544,0.8833065000919139,0.83219342443683,0.4843276980100199,0.0021790740429423,DT,dedup,Spike2Vec,9,28328,3,3492,1
0.3423809523809524,0.4714933493654357,0.6694273292743017,0.3423809523809524,0.4293026752035672,0.6202507935129756,0.4714933493654357,0.4754086301148147,0.2780447584653078,0.2476800810194672,0.7291202299337531,True,0.6509205452702319,0.7321394774877283,0.6422623511181085,0.7194858724608139,0.4021564800059423,7.625878885970451,NB,raw,Murmur2Vec,5,28328,3,28328,1
0.6533333333333333,0.4930898756176406,0.7349723932744653,0.6533333333333333,0.661487203779688,0.5753087918800639,0.4930898756176406,0.4733222253859727,0.5414808061280189,0.5317834737452055,0.7574623670967775,True,0.817848493859021,0.7520308785482067,0.8082258287383645,0.7378279300242007,0.4011942139477469,7.628158778010402,NB,raw,Murmur2Vec,6,28328,3,28328,1
0.3395238095238095,0.456397543163103,0.7084500166548132,0.3395238095238095,0.4301326245371812,0.5182395758426614,0.456397543163103,0.4459939630320308,0.2953127101586404,0.2594287632101846,0.7458698711612068,True,0.6724193778521262,0.7481613846276584,0.6555415408001187,0.7125415688906478,0.4040045799920335,7.6315175899653696,NB,raw,Murmur2Vec,7,28328,3,28328,1
0.3471428571428571,0.4830304826366708,0.7170792222578493,0.3471428571428571,0.4391920757890839,0.5840792013391793,0.4830304826366708,0.4603369774491461,0.2982779362017076,0.2632159723292059,0.7284048297048217,True,0.6612193137663772,0.7312380065459934,0.6550602902304133,0.7258361636015361,0.4027911380399018,7.646050342009403,NB,raw,Murmur2Vec,8,28328,3,28328,1
0.6657142857142857,0.4990070617566836,0.7544608733846772,0.6657142857142857,0.677183521750882,0.6072781453403957,0.4990070617566836,0.4910166412074661,0.5545370708146148,0.5454274945753176,0.7515800931244899,True,0.8164394151824682,0.7470747182904475,0.8110798089980256,0.7409162494691613,0.4032178290071897,7.764874800981488,NB,raw,Murmur2Vec,9,28328,3,28328,1
0.8,0.5856832953466208,0.8073633502965563,0.8,0.7947713159821052,0.6473278676160742,0.5856832953466208,0.5916721863778928,0.7283783017817994,0.7270646921664163,0.9037206468210836,True,0.9605718111653708,0.8940597869414737,0.8881326023076552,0.787756765960022,0.0067351089674048,3.814630651031621,KNN,raw,Murmur2Vec,5,28328,3,28328,1
0.8133333333333334,0.5902764399987412,0.7979046438879911,0.8133333333333334,0.8011800404353583,0.6089210408722123,0.5902764399987412,0.5922905512441874,0.7467609266940116,0.7452139404372589,0.8941916077282872,True,0.9514536285381252,0.8850217604238835,0.8966352425154008,0.7904398219318889,0.0054970919736661,3.823483802028932,KNN,raw,Murmur2Vec,6,28328,3,28328,1
0.8076190476190476,0.6328019725585629,0.8143346318847551,0.8076190476190476,0.8038667475678598,0.6704126876929282,0.6328019725585629,0.6233846429962869,0.7409492425760466,0.7388772769368988,0.908108059352159,True,0.95824465774641,0.898776286982159,0.8956754670037899,0.8116589620521808,0.0056017059832811,3.885859051020816,KNN,raw,Murmur2Vec,7,28328,3,28328,1
0.8233333333333334,0.6079763999747182,0.8233412682556691,0.8233333333333334,0.8127259784972517,0.7346825942255516,0.6079763999747182,0.6267314628477161,0.7602054258743426,0.758951751057274,0.9223086639340176,True,0.9632628129952094,0.9111122077606784,0.901382999098085,0.7995056090372721,0.0054804099490866,3.8480823429999873,KNN,raw,Murmur2Vec,8,28328,3,28328,1
0.8066666666666666,0.5609739050395757,0.7980630353164928,0.8066666666666666,0.7951694297027069,0.6365946569717681,0.5609739050395757,0.5716115824720456,0.7366526226851161,0.7356389732522824,0.9055686010213058,True,0.957635370691483,0.8944887220450908,0.8915022393208107,0.775555236125279,0.007390355982352,3.85891052801162,KNN,raw,Murmur2Vec,9,28328,3,28328,1
0.8476190476190476,0.6662642263122454,0.8399491071284263,0.8476190476190476,0.8327673404569802,0.7215233278743954,0.6662642263122454,0.6580704688343774,0.7944442674747725,0.7927873980202562,0.977632119343913,True,0.9882857899060832,0.967234106642149,0.9186916838933892,0.8294362806058223,1.4391090429853648,0.1102909529581666,RF,raw,Murmur2Vec,5,28328,3,28328,1
0.8476190476190476,0.6668565045117959,0.8443637317791013,0.8476190476190476,0.8370600136220387,0.7318862878990422,0.6668565045117959,0.6678541780552589,0.7932398123036776,0.7924224943588033,0.9757348188967352,True,0.9876990621248348,0.9651544294164296,0.917444791477774,0.8296757427776149,1.477553429955151,0.0998343979590572,RF,raw,Murmur2Vec,6,28328,3,28328,1
0.8638095238095238,0.7069904784811368,0.8576091911798072,0.8638095238095238,0.8529887315973942,0.7397531141335374,0.7069904784811368,0.7063084873776625,0.8160206315493029,0.8148745779889387,0.9783193581291776,True,0.9889175689699226,0.9684552673958626,0.9276157567183636,0.8502050463641304,1.4254992450005377,0.1106385979801416,RF,raw,Murmur2Vec,7,28328,3,28328,1
0.8628571428571429,0.686434735952132,0.8630715288571699,0.8628571428571429,0.8481028652262721,0.7782562405083734,0.686434735952132,0.6887774967615503,0.8152173669084816,0.8132716092263832,0.9808884284941428,True,0.990263029679661,0.9688237223902144,0.9261397847977568,0.8398600854668732,1.5122525649494492,0.1207796680391766,RF,raw,Murmur2Vec,8,28328,3,28328,1
0.8523809523809524,0.6780616179396077,0.8509222153438236,0.8523809523809524,0.8409421082096508,0.7571691781304657,0.6780616179396077,0.678729607582484,0.8003552589136161,0.7990820735841073,0.9861218511103929,True,0.9900331195340688,0.9755395780243358,0.92048653294982,0.835416560467523,1.587650804023724,0.1099067099858075,RF,raw,Murmur2Vec,9,28328,3,28328,1
0.8438095238095238,0.6795514004884108,0.855661342676211,0.8438095238095238,0.8254832082775415,0.7755980305540606,0.6795514004884108,0.6692744164733758,0.7913717899670413,0.7872634162567441,0.9858481585241684,True,0.99078498156128,0.9706434559601116,0.9162965728901052,0.8359709990119374,39.41669569996884,0.0923879939946346,MLP,raw,Murmur2Vec,5,28328,3,28328,1
0.8428571428571429,0.6926603310456726,0.8389777156130692,0.8428571428571429,0.8333644860406052,0.687473311251336,0.6926603310456726,0.6691790174307187,0.7877151345658345,0.786438637780515,0.9857758630691454,True,0.9902808838364494,0.973281488407133,0.9163715837053934,0.8425288738730814,78.2625554749975,0.0972952010342851,MLP,raw,Murmur2Vec,6,28328,3,28328,1
0.8214285714285714,0.72598277539494,0.8558529895446845,0.8214285714285714,0.8152459181876112,0.7083526279503504,0.72598277539494,0.6908221810482756,0.763265218822789,0.7588011544465888,0.9858891776432556,True,0.9901624436861431,0.9756990658776484,0.9059984989881804,0.8587185921969328,59.95000276900828,0.0998071610229089,MLP,raw,Murmur2Vec,7,28328,3,28328,1
0.8542857142857143,0.6453288260171406,0.8419502403749548,0.8542857142857143,0.834275695982415,0.6884690963230515,0.6453288260171406,0.6371672871596906,0.8046668171341343,0.8016163972413998,0.9818434286709956,True,0.9902235848141628,0.9664485409000128,0.9222669265109814,0.8191310914863422,64.3261287950445,0.0986005529994145,MLP,raw,Murmur2Vec,8,28328,3,28328,1
0.8466666666666667,0.6457548653856752,0.8541507073256307,0.8466666666666667,0.8334499625438152,0.7729483091258104,0.6457548653856752,0.6517603129176309,0.7943249312454216,0.7915977077597031,0.9864926499862288,True,0.990668101511138,0.972757238493512,0.9184201464914198,0.8191692575333568,64.20510205003666,0.1005867290077731,MLP,raw,Murmur2Vec,9,28328,3,28328,1
0.85,0.6761797187831065,0.8395048019414615,0.85,0.8377729665165201,0.7184834574261655,0.6761797187831065,0.6786467950320131,0.7972770091955126,0.796021698480909,0.9794706010510126,True,0.9897876966935728,0.9653893821227796,0.92003802015266,0.8344552239439469,320.43017153599067,0.0531148790032602,LR,raw,Murmur2Vec,5,28328,3,28328,1
0.8504761904761905,0.6731652350284677,0.8408839855287916,0.8504761904761905,0.8371383424490381,0.7144926218195483,0.6731652350284677,0.6714761771973105,0.7978797196855442,0.7964893957827566,0.985707214980912,True,0.9907805023136574,0.972049392165078,0.919711889612642,0.8329331579511721,317.5998312800075,0.0502229459816589,LR,raw,Murmur2Vec,6,28328,3,28328,1
0.8609523809523809,0.709212495121766,0.8584493561414106,0.8609523809523809,0.8483682509979616,0.7855398988652728,0.709212495121766,0.7112766772706921,0.8125600814239466,0.8109289364752676,0.9860540048919,True,0.9907683779414592,0.9734625749562312,0.9259222834290332,0.8512390786258393,328.2754800749826,0.0523705520317889,LR,raw,Murmur2Vec,7,28328,3,28328,1
0.8666666666666667,0.6894818107128353,0.8611417774170256,0.8666666666666667,0.8547876812639849,0.7581803528397878,0.6894818107128353,0.6966685589204343,0.82018340416709,0.818679692125518,0.9810017017634272,True,0.9902935487171188,0.9657840938520292,0.9291619312421824,0.8415209931401532,345.9745305580436,0.0467443869565613,LR,raw,Murmur2Vec,8,28328,3,28328,1
0.8519047619047619,0.6833648548786485,0.8448662799078305,0.8519047619047619,0.8389792393181027,0.766698220797409,0.6833648548786485,0.688949850684214,0.7995510420670839,0.7984914162156558,0.9872371876811232,True,0.9909279017389544,0.9765029529523156,0.9203179221343786,0.8380605148090687,369.61773501796415,0.0511804010020569,LR,raw,Murmur2Vec,9,28328,3,28328,1
0.8476190476190476,0.6689015920693161,0.8439851748218715,0.8476190476190476,0.8353005379589713,0.7344483942332299,0.6689015920693161,0.6669710228624427,0.794848042540953,0.7930284465768538,0.9177242405302825,True,0.9544071157866334,0.9099113516835168,0.9192817975951492,0.8307817868344376,1.2279939890140668,0.0096175289945676,DT,raw,Murmur2Vec,5,28328,3,28328,1
0.8414285714285714,0.6666365506246602,0.839373869006347,0.8414285714285714,0.8322277986304549,0.7137549658589895,0.6666365506246602,0.6620463708721451,0.7857409599576068,0.7845565262612748,0.920572223201649,True,0.9545110262258972,0.9132586485670748,0.9153705349785192,0.8294714814477172,1.2464313480304554,0.0092877660063095,DT,raw,Murmur2Vec,6,28328,3,28328,1
0.8514285714285714,0.6917763170246546,0.8500916875971793,0.8514285714285714,0.8438078670032421,0.7164314461457004,0.6917763170246546,0.6920083592568893,0.7998810233326403,0.7983640157320383,0.9269778433493958,True,0.959962566402874,0.9200932336970854,0.9212754165487572,0.8423097683554527,1.2342708309879526,0.009343390003778,DT,raw,Murmur2Vec,7,28328,3,28328,1
0.8538095238095238,0.6853279089287025,0.850594122977568,0.8538095238095238,0.8408928836788242,0.7580578227121461,0.6853279089287025,0.6867615596680279,0.8035135995856826,0.8014991478965283,0.9316524534238716,True,0.9582263087537096,0.9230127766971288,0.9224957610930672,0.8391410345140361,1.1921294839703478,0.0093146560247987,DT,raw,Murmur2Vec,8,28328,3,28328,1
0.8495238095238096,0.694549125114837,0.853084099763389,0.8495238095238096,0.8402095711734681,0.7565174921033478,0.694549125114837,0.6945392279436988,0.7973428230794176,0.7955648414657102,0.9461874153200096,True,0.9618079448441188,0.9396860765384332,0.9197308939621954,0.8436259668284275,1.3089406050276011,0.0095070530078373,DT,raw,Murmur2Vec,9,28328,3,28328,1
0.3461904761904762,0.4727005047265284,0.6776360939866114,0.3461904761904762,0.4327000042565943,0.6341596213290098,0.4727005047265284,0.4770277491176209,0.2799060103517444,0.2498766835043112,0.7301331056023521,True,0.653169505353024,0.7332920336620719,0.6430433411297014,0.7201249496873418,0.0543557350174523,1.0380253940238615,NB,raw,Spike2Vec,5,28328,3,3492,1
0.66,0.5024368006212202,0.7411129475297509,0.66,0.6680865334612067,0.5831893149031543,0.5024368006212202,0.4816300038908329,0.5496575178049575,0.5402961370956245,0.7638352132604923,True,0.8211966316621895,0.7584825215388178,0.8112409743252309,0.7426384445981207,0.0527416490367613,1.0365184980328197,NB,raw,Spike2Vec,6,28328,3,3492,1
0.3414285714285714,0.4604731012789061,0.7077321627359451,0.3414285714285714,0.4312794965571349,0.5204247222691794,0.4604731012789061,0.4501401121336039,0.297611622630163,0.2615087465558433,0.7478989867197933,True,0.6735145676508858,0.7502945702456477,0.6563214181429318,0.7146147969186772,0.0535021710093133,1.0355128410155885,NB,raw,Spike2Vec,7,28328,3,3492,1
0.3528571428571428,0.4893940427022583,0.7155542663626769,0.3528571428571428,0.4458068475816034,0.5654816173331119,0.4893940427022583,0.4643686003998262,0.304313700283121,0.269099978026132,0.7315308651881766,True,0.6637610264887328,0.7343466731186533,0.6579624788283864,0.729149861297874,0.0534145889687351,1.034818903019186,NB,raw,Spike2Vec,8,28328,3,3492,1
0.6714285714285714,0.5078613944429707,0.758714170049151,0.6714285714285714,0.684353147166824,0.6103480101682073,0.5078613944429707,0.4982790697482432,0.5623586134247419,0.5537460386876623,0.755789463495717,True,0.8200648453153175,0.75130474399475,0.8150463984460647,0.7455237153326703,0.0534649119945243,1.0339964480372146,NB,raw,Spike2Vec,9,28328,3,3492,1
0.8123809523809524,0.5848483230682,0.8113379321217026,0.8123809523809524,0.8029433160765177,0.6437470757276688,0.5848483230682,0.589798650785596,0.744905330073917,0.7435563655298099,0.9053027551220656,True,0.9607546660709292,0.8953225327324269,0.8941841127621561,0.7876143484778345,0.0062255029915831,3.904725261032581,KNN,raw,Spike2Vec,5,28328,3,3492,1
0.8080952380952381,0.6149630350013225,0.8154995694313408,0.8080952380952381,0.8013297278645555,0.6698317299636856,0.6149630350013225,0.6136265685180103,0.739751575831886,0.7382043472369932,0.8966341296560199,True,0.9518941185723906,0.8883046706369669,0.8940913504905809,0.8026674879775059,0.0060500079998746,4.0476019229972735,KNN,raw,Spike2Vec,6,28328,3,3492,1
0.8076190476190476,0.6306693213264408,0.8148422879308344,0.8076190476190476,0.803810541330983,0.6702645538678086,0.6306693213264408,0.6209892707042699,0.7409807940737257,0.7388584692316855,0.908184949264053,True,0.9583086392486782,0.8989574241734282,0.8956641144525884,0.8105921204110653,0.0057951950002461,3.876859034993686,KNN,raw,Spike2Vec,7,28328,3,3492,1
0.8142857142857143,0.5794567503881336,0.8085570174945553,0.8142857142857143,0.8044271394271127,0.6587959780404156,0.5794567503881336,0.5945963112360116,0.7478537109235812,0.7465994355881446,0.916230117567,True,0.9646186398547169,0.9069224873461526,0.896704135745634,0.7850331086370502,0.0059453329886309,3.9282696029986255,KNN,raw,Spike2Vec,8,28328,3,3492,1
0.8104761904761905,0.597273875693862,0.8096314699199048,0.8104761904761905,0.8007195135617181,0.6623170892931018,0.597273875693862,0.5994885130648655,0.7427638013683918,0.7410744573576769,0.8960164392591377,True,0.948154235911115,0.8867558639467775,0.8938630637670749,0.7938125316545253,0.0062188709853217,3.92884198500542,KNN,raw,Spike2Vec,9,28328,3,3492,1
0.8523809523809524,0.6771689218192521,0.8459751258390266,0.8523809523809524,0.8383228973874605,0.7369050069447746,0.6771689218192521,0.6718066039739212,0.8010438636224158,0.7993747642422345,0.9779395942138082,True,0.9882146154077446,0.9678125191634338,0.9215988673231982,0.8350207730606806,0.9309518749942072,0.0704752700403332,RF,raw,Spike2Vec,5,28328,3,3492,1
0.8528571428571429,0.6811819138096693,0.8511364242078495,0.8528571428571429,0.8416704170706301,0.7402293300058712,0.6811819138096693,0.6772381885109969,0.8007225125711547,0.7996712744228779,0.9779763789711128,True,0.988290521121788,0.968032453319512,0.92048946333647,0.8369768416019469,0.9734729659976438,0.0699565980467014,RF,raw,Spike2Vec,6,28328,3,3492,1
0.8638095238095238,0.7065074345552462,0.857655729205756,0.8638095238095238,0.8521982058722499,0.7328615858906947,0.7065074345552462,0.7016790982756106,0.8161200449597714,0.8148753768531342,0.9820526616590758,True,0.9899021887374676,0.972961161559926,0.9276334000978926,0.8499643263729819,0.9308827359927818,0.0700136230443604,RF,raw,Spike2Vec,7,28328,3,3492,1
0.8680952380952381,0.6955895472010962,0.8686108641845759,0.8680952380952381,0.8535722733418976,0.7857970419684321,0.6955895472010962,0.6972830784586769,0.8224230789462803,0.8204863994608111,0.9794273891388042,True,0.9893463678860264,0.9687390352987176,0.9292066695547886,0.8445768949439476,0.9617190720164216,0.0796511190128512,RF,raw,Spike2Vec,8,28328,3,3492,1
0.8533333333333334,0.6856710809167923,0.8516595728819607,0.8533333333333334,0.8416327207822372,0.7652378981650194,0.6856710809167923,0.6857744923198735,0.8016390510493238,0.8003902697354554,0.9843128349636872,True,0.9894761610647228,0.9740034338509942,0.9209555292177796,0.8392426099682951,1.0029237819835544,0.0721474229940213,RF,raw,Spike2Vec,9,28328,3,3492,1
0.8447619047619047,0.6967902016360594,0.852842131554988,0.8447619047619047,0.8382385153462032,0.7336153988528015,0.6967902016360594,0.6885559682434917,0.7908259374337888,0.7891455868719566,0.9836666351725408,True,0.9899322345400148,0.9691551353943098,0.9176235872221103,0.8446507184190348,9.946693858946674,0.0133836779859848,MLP,raw,Spike2Vec,5,28328,3,3492,1
0.8452380952380952,0.6551671022302347,0.8428636933490878,0.8452380952380952,0.8354357587898996,0.731996494606723,0.6551671022302347,0.6566426767315469,0.790512157133423,0.789544834042611,0.9856812310632156,True,0.9898968192891848,0.9721411706116216,0.9174051054899832,0.8238292377282984,8.573066947050393,0.0132396099506877,MLP,raw,Spike2Vec,6,28328,3,3492,1
0.8423809523809523,0.7187611185071578,0.8560305878854422,0.8423809523809523,0.835328399524371,0.7429017060596881,0.7187611185071578,0.7049345704477032,0.7889115995548005,0.786076408668845,0.9862388388996264,True,0.9908256218982194,0.9753307566620288,0.9167760256861598,0.8555976513302227,4.954102249990683,0.0141010590014047,MLP,raw,Spike2Vec,7,28328,3,3492,1
0.8285714285714286,0.6489900914670783,0.8464894691469446,0.8285714285714286,0.807822608362438,0.764796712675276,0.6489900914670783,0.6419838848765758,0.7734301716220373,0.767413169890835,0.98114176504377,True,0.9900052709137904,0.9680686514427614,0.90867590967866,0.820343950718933,6.546690507035237,0.013592695002444,MLP,raw,Spike2Vec,8,28328,3,3492,1
0.8519047619047619,0.6779240727863981,0.851054151491801,0.8519047619047619,0.8372896810344783,0.7579606903773525,0.6779240727863981,0.6785638541441114,0.8004642058572458,0.7983585876518022,0.986703451316369,True,0.9908597925957658,0.9757519916153437,0.920276194805685,0.8353382270661847,6.77730341401184,0.0135469409869983,MLP,raw,Spike2Vec,9,28328,3,3492,1
0.8514285714285714,0.6761976332522649,0.8419217598814157,0.8514285714285714,0.8392284626687567,0.7231016134297317,0.6761976332522649,0.6791563478668755,0.7992247439555386,0.7979730081825248,0.9793057580124512,True,0.9897120602637832,0.9653256738713688,0.9208244310380974,0.8344999271278642,170.17843059200095,0.0410836079972796,LR,raw,Spike2Vec,5,28328,3,3492,1
0.85,0.6737093121634539,0.8411669910613316,0.85,0.8369286745229622,0.7177953051688193,0.6737093121634539,0.672835417145532,0.7972343975124093,0.795838437372399,0.9854476027912056,True,0.990673248280463,0.971952804241917,0.9194477628472524,0.8331931907566019,215.896450952976,0.0401640579802915,LR,raw,Spike2Vec,6,28328,3,3492,1
0.8609523809523809,0.7122857577370134,0.8584139612207377,0.8609523809523809,0.8480612263359798,0.7840150511858035,0.7122857577370134,0.7117643539134443,0.8125953841957696,0.8109481143215127,0.986012268342656,True,0.99074021269846,0.973357590479982,0.9259329605451254,0.8527761952569215,177.16280702705262,0.0405458050081506,LR,raw,Spike2Vec,7,28328,3,3492,1
0.8661904761904762,0.6892463366102549,0.8604070235721603,0.8661904761904762,0.8539506442033528,0.7567615930884664,0.6892463366102549,0.695562216956728,0.819580311941137,0.8180450807881692,0.981046722489012,True,0.9902757305537256,0.9660086038798862,0.9289226417752136,0.8413923792949098,180.69629840704147,0.0394911969779059,LR,raw,Spike2Vec,8,28328,3,3492,1
0.8519047619047619,0.6823126982194655,0.8444393479265456,0.8519047619047619,0.8388708775889118,0.7641274515269966,0.6823126982194655,0.6878710434746288,0.7995433287672652,0.7984893644593368,0.9871849505472354,True,0.990882414421427,0.9765776082657648,0.9203162169579104,0.837534358971456,183.69713582401164,0.0406000850489363,LR,raw,Spike2Vec,9,28328,3,3492,1
0.85,0.6726927354849717,0.8470672982795223,0.85,0.8372206403282553,0.7385516297045233,0.6726927354849717,0.668683147317729,0.7978979303552225,0.7961900008318775,0.9210861194310296,True,0.956385483058405,0.9134524113238762,0.9205054348342314,0.8327329784167691,1.1868034310173243,0.0058803820284083,DT,raw,Spike2Vec,5,28328,3,3492,1
0.8447619047619047,0.6668070369718069,0.8447037313359056,0.8447619047619047,0.8355313119678387,0.7186164175594782,0.6668070369718069,0.6625332261019719,0.7904334229254202,0.789203239976377,0.9183393700446644,True,0.9560815940871874,0.911188218154216,0.9175859293318144,0.8296574243646222,1.2535452889860608,0.006072579009924,DT,raw,Spike2Vec,6,28328,3,3492,1
0.8523809523809524,0.7072133111997428,0.8516619863533348,0.8523809523809524,0.8435390679702721,0.7216646887748321,0.7072133111997428,0.7010316161530012,0.8013829349666609,0.7996886096358702,0.9359870766488269,True,0.9600171456969236,0.9299793677028764,0.921711497184314,0.8500480872900676,1.199215175001882,0.0059303159941919,DT,raw,Spike2Vec,7,28328,3,3492,1
0.8561904761904762,0.6888672761044891,0.8510884537406935,0.8561904761904762,0.8438548263272976,0.7479781845177752,0.6888672761044891,0.6885782920267823,0.8064909220614624,0.8047536423204946,0.9298068049778008,True,0.9594929171728503,0.9213998198888024,0.923811044199934,0.840970503697696,1.1705676509882323,0.0058913429966196,DT,raw,Spike2Vec,8,28328,3,3492,1
0.8495238095238096,0.6917883059871183,0.8566454989244581,0.8495238095238096,0.8399308643625751,0.7674448484970235,0.6917883059871183,0.6935878610699026,0.7978169040340665,0.79561238054289,0.9456500116176292,True,0.9618554965011106,0.9387516248810144,0.919729486781026,0.8422454933017876,1.2646810750011357,0.0062941899523139,DT,raw,Spike2Vec,9,28328,3,3492,1
0.5931558935361216,0.2638535662825537,0.5947957222475382,0.5931558935361216,0.5716048150507101,0.4130444886061925,0.2638535662825537,0.2928262277104505,0.4890489679221902,0.484133062298608,0.6389954652155191,True,0.7812351460990438,0.6326114945356259,0.7559637507416298,0.6208342263568055,0.1560045910300687,3.029109577997588,NB,dedup,Murmur2Vec,10,28129,3,28129,2
0.5538656527249683,0.2191336699865521,0.5797549290640451,0.5538656527249683,0.5363287887078281,0.3999383499068284,0.2191336699865521,0.2492382479376461,0.4391910847051039,0.4328597771283993,0.6024477987828941,True,0.7440724891687529,0.5960069814844433,0.7337256057594298,0.5974634534368864,0.1573934570187702,3.0316415159613825,NB,dedup,Murmur2Vec,11,28129,3,28129,2
0.550063371356147,0.28877854042036,0.6088348360700226,0.550063371356147,0.5545905794353463,0.5218290301294753,0.28877854042036,0.3389318936666431,0.4434796753133182,0.4400451810239699,0.6429456619497184,True,0.7496836219150073,0.6378586312041277,0.7347382028324569,0.6323319157934734,0.1565591100370511,3.0350013179704547,NB,dedup,Murmur2Vec,12,28129,3,28129,2
0.596958174904943,0.3237554153947797,0.5999825852137254,0.596958174904943,0.5685296999758161,0.5604166466638212,0.3237554153947797,0.3711339561049284,0.4889758925132769,0.4812633998995201,0.6660658442756384,True,0.7715409484130303,0.6608166788004962,0.7496699982871778,0.650499071255898,0.1578426199848763,3.036283958004788,NB,dedup,Murmur2Vec,13,28129,3,28129,2
0.5386565272496832,0.2952141004293508,0.5936897997644175,0.5386565272496832,0.5409205745544338,0.5845720589407594,0.2952141004293508,0.3583320596475196,0.4248406781884483,0.4223430831057135,0.6462051510087163,True,0.7401202288616875,0.6423457849052652,0.7213373537505079,0.634940566294244,0.1563866790384054,3.0366673600510694,NB,dedup,Murmur2Vec,14,28129,3,28129,2
0.6869455006337135,0.469127547978628,0.6834641951271831,0.6869455006337135,0.67616146707782,0.5394484264185985,0.469127547978628,0.482290566392094,0.6157936268330807,0.6139715276691078,0.8418666915448031,True,0.9087029368691548,0.8324740123364737,0.8262153765254762,0.7266644729222903,0.0024625179939903,0.6689833090058528,KNN,dedup,Murmur2Vec,10,28129,3,28129,2
0.7122940430925222,0.4923724505410218,0.7086348129901091,0.7122940430925222,0.7002701059308496,0.5981395267703471,0.4923724505410218,0.5269436881176963,0.6458550268984264,0.6432744111935468,0.8460187460341928,True,0.9201077068851922,0.836178534431195,0.8372746424334214,0.7387896181083936,0.0024375920183956,0.655337464006152,KNN,dedup,Murmur2Vec,11,28129,3,28129,2
0.7072243346007605,0.5459712651041011,0.7029964993954502,0.7072243346007605,0.69574654248703,0.592893868638096,0.5459712651041011,0.556324568533516,0.6407152505087748,0.6383936542956118,0.8722273581523777,True,0.9149580342560216,0.8659872875008147,0.8352996829852793,0.7654992545059268,0.002368193003349,0.6605933139799163,KNN,dedup,Murmur2Vec,12,28129,3,28129,2
0.6907477820025348,0.4863552844991841,0.7047137362016744,0.6907477820025348,0.6881897057807005,0.5665713046831673,0.4863552844991841,0.5094396960027523,0.6231687892154543,0.62052278743749,0.8348042851818591,True,0.9096832733823392,0.8247729689535946,0.8293769621198666,0.7354220496186769,0.0024794589844532,0.6823555059963837,KNN,dedup,Murmur2Vec,13,28129,3,28129,2
0.7046894803548795,0.5118095707059247,0.6942757002282344,0.7046894803548795,0.6924596931639588,0.5545309376590152,0.5118095707059247,0.5210969751695514,0.6371961192718504,0.6357708790261705,0.8722444680596401,True,0.9144111670047548,0.8643055173109306,0.8339772823651986,0.7483582981877442,0.002249443961773,0.6439697350142524,KNN,dedup,Murmur2Vec,14,28129,3,28129,2
0.7845373891001267,0.6353171515389819,0.7684187178252808,0.7845373891001267,0.7665858692279565,0.65555875276986,0.6353171515389819,0.6203048058584024,0.7368020096172738,0.735097899031872,0.9453277604767888,True,0.9736619543827462,0.9327140493400724,0.8824549431626633,0.812315618640521,0.3588996200123802,0.0693118029739707,RF,dedup,Murmur2Vec,10,28129,3,28129,2
0.8048162230671736,0.6689609300160908,0.78382251948144,0.8048162230671736,0.7903758078308664,0.6639027721865948,0.6689609300160908,0.6595176770756049,0.760823433087943,0.7600914569133687,0.9694107122608328,True,0.97836835919739,0.9574703257224332,0.8931833001743044,0.8296251604705137,0.3602208509691991,0.0599710250389762,RF,dedup,Murmur2Vec,11,28129,3,28129,2
0.7858048162230672,0.6321739377814706,0.7642171706194604,0.7858048162230672,0.7639272058001174,0.6312413466389285,0.6321739377814706,0.6150548515662099,0.7390228012830067,0.7368941349181919,0.970147333980396,True,0.9793427084154018,0.9591470850297256,0.8836704351130173,0.8107992613958724,0.3674807790084742,0.0484983809874393,RF,dedup,Murmur2Vec,12,28129,3,28129,2
0.7946768060836502,0.6400977395378767,0.7794071569023293,0.7946768060836502,0.7816876986147971,0.659957945696075,0.6400977395378767,0.6407452509701765,0.7481572550440809,0.7472953736654804,0.9396803073107244,True,0.975622192225264,0.9267286128824778,0.8870728379953587,0.8149158169505454,0.359693082049489,0.0596059780218638,RF,dedup,Murmur2Vec,13,28129,3,28129,2
0.7972116603295311,0.6555213855420262,0.7815324669712597,0.7972116603295311,0.7778707599287219,0.652476127284945,0.6555213855420262,0.6295792934643797,0.7518775168419743,0.7508304664231027,0.9726131896442296,True,0.9780709762437878,0.9586052780890026,0.8897668701133292,0.8227500959579825,0.3498955959803425,0.0590406690025702,RF,dedup,Murmur2Vec,14,28129,3,28129,2
0.7820025348542459,0.6369759818277158,0.7814360280402122,0.7820025348542459,0.7723844590064224,0.6515199106000876,0.6369759818277158,0.6314929405008686,0.7349956371616134,0.7327825210295832,0.977098377127412,True,0.9788436001143476,0.960722634979044,0.8820865196951541,0.8131282872636376,53.0266629550024,0.0399326849728822,MLP,dedup,Murmur2Vec,10,28129,3,28129,2
0.7858048162230672,0.6690598463165753,0.7720720413021113,0.7858048162230672,0.7755116509777058,0.6644971059659285,0.6690598463165753,0.6596787590166113,0.738381705071376,0.737381754727349,0.9757284828923392,True,0.9794983192281884,0.961522821273119,0.8840638179231984,0.8292600967002514,38.11484132905025,0.0366862409864552,MLP,dedup,Murmur2Vec,11,28129,3,28129,2
0.7972116603295311,0.6690138027714021,0.7852490212352427,0.7972116603295311,0.7883351943345259,0.6639444590624749,0.6690138027714021,0.6597654212046978,0.7521032605184134,0.751612433544914,0.9753048576576308,True,0.980017042075531,0.9580214943941038,0.8909419312407457,0.8295497164420986,46.316623451013584,0.0392009069910272,MLP,dedup,Murmur2Vec,12,28129,3,28129,2
0.7896070975918885,0.6428255946797754,0.7737437895647264,0.7896070975918885,0.7760963335554528,0.6482487640737371,0.6428255946797754,0.6382128693986486,0.7428594789668167,0.741473341794689,0.974173243772061,True,0.9778732411810648,0.953169531332884,0.8852818075515946,0.8161983340467784,46.856884476030245,0.0392041640006937,MLP,dedup,Murmur2Vec,13,28129,3,28129,2
0.7959442332065906,0.6751732674295461,0.7893340635745619,0.7959442332065906,0.7817933244566104,0.694354689572017,0.6751732674295461,0.6628365241247941,0.7513282144179408,0.7496955653027204,0.975442986605802,True,0.97934909097838,0.960984987645354,0.8897440999573752,0.8325750018946537,41.07762936502695,0.0468422039994038,MLP,dedup,Murmur2Vec,14,28129,3,28129,2
0.7934093789607097,0.6520212267133156,0.7828499673709788,0.7934093789607097,0.7835443685383655,0.67192168309619,0.6520212267133156,0.641405291348777,0.7470662376133864,0.7466461000200939,0.9763460731127336,True,0.9813808318319506,0.9628274211154414,0.8883505997074226,0.8209356406160861,195.84624229499605,0.0192246970254927,LR,dedup,Murmur2Vec,10,28129,3,28129,2
0.7946768060836502,0.6695215100245963,0.7823075004131101,0.7946768060836502,0.7866173977015799,0.6720042599186873,0.6695215100245963,0.6675150603955768,0.7486194584924888,0.7482748026657844,0.97630605312455,True,0.982148113998654,0.9641769254988316,0.8890790223591669,0.8297188923922602,185.9950763480156,0.0198690310353413,LR,dedup,Murmur2Vec,11,28129,3,28129,2
0.7997465145754119,0.6630700198017059,0.7858924220882818,0.7997465145754119,0.7889321209703167,0.6460022345301927,0.6630700198017059,0.6480654059496531,0.7552772304736651,0.7546434159638643,0.9768235415568342,True,0.9816282695341826,0.9568319307607612,0.8920547531557455,0.8266284077715688,193.43169284198663,0.0194528499851003,LR,dedup,Murmur2Vec,12,28129,3,28129,2
0.7997465145754119,0.6694179138915176,0.7837441295724646,0.7997465145754119,0.7879800337418684,0.6713371281232029,0.6694179138915176,0.6635856987650838,0.7545328388763858,0.7540824499039307,0.9792615686496636,True,0.9817749695738284,0.96078021525706,0.8906317741108218,0.8297376739507961,190.7818721780204,0.0189479729742743,LR,dedup,Murmur2Vec,13,28129,3,28129,2
0.8060836501901141,0.6677074952826536,0.7951863820310328,0.8060836501901141,0.7942679277344795,0.6691331766458121,0.6677074952826536,0.6548976140153454,0.7629180722548251,0.7624256331636238,0.9756329960782324,True,0.980008378693458,0.961307390760022,0.8955526507181724,0.8291061408557892,178.42386701400392,0.0199929840164259,LR,dedup,Murmur2Vec,14,28129,3,28129,2
0.7731305449936628,0.6269553648340832,0.767051019169349,0.7731305449936628,0.7645109523363318,0.639623286900236,0.6269553648340832,0.6111720632728598,0.7227539599473227,0.7221672492922918,0.8079534641284816,True,0.878467197651678,0.8045956672940435,0.878467197651678,0.8079534641284816,0.5014231980312616,0.0036026489688083,DT,dedup,Murmur2Vec,10,28129,3,28129,2
0.7667934093789607,0.624556818005713,0.7650076650944493,0.7667934093789607,0.7626491713848694,0.6540474621689064,0.624556818005713,0.6302328078443815,0.7151563330152351,0.7144947373389343,0.8065860796535277,True,0.874768754314767,0.8033392856220402,0.874768754314767,0.8065860796535277,0.485054676013533,0.0036119170254096,DT,dedup,Murmur2Vec,11,28129,3,28129,2
0.7667934093789607,0.6183972243084453,0.7556441454430246,0.7667934093789607,0.7579142596509534,0.5957117596601145,0.6183972243084453,0.5991665228717403,0.7151181260179778,0.7146053058376008,0.8035198815007984,True,0.8750679256246677,0.8001128317806142,0.8750679256246677,0.8035198815007984,0.4981131029780954,0.0036194210406392,DT,dedup,Murmur2Vec,12,28129,3,28129,2
0.7845373891001267,0.6145942017696517,0.7738802996413289,0.7845373891001267,0.775334398476326,0.6365533212018544,0.6145942017696517,0.6176458648920585,0.7359822192392093,0.7354443087883455,0.8019932358303606,True,0.8833149688017672,0.7981207723555318,0.8833149688017672,0.8019932358303606,0.4872589890146628,0.0035642280126921,DT,dedup,Murmur2Vec,13,28129,3,28129,2
0.7807351077313055,0.659150174500035,0.7812237619705511,0.7807351077313055,0.7763710803338162,0.6757284147363563,0.659150174500035,0.6467839534383416,0.7320680061612314,0.7318593458402907,0.8242386207539899,True,0.8825977370873943,0.821459615214304,0.8825977370873943,0.8242386207539899,0.5172594439936802,0.003601067001,DT,dedup,Murmur2Vec,14,28129,3,28129,2
0.5982256020278834,0.2729469352078366,0.6041069669217766,0.5982256020278834,0.5762314128302916,0.4507445001491761,0.2729469352078366,0.3036628043372139,0.4949659490120204,0.4900897852005285,0.6429293838368321,True,0.7815039681683972,0.6367175874600473,0.7581817848191362,0.6254817305502427,0.0186245419899933,0.2485250839963555,NB,dedup,Spike2Vec,10,28129,3,3492,2
0.5538656527249683,0.2305924484133423,0.580587703571274,0.5538656527249683,0.5387235398211443,0.4029944590394569,0.2305924484133423,0.2634548436545785,0.4395798532392677,0.4331676752421092,0.6077934131300967,True,0.743577119237321,0.6017778189544364,0.7337523355963987,0.603194057642871,0.0159036600380204,0.2447726370301097,NB,dedup,Spike2Vec,11,28129,3,3492,2
0.550063371356147,0.2893669827973399,0.6100726390606841,0.550063371356147,0.5545579701531972,0.5223030342850952,0.2893669827973399,0.3388974895633864,0.4436052326150163,0.4401582215861733,0.6445413454151239,True,0.7493946101402553,0.6394365912336947,0.7345319572900247,0.6326167621845801,0.0172863869811408,0.2439580039936117,NB,dedup,Spike2Vec,12,28129,3,3492,2
0.605830164765526,0.3380074625298286,0.6041764079824828,0.605830164765526,0.5791549119361142,0.5613755693018315,0.3380074625298286,0.3879588321967135,0.5007130573779295,0.4933431066878653,0.6724952439876255,True,0.7745155635873353,0.6673585758860998,0.7552144432859839,0.6578771150506408,0.017292758973781,0.2437403609510511,NB,dedup,Spike2Vec,13,28129,3,3492,2
0.5399239543726235,0.2987239866288486,0.5980032859927092,0.5399239543726235,0.5444369157862022,0.5836932800648976,0.2987239866288486,0.3604088856425329,0.4284393555534568,0.4260863815069673,0.6468030485584053,True,0.7410968737241901,0.6427459518532697,0.7235541404770567,0.6367962724270178,0.0171094890101812,0.2435091710067354,NB,dedup,Spike2Vec,14,28129,3,3492,2
0.6996197718631179,0.4913168038651218,0.7016441149184218,0.6996197718631179,0.6900703789980065,0.5959793658363426,0.4913168038651218,0.5143342422121857,0.6316060532541741,0.6296420267063843,0.8449186289888182,True,0.9109117636413028,0.8360527329653439,0.8331109210447113,0.7380725347073206,0.0022368829813785,0.7441367220017128,KNN,dedup,Spike2Vec,10,28129,3,3492,2
0.7135614702154626,0.4824443451288286,0.7109528342905393,0.7135614702154626,0.7003033938072939,0.6010984074172021,0.4824443451288286,0.5200254587127772,0.647728647412392,0.6446165528319825,0.8460643191446656,True,0.9202549375229662,0.8357828541075507,0.8378372558596452,0.7338511387398529,0.0020927359582856,0.6633216839982197,KNN,dedup,Spike2Vec,11,28129,3,3492,2
0.7122940430925222,0.5398525523372589,0.7087748901476827,0.7122940430925222,0.7009159823725897,0.6254118963393758,0.5398525523372589,0.5640586267168413,0.6467545811253718,0.6445804889665027,0.8780609875418595,True,0.9162368330239714,0.8721978965874105,0.8378129308429564,0.7625541366614911,0.0022026799852028,0.6448051020270213,KNN,dedup,Spike2Vec,12,28129,3,3492,2
0.6856780735107731,0.483235871001259,0.6995168629659195,0.6856780735107731,0.6831410295236817,0.5610118829221256,0.483235871001259,0.5057949383193912,0.6170441521468655,0.6143565810193716,0.838736425171748,True,0.9149112488655394,0.8283662451950145,0.8264037070236927,0.7337271949107973,0.0021953659597784,0.7430107109830715,KNN,dedup,Spike2Vec,13,28129,3,3492,2
0.6945500633713562,0.5024745319784754,0.6938169863287038,0.6945500633713562,0.6818463583622462,0.5692375677597805,0.5024745319784754,0.5103835519554969,0.6248551904458005,0.623262172470157,0.8710139323101248,True,0.913786541589203,0.8623900129071054,0.8284529953920922,0.7434396748706963,0.0021835140069015,0.6698068749974482,KNN,dedup,Spike2Vec,14,28129,3,3492,2
0.7908745247148289,0.6494407555570098,0.7817397432573039,0.7908745247148289,0.7760961559235758,0.676337745113872,0.6494407555570098,0.6344867281546518,0.7445651765839546,0.7430991885577165,0.944533445278198,True,0.9750093340443202,0.9320107195733002,0.8861768269265458,0.8195465971842569,0.2368964120396413,0.048403226013761,RF,dedup,Spike2Vec,10,28129,3,3492,2
0.8073510773130546,0.6723450326986874,0.791119454667816,0.8073510773130546,0.7953950694247102,0.6721674987696864,0.6723450326986874,0.666068486714809,0.7640966642254466,0.763433224447285,0.9460524213446072,True,0.9769091025157132,0.935856409234324,0.8951992226018382,0.8314088446494271,0.2347668370348401,0.0483722780481912,RF,dedup,Spike2Vec,11,28129,3,3492,2
0.7959442332065906,0.6591317929715754,0.7702609740582345,0.7959442332065906,0.7698621383239795,0.6282786641284414,0.6591317929715754,0.6267708417972888,0.7521540737773056,0.749658075526879,0.952275880921572,True,0.9752578786985148,0.9423020325973478,0.8898431173416034,0.8245587654558605,0.2317524999962188,0.0486746699898503,RF,dedup,Spike2Vec,12,28129,3,3492,2
0.7984790874524715,0.652102196196178,0.7817072912372487,0.7984790874524715,0.7844382853141166,0.6579997041529979,0.652102196196178,0.6448717593964981,0.753194305193349,0.7523525823625908,0.9384724620173152,True,0.9768336317620168,0.9262073528869326,0.8901133203252647,0.8210562490219647,0.2364311579731293,0.0481493950355798,RF,dedup,Spike2Vec,13,28129,3,3492,2
0.8060836501901141,0.6826214360522864,0.7966980231199359,0.8060836501901141,0.7922238959431762,0.6640867046114433,0.6826214360522864,0.6540363138703612,0.7632381063232531,0.7623250667443711,0.95853595491097,True,0.975953408668842,0.9470304588535966,0.8954695177891735,0.8365593324711057,0.2277027419768273,0.0490103519987314,RF,dedup,Spike2Vec,14,28129,3,3492,2
0.7934093789607097,0.6154296380225035,0.7894965375504985,0.7934093789607097,0.7786798436597584,0.648482643252186,0.6154296380225035,0.6135203995572933,0.7484598353403125,0.7460382343706495,0.975779345275838,True,0.9805613531331876,0.960292338409732,0.8875308018149671,0.802602582730114,3.25516067200806,0.0051683469791896,MLP,dedup,Spike2Vec,10,28129,3,3492,2
0.8022813688212928,0.6763350247656043,0.7845171888046578,0.8022813688212928,0.7862799964008479,0.67306477916827,0.6763350247656043,0.66615266483834,0.7585386865106543,0.7571316099472565,0.978733453592876,True,0.9807328420985364,0.9660932595581324,0.892258807205651,0.8332701854376044,3.6622878600028335,0.0046798799885436,MLP,dedup,Spike2Vec,11,28129,3,3492,2
0.7845373891001267,0.6523810243656792,0.7816168532326879,0.7845373891001267,0.7724326677059277,0.6699329340498896,0.6523810243656792,0.6439975869465614,0.7385347618211289,0.7363398155774361,0.9756661008202592,True,0.9799337021245864,0.958216250903055,0.8841375078044897,0.820924035264862,5.376211352995597,0.0049475760315544,MLP,dedup,Spike2Vec,12,28129,3,3492,2
0.7832699619771863,0.6616243211869202,0.7813343890802323,0.7832699619771863,0.7778448257831302,0.6488113907098149,0.6616243211869202,0.6489872553438573,0.7357752195274921,0.7349009113094326,0.9778186013850868,True,0.9797076718890084,0.9628578968674196,0.8831148422454762,0.8254991988773455,3.535113611025736,0.0048199590528383,MLP,dedup,Spike2Vec,13,28129,3,3492,2
0.7667934093789607,0.6636320906579208,0.7779250500322256,0.7667934093789607,0.754801849902645,0.6863586061877236,0.6636320906579208,0.6575303518625696,0.7192270825025057,0.7146888769225327,0.9721188896362154,True,0.9761446267741232,0.957370004020708,0.8744581703086284,0.8261095985248073,4.081275521020871,0.0047103770193643,MLP,dedup,Spike2Vec,14,28129,3,3492,2
0.7959442332065906,0.6577032680212848,0.7847612612594591,0.7959442332065906,0.7858472594585877,0.6770891064744452,0.6577032680212848,0.6468789978064888,0.7501460141316482,0.7497507929315814,0.9762088852300362,True,0.9811609296823192,0.9626492817151704,0.8896406562677787,0.8238353002046324,75.48817210202105,0.0132850980153307,LR,dedup,Spike2Vec,10,28129,3,3492,2
0.7934093789607097,0.6691174033423878,0.7815401725643499,0.7934093789607097,0.7859574935287534,0.6718892588541401,0.6691174033423878,0.6676681138267722,0.7470043552412862,0.7467254326210128,0.9766712451471672,True,0.9821575669325736,0.9651034060741764,0.8883652319081332,0.8294843940306543,88.07080268202117,0.0142046989640221,LR,dedup,Spike2Vec,11,28129,3,3492,2
0.7984790874524715,0.6610037707526889,0.7832374715200789,0.7984790874524715,0.786652368096402,0.6432478132070018,0.6610037707526889,0.6452682180686273,0.7537804154407313,0.7530671978615731,0.976974553339106,True,0.9817963449241875,0.957290604349251,0.8913633989358032,0.8255638580552447,72.00083345302846,0.0131978539866395,LR,dedup,Spike2Vec,12,28129,3,3492,2
0.8035487959442332,0.6715579432786645,0.7870072749573933,0.8035487959442332,0.7912708842216246,0.676747187386852,0.6715579432786645,0.666744152510844,0.7591854672165727,0.7587089314886867,0.979483272219212,True,0.981696191151946,0.9614430365045316,0.8926168954861501,0.8308979214341572,72.2162092619692,0.0129194080363959,LR,dedup,Spike2Vec,13,28129,3,3492,2
0.8048162230671736,0.6667403772942591,0.7936676592385457,0.8048162230671736,0.7933053596101501,0.6665410465536818,0.6667403772942591,0.6537751993973392,0.7613691689543884,0.7609081499730419,0.9758567133614634,True,0.9800621150445332,0.9614916918300916,0.8949494491409351,0.828595163608081,81.82318120601121,0.0127503320109099,LR,dedup,Spike2Vec,14,28129,3,3492,2
0.770595690747782,0.6425219564716741,0.76108318915395,0.770595690747782,0.762768226436749,0.624190507946865,0.6425219564716741,0.6239695322005477,0.7196623170955547,0.7192937971376847,0.8156724950623947,True,0.8770533701842669,0.8127495962470674,0.8770533701842669,0.8156724950623947,0.473394886997994,0.0021782219992019,DT,dedup,Spike2Vec,10,28129,3,3492,2
0.7693282636248415,0.6468045850338437,0.7653934910214105,0.7693282636248415,0.7651431839281103,0.6478371088677645,0.6468045850338437,0.642518999064105,0.7181384556030406,0.7177168558409441,0.8177721880722227,True,0.8761377022166166,0.8149928778748706,0.8761377022166166,0.8177721880722227,0.4513684500125237,0.0021900639985688,DT,dedup,Spike2Vec,11,28129,3,3492,2
0.7731305449936628,0.6320079715785136,0.7603886534829835,0.7731305449936628,0.76278956275617,0.6209022631151753,0.6320079715785136,0.6157642765877297,0.7226768244295013,0.7221196905423379,0.8104476422856184,True,0.8777604429199561,0.8072422708268404,0.8777604429199561,0.8104476422856184,0.4785036979592405,0.0021873000077903,DT,dedup,Spike2Vec,12,28129,3,3492,2
0.7782002534854245,0.605461353229231,0.766833646759546,0.7782002534854245,0.7701364889369139,0.5895651606884225,0.605461353229231,0.5933208075581299,0.7286812310809138,0.7282843986146096,0.7973182707683099,True,0.8809270713812715,0.7933368993105496,0.8809270713812715,0.7973182707683099,0.4403135330067016,0.0021813280181959,DT,dedup,Spike2Vec,13,28129,3,3492,2
0.779467680608365,0.6458007755264635,0.7771137375509999,0.779467680608365,0.7742673523924612,0.6369722652627791,0.6458007755264635,0.6320242905191459,0.7308301723084945,0.7303533654271084,0.8175359645549101,True,0.8819826894169223,0.8144670728948141,0.8819826894169223,0.8175359645549101,0.4805859129992313,0.0021978089935146,DT,dedup,Spike2Vec,14,28129,3,3492,2
0.3414285714285714,0.4639530986949948,0.690612019456716,0.3414285714285714,0.4327454782579249,0.5678798270102358,0.4639530986949948,0.4512076478680312,0.2850428750163629,0.2524233883910565,0.7415433487634234,True,0.6552333347202378,0.7442313384889279,0.6451635097231574,0.7158476179712774,0.3970874829683453,7.555984784034081,NB,raw,Murmur2Vec,10,28129,3,28129,2
0.669047619047619,0.4993888991278521,0.759336787077327,0.669047619047619,0.6832301725904254,0.6192706452207114,0.4993888991278521,0.4938197281775516,0.561164805679108,0.5519391410862138,0.784637778948237,True,0.831629094477521,0.7801102600045403,0.8165582656610288,0.7413561889121546,0.4029215699993074,7.554659223998897,NB,raw,Murmur2Vec,11,28129,3,28129,2
0.6547619047619048,0.5062477629364233,0.7124445939436236,0.6547619047619048,0.6552047630653329,0.5819008842684521,0.5062477629364233,0.493557700265179,0.5376328644427659,0.5277836880202522,0.7682210900388717,True,0.8139919283246176,0.7649308235991755,0.800045450196355,0.7440350382953187,0.4015667359926738,7.583070310007315,NB,raw,Murmur2Vec,12,28129,3,28129,2
0.3614285714285714,0.4881855522603248,0.6986899521635723,0.3614285714285714,0.4532920829385404,0.6312076284534025,0.4881855522603248,0.4896776278994931,0.3049428798320151,0.2715549731421302,0.7490861993443102,True,0.6654508334129889,0.7519321426316332,0.6553623749926064,0.7284274295389174,0.4037129189819097,7.604738873022143,NB,raw,Murmur2Vec,13,28129,3,28129,2
0.660952380952381,0.5078639016354807,0.7344924204468256,0.660952380952381,0.670810475407321,0.5840455781541452,0.5078639016354807,0.4957527750034273,0.5516849307793945,0.5425106776575885,0.7732273921799105,True,0.8271841234385517,0.7676098282064859,0.8136868446579939,0.7454631710294675,0.4026959110051393,7.600796437996905,NB,raw,Murmur2Vec,14,28129,3,28129,2
0.8085714285714286,0.5856920180484204,0.8223631356462263,0.8085714285714286,0.8089818603882366,0.6785926117431128,0.5856920180484204,0.6088609826077959,0.741125062229559,0.7397195865481705,0.9115940061704418,True,0.9637325620184553,0.899405120889791,0.8962231814141987,0.7881288809066735,0.0086753499926999,3.8746171669918112,KNN,raw,Murmur2Vec,10,28129,3,28129,2
0.8195238095238095,0.6047359399487606,0.8145424558253139,0.8195238095238095,0.8094663676706096,0.6953945489259351,0.6047359399487606,0.6214305812276467,0.7546778176536465,0.7539053876137016,0.9084172202722632,True,0.9540337182695772,0.8983946712104569,0.9008473713629312,0.7978610323090589,0.0082089449861086,3.827366616984364,KNN,raw,Murmur2Vec,11,28129,3,28129,2
0.8233333333333334,0.6294434659410064,0.8242067772338448,0.8233333333333334,0.8157384115486725,0.6989223919659368,0.6294434659410064,0.6391251481410971,0.7601903019870662,0.7591129568845894,0.9020627433156108,True,0.9583782230471056,0.8929795326941397,0.9019654926662096,0.8102656190007855,0.0082387099973857,3.865016219962854,KNN,raw,Murmur2Vec,12,28129,3,28129,2
0.8033333333333333,0.6114181465492475,0.8126186284790539,0.8033333333333333,0.7997327786109892,0.6931361897107515,0.6114181465492475,0.6183714454853438,0.7332289398456167,0.7317431959954175,0.9249120582061278,True,0.958814307475985,0.9147989852270424,0.8902856665213936,0.8007220581165051,0.0085791109595447,3.889869202976115,KNN,raw,Murmur2Vec,13,28129,3,28129,2
0.8152380952380952,0.5723653845529281,0.8070760676704908,0.8152380952380952,0.8020662459616307,0.6668241361523283,0.5723653845529281,0.5870683965084401,0.7484312921534603,0.7466981066087608,0.9121725235501784,True,0.954562661095755,0.901059322125954,0.8953486803406272,0.7814258141101288,0.0089005479821935,3.836346502997913,KNN,raw,Murmur2Vec,14,28129,3,28129,2
0.8504761904761905,0.6770164405173188,0.8481485408719139,0.8504761904761905,0.8419621736519958,0.7540500129743322,0.6770164405173188,0.6873123463648192,0.7977411155502179,0.7965719567315894,0.9808748662370972,True,0.989449546302571,0.96964305545302,0.919814096515869,0.8348634064639261,1.5725186510244384,0.1020516409771516,RF,raw,Murmur2Vec,10,28129,3,28129,2
0.8485714285714285,0.6779847761828844,0.8509487183413131,0.8485714285714285,0.8368983030721249,0.7541861533233658,0.6779847761828844,0.6718822261888264,0.7954509961918032,0.7939894779771112,0.9823748322344844,True,0.9894000020401816,0.9724409310660266,0.9189300555476252,0.8353073906163343,1.5136205949820578,0.102533045981545,RF,raw,Murmur2Vec,11,28129,3,28129,2
0.8580952380952381,0.6851235639770888,0.8588980599969404,0.8580952380952381,0.8485225683038691,0.7640430988400425,0.6851235639770888,0.6898457499039375,0.8077903544384948,0.806684968474328,0.981366211951725,True,0.9893847001956166,0.9712865154776535,0.9231741318846068,0.8390696970742083,1.5592404079507105,0.1097405820037238,RF,raw,Murmur2Vec,12,28129,3,28129,2
0.8533333333333334,0.6804046566179849,0.8491806468841876,0.8533333333333334,0.8435288647386078,0.7475906053015468,0.6804046566179849,0.685413491853073,0.8016178219999472,0.8005935947628997,0.9800819739782612,True,0.989528530636017,0.9697799086023304,0.9217883455344172,0.8366472531060114,1.4710620120167732,0.0898732410278171,RF,raw,Murmur2Vec,13,28129,3,28129,2
0.8528571428571429,0.6811480971151634,0.858122154584059,0.8528571428571429,0.8399527566455567,0.7904527474297052,0.6811480971151634,0.682571503385683,0.801583323569075,0.7997724027188248,0.9813500931846776,True,0.9893084181894546,0.9710820888138114,0.9207266882173246,0.8369707162038238,1.3572446450125426,0.1099132620147429,RF,raw,Murmur2Vec,14,28129,3,28129,2
0.8442857142857143,0.654548404810243,0.8375502703534731,0.8442857142857143,0.826450557385306,0.7148982252019861,0.654548404810243,0.656269836537395,0.7909975522733909,0.7876307515125163,0.9844169612270663,True,0.990545873058261,0.9703767936496585,0.915906314374684,0.8234517621494253,48.21258255199064,0.101110031013377,MLP,raw,Murmur2Vec,10,28129,3,28129,2
0.8523809523809524,0.6907398187474943,0.854549303782173,0.8523809523809524,0.8374449503890332,0.7720864082237213,0.6907398187474943,0.679462622588133,0.8011851383295573,0.799309761221775,0.9859357722003772,True,0.990144032434756,0.9739613454780444,0.921122589498354,0.8417845725327632,74.236876356008,0.1016464759595692,MLP,raw,Murmur2Vec,11,28129,3,28129,2
0.8561904761904762,0.6839886904644638,0.8487268106699588,0.8561904761904762,0.8407079498558521,0.7184719822510801,0.6839886904644638,0.6758809469442255,0.8060982132371978,0.8043275030622037,0.984242745581746,True,0.989928712639114,0.9716957111872762,0.92300319290057,0.8384944903640761,61.274208472983446,0.1016051979968324,MLP,raw,Murmur2Vec,12,28129,3,28129,2
0.8433333333333334,0.6820321828535065,0.8441264311479019,0.8433333333333334,0.8326164528205565,0.7238935944931361,0.6820321828535065,0.6638593116397996,0.7886661240419438,0.7869564560457774,0.9847663603966692,True,0.9901791760555833,0.969469871366602,0.9166671653257504,0.8372282353051965,47.877694469993,0.1010296799940988,MLP,raw,Murmur2Vec,13,28129,3,28129,2
0.8428571428571429,0.6628765399015913,0.8601350321769667,0.8428571428571429,0.8311503568589292,0.792889040566298,0.6628765399015913,0.6664013856068961,0.7896480496561968,0.7865544717300176,0.9803520097338456,True,0.9883352899170704,0.9683164179189372,0.9164038569758088,0.8276384452678779,73.39909513003659,0.1005550019908696,MLP,raw,Murmur2Vec,14,28129,3,28129,2
0.8557142857142858,0.6716542319368419,0.8499939568688069,0.8557142857142858,0.8438090857150893,0.740892707963352,0.6716542319368419,0.6824796602622833,0.8055578699185376,0.8035780103684139,0.9853806832308476,True,0.9908013310180293,0.9719138200166484,0.922834948942268,0.832319613647615,290.1803531149635,0.0521542360074818,LR,raw,Murmur2Vec,10,28129,3,28129,2
0.8552380952380952,0.6940528893393778,0.8574637125900786,0.8552380952380952,0.8443777740224754,0.7768565143535278,0.6940528893393778,0.6970784792286259,0.8045597317425242,0.8030374318351858,0.9867363480541208,True,0.990712748281378,0.9744138513872976,0.9224887738086016,0.8435032071155344,372.5169785030303,0.0517442169948481,LR,raw,Murmur2Vec,11,28129,3,28129,2
0.8566666666666667,0.6863929142831448,0.8482214097813646,0.8566666666666667,0.8451385147847473,0.7298379849161382,0.6863929142831448,0.6909640983911431,0.8063251466243019,0.8050049651085059,0.9825759635945835,True,0.9900902266550602,0.969528675024254,0.9233014560341032,0.8397101596885772,357.54642062302446,0.0527654929901473,LR,raw,Murmur2Vec,12,28129,3,28129,2
0.8609523809523809,0.6994898385992598,0.8563718776253486,0.8609523809523809,0.8508940144930635,0.7667703300094412,0.6994898385992598,0.7076517130451987,0.8120608478751749,0.8109207162071658,0.9850810010875268,True,0.9904430998781338,0.970527407227012,0.925916031078252,0.8463774661668232,318.2697207579622,0.0523411619942635,LR,raw,Murmur2Vec,13,28129,3,28129,2
0.8504761904761905,0.6549951655727165,0.8486708670635694,0.8504761904761905,0.839380161185397,0.7474767198532123,0.6549951655727165,0.6639054427614954,0.798004348293779,0.7967037269750168,0.9808046892271338,True,0.9892255200498784,0.969581789032078,0.920317311041738,0.8238756423791646,302.2532587699825,0.0513715159613639,LR,raw,Murmur2Vec,14,28129,3,28129,2
0.849047619047619,0.6724422108618212,0.8603580278131021,0.849047619047619,0.842827391893342,0.7444019403117235,0.6724422108618212,0.6782512261313677,0.797298664938528,0.7951075108471136,0.9303797138339308,True,0.9613355506295316,0.9216043501650328,0.9199481154336878,0.8325823834051692,1.285244656028226,0.0090627589961513,DT,raw,Murmur2Vec,10,28129,3,28129,2
0.8457142857142858,0.6776625407028413,0.8508862750638173,0.8457142857142858,0.8356736956421812,0.7209025428398697,0.6776625407028413,0.6705849945974113,0.7924473429166455,0.7903824226850336,0.930917182476636,True,0.9610149702269716,0.9234840912499116,0.9180200632709552,0.8351049095910095,1.16932446899591,0.0091120200231671,DT,raw,Murmur2Vec,11,28129,3,28129,2
0.8533333333333334,0.6803199567478853,0.8579313076030234,0.8533333333333334,0.843788540785356,0.7672190708956399,0.6803199567478853,0.683784887478652,0.8021757858766646,0.8005682017899528,0.9246427442792384,True,0.9583910265440349,0.9160407382840188,0.9218041389706336,0.8366056210544258,1.1895538209937513,0.0094519010162912,DT,raw,Murmur2Vec,12,28129,3,28129,2
0.8480952380952381,0.6851972024747927,0.8523956827849583,0.8480952380952381,0.8402814217136955,0.7597134799323904,0.6851972024747927,0.690640062666818,0.795506448484273,0.7937077634429462,0.9274624751919316,True,0.9571710926058772,0.9191937127717528,0.9193940282964448,0.8389346934326894,1.2849508310318924,0.009060023992788,DT,raw,Murmur2Vec,13,28129,3,28129,2
0.8447619047619047,0.6773321443543897,0.8481103303660574,0.8447619047619047,0.833410360855102,0.7651948968842035,0.6773321443543897,0.6740788134731668,0.7910982285229801,0.7893153394805081,0.9249601771540856,True,0.9553383782340816,0.9175310323847292,0.9176542990763242,0.8349230857715733,1.2801392110413872,0.0090767850051634,DT,raw,Murmur2Vec,14,28129,3,28129,2
0.3419047619047619,0.4622216330240289,0.6880434627637279,0.3419047619047619,0.4327153223365736,0.5623450620601855,0.4622216330240289,0.4481233098607156,0.2852719786162947,0.2527533189936398,0.7414599690800173,True,0.6549429992157983,0.7440443453775843,0.6456020717893909,0.7150018197751687,0.053699096024502,1.044280981994234,NB,raw,Spike2Vec,10,28129,3,3492,2
0.6676190476190477,0.4968504721853335,0.7569521280202486,0.6676190476190477,0.6817848903891257,0.6152392360422513,0.4968504721853335,0.4917153090833253,0.5594180669749593,0.5502396543307306,0.7861071096884604,True,0.8330114408871861,0.7815409854954712,0.8160139953265204,0.7400622358802359,0.0544639749568887,1.043019491015002,NB,raw,Spike2Vec,11,28129,3,3492,2
0.6538095238095238,0.5046153752878898,0.712633269081356,0.6538095238095238,0.6551463664909001,0.5797460963741576,0.5046153752878898,0.4916347548114121,0.537101837217773,0.5273242907697118,0.7683314785133426,True,0.8150005969495191,0.7649800330975247,0.8007963639716941,0.7432529769153856,0.0538616969715803,1.04924799897708,NB,raw,Spike2Vec,12,28129,3,3492,2
0.3609523809523809,0.4982260515082031,0.7005014138180538,0.3609523809523809,0.4516079577547998,0.6372879345656325,0.4982260515082031,0.4981080523542042,0.3062158996666743,0.2723735077034376,0.7549318245392155,True,0.6686856820445954,0.7579193956019806,0.6566371235286261,0.7335056222781301,0.0546424660133197,1.0457061560009606,NB,raw,Spike2Vec,13,28129,3,3492,2
0.6595238095238095,0.5066374646404022,0.7320078474508914,0.6595238095238095,0.669469349169716,0.5750638255936196,0.5066374646404022,0.4922634982936786,0.5500117630708675,0.5408628964319405,0.7713581426121947,True,0.8264362109719461,0.7658441797398022,0.8133640782978268,0.7448352813337388,0.0544671210227534,1.0469435729901306,NB,raw,Spike2Vec,14,28129,3,3492,2
0.8166666666666667,0.6073540057496865,0.8245719847009025,0.8166666666666667,0.8115919728863753,0.6873818787264622,0.6073540057496865,0.6200282915548198,0.7519387164903767,0.7503677328758749,0.9097149935418156,True,0.959408735542154,0.8978255883664787,0.9001036145897322,0.7991362580834672,0.0078521020477637,3.9538307469920255,KNN,raw,Spike2Vec,10,28129,3,3492,2
0.8171428571428572,0.5864793786681468,0.8064228984033462,0.8171428571428572,0.8052466578729899,0.6592380833877253,0.5864793786681468,0.6000793895160167,0.7514542121576286,0.7505891187698699,0.904249462265092,True,0.9587150001704332,0.8938548761027918,0.8995604283372242,0.7886742542584927,0.0084269989747554,3.931163800007198,KNN,raw,Spike2Vec,11,28129,3,3492,2
0.820952380952381,0.6262077096188169,0.8207978070435475,0.820952380952381,0.8128767424588808,0.6992597273677625,0.6262077096188169,0.6348451113900776,0.7569480306712462,0.7558832567943663,0.9044648476052564,True,0.9589034278484356,0.8952219105513928,0.9007704612236788,0.8085934212286664,0.0081859910278581,3.93908202595776,KNN,raw,Spike2Vec,12,28129,3,3492,2
0.8038095238095239,0.614002428056446,0.8077576770236136,0.8038095238095239,0.7986232527416386,0.6662429912263478,0.614002428056446,0.6185205265414763,0.7336908786652943,0.7321819095256505,0.9227530534728022,True,0.9617518378773208,0.9128042116163272,0.8899919116372162,0.8020008463753691,0.0078938400256447,3.905383409990464,KNN,raw,Spike2Vec,13,28129,3,3492,2
0.8133333333333334,0.5715198026578058,0.8059710112971636,0.8133333333333334,0.7991502890578311,0.6922954507513867,0.5715198026578058,0.5879603116275901,0.745407620552804,0.7440486332470627,0.9089774940317894,True,0.9575451350513148,0.8966952565460461,0.8944426151936716,0.7809618383831606,0.0054240860044956,3.930667873995844,KNN,raw,Spike2Vec,14,28129,3,3492,2
0.8542857142857143,0.6835785542746211,0.8514806776113815,0.8542857142857143,0.8451360897354971,0.7545788058985567,0.6835785542746211,0.6905684366122639,0.8030128960401809,0.8017615029846832,0.980082707219254,True,0.9898656990931216,0.9696488574668818,0.9218002647587104,0.8382347437172519,0.9821904139826074,0.0798779589822515,RF,raw,Spike2Vec,10,28129,3,3492,2
0.8495238095238096,0.6810437868445006,0.8518404119890208,0.8495238095238096,0.8372976890885642,0.7549936471562962,0.6810437868445006,0.6741430326673418,0.796915193209192,0.7953400697990286,0.9847759366893122,True,0.9899413137085776,0.9752487997476672,0.9196165097053776,0.8368680984088585,0.9566178569803014,0.0824052799725905,RF,raw,Spike2Vec,11,28129,3,3492,2
0.8609523809523809,0.6886198729994569,0.8626538712752913,0.8609523809523809,0.8520714899020071,0.7631120420848215,0.6886198729994569,0.6913762791512722,0.811857261407345,0.810820558116375,0.9815012262471012,True,0.9897230659771266,0.9714950337849636,0.92558703185304,0.8409275288566846,0.9783955120365136,0.0738529980299063,RF,raw,Spike2Vec,12,28129,3,3492,2
0.8561904761904762,0.6939110277176406,0.8527270804407421,0.8561904761904762,0.8456423068938905,0.7588164725188066,0.6939110277176406,0.696535233810496,0.8056775329615481,0.8045236952603931,0.9799229832109042,True,0.9898661937410514,0.9700579271392316,0.92343630099847,0.8434753457223872,0.9374678279855287,0.0698061580187641,RF,raw,Spike2Vec,13,28129,3,3492,2
0.8566666666666667,0.686214886121378,0.8588017602601142,0.8566666666666667,0.8425940655054509,0.7905796465193784,0.686214886121378,0.6867994961794328,0.8069242385761256,0.8050484464325809,0.9817660219705948,True,0.9897202423436352,0.9717711711522918,0.923151803587656,0.8396143432237643,0.8784064089995809,0.0702351049985736,RF,raw,Spike2Vec,14,28129,3,3492,2
0.8514285714285714,0.6747800901814223,0.8414433397806904,0.8514285714285714,0.8347822592091839,0.7244011135473815,0.6747800901814223,0.669625575986853,0.8002415080256251,0.797662432874543,0.9860019324518494,True,0.9907423207207938,0.9742300926600292,0.9202632371068716,0.833765646777387,6.616405685024802,0.0135863040341064,MLP,raw,Spike2Vec,10,28129,3,3492,2
0.8533333333333334,0.6682628670567937,0.8530168753715369,0.8533333333333334,0.8389504512969859,0.7894213435859576,0.6682628670567937,0.6657506725724793,0.8018308592722,0.8005226257859357,0.9861852247306588,True,0.9902098514023396,0.9751592332874636,0.921569305363922,0.8305664019540298,8.4491552390391,0.013769423996564,MLP,raw,Spike2Vec,11,28129,3,3492,2
0.8557142857142858,0.6853803046767436,0.8592367208713585,0.8557142857142858,0.8434339436456866,0.7637170460180236,0.6853803046767436,0.6849634501957131,0.8060351414635997,0.8038628809500398,0.9848026404058112,True,0.9902588461319076,0.972961330520912,0.9229790715226904,0.8391892010439487,8.213596363028046,0.0135720070102252,MLP,raw,Spike2Vec,12,28129,3,3492,2
0.8519047619047619,0.6804473683307767,0.8587128756569403,0.8519047619047619,0.8418302551840687,0.785217437136816,0.6804473683307767,0.6866864638551106,0.800125385562791,0.798744084197759,0.9837876737823176,True,0.9898707442238452,0.9712671565834632,0.9211294255560588,0.8366386580543,5.930288851959631,0.0127867009723559,MLP,raw,Spike2Vec,13,28129,3,3492,2
0.8485714285714285,0.6665980686714431,0.8548003698052905,0.8485714285714285,0.8375979531990122,0.7749575147718907,0.6665980686714431,0.6706020609114198,0.7958408179065192,0.7941634646622622,0.9804670013171964,True,0.9891087537930524,0.9696944712544052,0.9193018700966822,0.8296309375219344,4.8058910759864375,0.0127730150124989,MLP,raw,Spike2Vec,14,28129,3,3492,2
0.8542857142857143,0.6701539662623168,0.8481306293777904,0.8542857142857143,0.8423519135012358,0.7375777005896018,0.6701539662623168,0.6803536306990489,0.8036061250071816,0.8016591982784537,0.985637755590245,True,0.9908426475758648,0.9721240181774812,0.922102639777934,0.8315361940301554,190.307433459966,0.039834378985688,LR,raw,Spike2Vec,10,28129,3,3492,2
0.8538095238095238,0.6896288644009987,0.853531006252573,0.8538095238095238,0.842464766741524,0.7634034872409378,0.6896288644009987,0.6912259371030386,0.8025651986374555,0.8010821844983566,0.9870427228447248,True,0.9908052655475792,0.9749030887429097,0.9217331993359742,0.8412568503521346,242.41612819000147,0.0403007420245558,LR,raw,Spike2Vec,11,28129,3,3492,2
0.8566666666666667,0.6823585576762476,0.84833492540102,0.8566666666666667,0.8442637108729766,0.7283107220165213,0.6823585576762476,0.6859210468177855,0.8064503665184741,0.8050188595901355,0.9827370541268348,True,0.9901265867941628,0.9698072201929374,0.9232472269718794,0.8376905164277548,186.7473140959628,0.0413389769964851,LR,raw,Spike2Vec,12,28129,3,3492,2
0.8623809523809524,0.7008843951460194,0.857088380204478,0.8623809523809524,0.8523296961594051,0.764876743084746,0.7008843951460194,0.7084474084674196,0.8139839650073912,0.8128850055187978,0.9856404722353264,True,0.9905562621869558,0.9716511356748524,0.9267210619670472,0.8471113367533302,190.77024872601032,0.0407580379978753,LR,raw,Spike2Vec,13,28129,3,3492,2
0.8509523809523809,0.6587555240787877,0.8489576811831084,0.8509523809523809,0.840243292745168,0.7520806287651726,0.6587555240787877,0.6687254980695301,0.7986225806087099,0.7973647865440107,0.9808781159123018,True,0.9892128633884214,0.9696815445077368,0.9205659389966178,0.8257671229028763,167.1614529939834,0.0403045560233294,LR,raw,Spike2Vec,14,28129,3,3492,2
0.8452380952380952,0.6678002387387515,0.8543576550926729,0.8452380952380952,0.8382249524745256,0.7513519733817922,0.6678002387387515,0.6757245847887745,0.7917981042784177,0.7896856933577349,0.9291213448781264,True,0.9593829403144244,0.9203710501315598,0.9175685567526238,0.8301532355854042,1.2544769490486942,0.0058433840167708,DT,raw,Spike2Vec,10,28129,3,3492,2
0.8461904761904762,0.6874441517254567,0.8544608982251508,0.8461904761904762,0.8362725562664646,0.7390720067702521,0.6874441517254567,0.6735703035440673,0.7931615736705423,0.7911539552201813,0.9365298718572131,True,0.9614144848269276,0.9295053468107012,0.918368375337516,0.8400115474689792,1.1843999000266194,0.0060999100096523,DT,raw,Spike2Vec,11,28129,3,3492,2
0.8504761904761905,0.6768751053291013,0.8540206405219698,0.8504761904761905,0.84070439076998,0.7643498909772468,0.6768751053291013,0.6818141744398758,0.7984210391921962,0.7967210870890146,0.9240292161958656,True,0.9570717427594316,0.915366982395107,0.9202722689033728,0.8348135648874312,1.130181148997508,0.0058817250537686,DT,raw,Spike2Vec,12,28129,3,3492,2
0.8495238095238096,0.684580286000991,0.8507872579089103,0.8495238095238096,0.8427763113760333,0.734180677126577,0.684580286000991,0.6859049602247826,0.797100905559029,0.7957019206051361,0.9239554831579528,True,0.9558407557943028,0.9154981543223584,0.920299863597712,0.8386674095276643,1.2555648980196563,0.0062066189711913,DT,raw,Spike2Vec,13,28129,3,3492,2
0.8495238095238096,0.6960307021726242,0.8531973710522011,0.8495238095238096,0.8391663807746642,0.769821754602922,0.6960307021726242,0.6902198159377378,0.7976697930992385,0.7958612373220784,0.9340601726078752,True,0.9577140143864016,0.9273641507406888,0.9200143792772818,0.8443796410534613,1.2427125860122032,0.005908183986321,DT,raw,Spike2Vec,14,28129,3,3492,2
0.5564005069708492,0.2626642102030932,0.5629789240338688,0.5564005069708492,0.5331313330066613,0.4801445404184796,0.2626642102030932,0.3068181262299118,0.438802216572187,0.4333280664205582,0.6296756908495934,True,0.7394247878419072,0.6238184408766503,0.7324598763595647,0.6191711903906176,0.150047615985386,2.9717537100077607,NB,dedup,Murmur2Vec,15,27592,3,27592,3
0.5449936628643853,0.3142678938384206,0.6111479728963899,0.5449936628643853,0.5509545953821801,0.6587723937437603,0.3142678938384206,0.388407353486415,0.4344729952739298,0.4315676035817636,0.6558676484961187,True,0.7465807414459005,0.6516260353821737,0.7278090854302679,0.6447616326205861,0.1452482810127549,2.950024395948276,NB,dedup,Murmur2Vec,16,27592,3,27592,3
0.6096324461343473,0.3216902331520229,0.6066856187522276,0.6096324461343473,0.5868525012457582,0.5463295690182932,0.3216902331520229,0.3762534940437556,0.5056349408603181,0.4994984934206868,0.6585969645847113,True,0.7679925738041906,0.6536248130162857,0.7591532456544717,0.6498975368330329,0.1475708050420507,2.94262346602045,NB,dedup,Murmur2Vec,17,27592,3,27592,3
0.5095057034220533,0.2708373103233899,0.5690448916656861,0.5095057034220533,0.5144713673716194,0.5094723280022762,0.2708373103233899,0.3200264960359157,0.3929285115647363,0.3900288861454376,0.6319964210496408,True,0.7313380691484719,0.627969265268425,0.7071831326671981,0.6221087975556586,0.1465268370229751,2.9325549399945885,NB,dedup,Murmur2Vec,18,27592,3,27592,3
0.5399239543726235,0.3432441798696868,0.6244535413969472,0.5399239543726235,0.5626552756956325,0.6214372130524187,0.3432441798696868,0.4100540452769831,0.441582338797571,0.4391160026241837,0.6693816227705962,True,0.7499228546927883,0.6653021536922353,0.7363706509325055,0.6596389377045028,0.1470307969721034,2.942688848997932,NB,dedup,Murmur2Vec,19,27592,3,27592,3
0.6945500633713562,0.4932228334471329,0.6954452588444702,0.6945500633713562,0.68907844473611,0.5736527384759526,0.4932228334471329,0.5174350528717212,0.6246234742995174,0.6240985434359729,0.8646189484285949,True,0.9215311966378048,0.8557880269300728,0.8291797034337837,0.7388468577887384,0.002563493035268,0.689608370012138,KNN,dedup,Murmur2Vec,15,27592,3,27592,3
0.7097591888466414,0.5281563318889445,0.7122072130939202,0.7097591888466414,0.701631904133274,0.5986045833352615,0.5281563318889445,0.5462754933367786,0.6427236425384437,0.6410758130775771,0.879025361876623,True,0.928801419807486,0.8697558650193732,0.8372187551732245,0.756679018452346,0.0021356950164772,0.6837901350227185,KNN,dedup,Murmur2Vec,16,27592,3,27592,3
0.7046894803548795,0.5241467138664526,0.7111539889146612,0.7046894803548795,0.702309978434478,0.6061973250976023,0.5241467138664526,0.5531340700799318,0.637621547576835,0.6367841118116241,0.8609420456263848,True,0.9182965015883884,0.8507109486359589,0.8357425332170582,0.7546071084430924,0.0021794869680888,0.6707898669992574,KNN,dedup,Murmur2Vec,17,27592,3,27592,3
0.6856780735107731,0.451080456881896,0.6908888922194537,0.6856780735107731,0.6797234520610436,0.5613953268160704,0.451080456881896,0.4880387681312658,0.6141579859921494,0.6126158408745801,0.8373408344266625,True,0.9120626665085448,0.8263952289944334,0.8245762679311065,0.7175664224378167,0.0021710509900003,0.7595767559832893,KNN,dedup,Murmur2Vec,18,27592,3,27592,3
0.7046894803548795,0.4852017288559967,0.7027339343533195,0.7046894803548795,0.6950191100562879,0.5608423040089349,0.4852017288559967,0.5092011471358586,0.6376932749888357,0.6354075355098705,0.8652101947943851,True,0.9242424541424746,0.8546856953658517,0.8344837111606999,0.7350773967534848,0.0021931219962425,0.7616271520382725,KNN,dedup,Murmur2Vec,19,27592,3,27592,3
0.7832699619771863,0.6163583960975424,0.7711966424020301,0.7832699619771863,0.7735192082430961,0.6225041084403685,0.6163583960975424,0.6109747641952418,0.7346665105596271,0.7340077164357717,0.9603548816593512,True,0.9778617727018384,0.9457941677306796,0.8827595206495293,0.8028500853510224,0.3568880530074239,0.0695410980260931,RF,dedup,Murmur2Vec,15,27592,3,27592,3
0.8098859315589354,0.6919597714260032,0.797975124953022,0.8098859315589354,0.7967054163930055,0.7094312025266837,0.6919597714260032,0.6816026742068513,0.7677015920603031,0.7667019521339822,0.9705911552342236,True,0.979168356591552,0.9595975128725,0.8970988954432336,0.841302562778603,0.3399842120124958,0.0484602930373512,RF,dedup,Murmur2Vec,16,27592,3,27592,3
0.7934093789607097,0.6504061092692797,0.7726310833144534,0.7934093789607097,0.7800013689913701,0.6579965424381569,0.6504061092692797,0.6492392679623274,0.7470945425949184,0.7462141394049184,0.9449610489327026,True,0.9758303877322294,0.932724763597678,0.8875096949196685,0.8200898589491703,0.3292126530432142,0.0686942280153743,RF,dedup,Murmur2Vec,17,27592,3,27592,3
0.7921419518377694,0.6309239015779183,0.7861937820950377,0.7921419518377694,0.7820092578090448,0.647494038578701,0.6309239015779183,0.6297019546305289,0.7461655603666066,0.7446974749128906,0.9621175920261704,True,0.9767963815536792,0.9463407262289728,0.8876971333781984,0.8103572750334227,0.358723818033468,0.0486802830127999,RF,dedup,Murmur2Vec,18,27592,3,27592,3
0.7782002534854245,0.6071929543546193,0.7612072038436759,0.7782002534854245,0.7674217000122248,0.6069417488615975,0.6071929543546193,0.6034655806423733,0.728117315464341,0.7274293971565404,0.9652023302200724,True,0.9795261030733328,0.9513934924155296,0.8794061367240572,0.7981149379374941,0.3414885890088044,0.0588197829783894,RF,dedup,Murmur2Vec,19,27592,3,27592,3
0.761723700887199,0.6275530332330674,0.7353376685880337,0.761723700887199,0.7394415755356957,0.5933740738565135,0.6275530332330674,0.6001731830871418,0.7096225718308725,0.7072725981007413,0.969454087130738,True,0.9751174934680272,0.9483419267726726,0.8703735150024116,0.8078844036620979,40.56870122498367,0.0693707999889738,MLP,dedup,Murmur2Vec,15,27592,3,27592,3
0.8048162230671736,0.7054291545064898,0.8058763120734188,0.8048162230671736,0.7888910457942516,0.7546267066561828,0.7054291545064898,0.7034856311655283,0.7638341670468194,0.7605269329843571,0.9755679851626812,True,0.9796998296074304,0.959000827157154,0.8941724743170407,0.8479042351767467,30.71377594798105,0.0347199540119618,MLP,dedup,Murmur2Vec,16,27592,3,27592,3
0.7870722433460076,0.6504511123193008,0.7678459108838138,0.7870722433460076,0.774264753454259,0.6485902540177708,0.6504511123193008,0.6427711166839998,0.7395268554897999,0.7387968084624221,0.9758004486098364,True,0.9789298026288455,0.9570383667563273,0.8846434935523992,0.8199820785938505,53.15199467597995,0.0627533419756218,MLP,dedup,Murmur2Vec,17,27592,3,27592,3
0.7908745247148289,0.6418555526750361,0.7860372252346669,0.7908745247148289,0.778847781816099,0.6624848628462698,0.6418555526750361,0.642724810225146,0.7460319224836637,0.7435460517891792,0.9733965502582104,True,0.9794967964615348,0.9546902058077508,0.8872451343522979,0.8158025551717132,48.23571100697154,0.0376617729780264,MLP,dedup,Murmur2Vec,18,27592,3,27592,3
0.7820025348542459,0.6675292514410275,0.7791459457816725,0.7820025348542459,0.7779121420307087,0.6971807012772199,0.6675292514410275,0.6756335962803821,0.7331230218095381,0.7326482808347501,0.9756635984463866,True,0.9794903943581664,0.9564403006001893,0.8820431300303431,0.828402949812802,50.2735185129568,0.0377528730314224,MLP,dedup,Murmur2Vec,19,27592,3,27592,3
0.7782002534854245,0.6453513653647343,0.7653802216816055,0.7782002534854245,0.7708144511598451,0.6303271636774818,0.6453513653647343,0.6358823382203022,0.7282174244492817,0.7280226761032242,0.9683616737666476,True,0.976479247077827,0.9473641046694432,0.8798367392950847,0.8172137162866892,184.3710453240201,0.0196129059768281,LR,dedup,Murmur2Vec,15,27592,3,27592,3
0.8048162230671736,0.6780396567250885,0.7886169579718744,0.8048162230671736,0.7934328952191776,0.6756734730102032,0.6780396567250885,0.6711852230536778,0.7610833904493421,0.7605793103448276,0.9804384353486636,True,0.9823156911114582,0.968064571348962,0.8944239850052074,0.8342209185900537,203.6050669940305,0.0195507900207303,LR,dedup,Murmur2Vec,16,27592,3,27592,3
0.8022813688212928,0.6575803660171179,0.7836124653119511,0.8022813688212928,0.788647480479726,0.6830660951818073,0.6575803660171179,0.6586576887349621,0.7577142517515716,0.7571177115975088,0.9763229634723228,True,0.9818510416190984,0.9568032844548892,0.8923228504443854,0.8238957671196673,191.2480241979938,0.0186214480199851,LR,dedup,Murmur2Vec,17,27592,3,27592,3
0.8086185044359949,0.6570937835836896,0.7998983836810336,0.8086185044359949,0.7976144798239974,0.6828452215050907,0.6570937835836896,0.6602502319185262,0.7659767303025379,0.7649288407544281,0.9746377398041982,True,0.9829048415850876,0.9595492780416394,0.8961635225450657,0.8238270519075296,202.0418848900008,0.0191823049681261,LR,dedup,Murmur2Vec,18,27592,3,27592,3
0.8035487959442332,0.6728645811659132,0.7918614545602716,0.8035487959442332,0.7959091706871406,0.6934969678873454,0.6728645811659132,0.6790699639827291,0.75925188893456,0.7589324786223699,0.974704769253318,True,0.9808255704377966,0.9528454603495866,0.8938359011606011,0.8316066497266202,170.00324319896754,0.0191515469923615,LR,dedup,Murmur2Vec,19,27592,3,27592,3
0.7820025348542459,0.6547545930136051,0.7796335235545305,0.7820025348542459,0.7776360386492362,0.6303909774597766,0.6547545930136051,0.6380547918368573,0.7340087756135547,0.7333663413024001,0.8220539227541482,True,0.8828857774416063,0.8191571677690312,0.8828857774416063,0.8220539227541482,0.4754485550220124,0.003443305962719,DT,dedup,Murmur2Vec,15,27592,3,27592,3
0.7845373891001267,0.667463360451071,0.7853080883698196,0.7845373891001267,0.7816733199863737,0.6753980680557162,0.667463360451071,0.6593928332914157,0.737195866913737,0.7366835038978223,0.8285212673864073,True,0.8853709175391821,0.8258141411886563,0.8853709175391821,0.8285212673864073,0.4933760190033354,0.0036170390085317,DT,dedup,Murmur2Vec,16,27592,3,27592,3
0.788339670468948,0.6683235996872526,0.7828611080244092,0.788339670468948,0.7828697629498932,0.6448690351709443,0.6683235996872526,0.6520845810373879,0.7417138900032884,0.7410496526378885,0.8289745307956822,True,0.8858800809452363,0.8262647426933228,0.8858800809452363,0.8289745307956822,0.514017776993569,0.0034406110062263,DT,dedup,Murmur2Vec,17,27592,3,27592,3
0.7858048162230672,0.6494401481381441,0.7865213677256337,0.7858048162230672,0.7832347614045548,0.65658387881448,0.6494401481381441,0.6483918878177413,0.7384541645922337,0.7378356166538214,0.8195138287202615,True,0.8854626023261641,0.8163734109295042,0.8854626023261641,0.8195138287202615,0.5144767830497585,0.00341040402418,DT,dedup,Murmur2Vec,18,27592,3,27592,3
0.7591888466413181,0.6154265466275589,0.7614724180880528,0.7591888466413181,0.758075739545957,0.6236335092722745,0.6154265466275589,0.6146769720647655,0.7059691315501274,0.7054651336419292,0.8018414476217913,True,0.8708198347762596,0.7985567625191975,0.8708198347762596,0.8018414476217913,0.4764236260089092,0.0034058750024996,DT,dedup,Murmur2Vec,19,27592,3,27592,3
0.5538656527249683,0.260667034660555,0.5641804688973495,0.5538656527249683,0.5320828676456306,0.4784454222550124,0.260667034660555,0.3050028595945042,0.4364861654789339,0.4308899107384366,0.6284935703776842,True,0.7382770321924975,0.6225852763578289,0.7317952433835252,0.6181423920295287,0.0187083699856884,0.2471017470234073,NB,dedup,Spike2Vec,15,27592,3,3492,3
0.5449936628643853,0.3191476927061029,0.61534179204111,0.5449936628643853,0.5529494858487648,0.6610929956625505,0.3191476927061029,0.3937727776870847,0.4357831303313016,0.4327219636462681,0.6585348996728517,True,0.7480184763394992,0.6543381447233217,0.7286543698917378,0.647239954075403,0.0156833149958401,0.2462451279861852,NB,dedup,Spike2Vec,16,27592,3,3492,3
0.6108998732572877,0.3275427811544829,0.6072289424479208,0.6108998732572877,0.5887755938537033,0.5454353453729587,0.3275427811544829,0.3811008963730455,0.5075309383085421,0.5016079949136745,0.6574616621139026,True,0.7657386264339717,0.6527254923094018,0.7599602294998741,0.6528604919181448,0.0165181339834816,0.2428812509751878,NB,dedup,Spike2Vec,17,27592,3,3492,3
0.5031685678073511,0.2698126054943373,0.5731518220032353,0.5031685678073511,0.5091964713635209,0.5517734695504218,0.2698126054943373,0.3225897981141351,0.3850595641635215,0.3822789259664625,0.6306977258370001,True,0.7255274907637974,0.6269153272104393,0.7031549427256611,0.621413345598335,0.0165517050190828,0.2440481180092319,NB,dedup,Spike2Vec,18,27592,3,3492,3
0.5335868187579215,0.3399076599256049,0.6174523788273795,0.5335868187579215,0.5557099207934258,0.6163906711927066,0.3399076599256049,0.4064588651646641,0.4335120223874379,0.4309891725050218,0.6685942896297294,True,0.7479169638623693,0.6645186063270483,0.7322879489723213,0.6577851003706353,0.0167529209866188,0.242265100008808,NB,dedup,Spike2Vec,19,27592,3,3492,3
0.6983523447401775,0.4824221744697073,0.7042449674633583,0.6983523447401775,0.6938566489804451,0.5749161867970645,0.4824221744697073,0.508407573611208,0.6296537571147462,0.6290176322418136,0.8544845996852547,True,0.919713786272356,0.8451747271707603,0.83173515153365,0.7335626850318377,0.0030700589995831,0.7538324560155161,KNN,dedup,Spike2Vec,15,27592,3,3492,3
0.7097591888466414,0.529538465035539,0.7153905943316885,0.7097591888466414,0.7022671562492748,0.6377644823658541,0.529538465035539,0.5572403535453867,0.6423226747563444,0.6407461018742022,0.8685310153813636,True,0.9257130864685164,0.8597001476479832,0.8368950005275195,0.7573553689053841,0.0023121939739212,0.6561963540152647,KNN,dedup,Spike2Vec,16,27592,3,3492,3
0.7072243346007605,0.5236030013130325,0.7113490995243811,0.7072243346007605,0.7032699710111054,0.6018277811742777,0.5236030013130325,0.5506256342959953,0.6412828401099617,0.6402210088711492,0.8635580740214124,True,0.919184665514758,0.8536953483022538,0.8378603292157922,0.7544315156208706,0.0022325960453599,0.6755536759737879,KNN,dedup,Spike2Vec,17,27592,3,3492,3
0.670468948035488,0.4457694399854039,0.6770782395265755,0.670468948035488,0.6651776712963733,0.5513081306183617,0.4457694399854039,0.4812478814906818,0.5955482387677397,0.5937596540006178,0.843052570527415,True,0.9138158512937644,0.8331707894230896,0.8161367497637801,0.7145272995274193,0.0022149130236357,0.6485434240312316,KNN,dedup,Spike2Vec,18,27592,3,3492,3
0.7072243346007605,0.4838206683235178,0.7029753309999494,0.7072243346007605,0.696541401648759,0.5567472833652846,0.4838206683235178,0.506182959062926,0.6405690406552093,0.6384639493457959,0.8510109249031094,True,0.921420437515886,0.840712337798238,0.8359184567499002,0.7344520821958453,0.0021510440274141,0.6705507800215855,KNN,dedup,Spike2Vec,19,27592,3,3492,3
0.7896070975918885,0.6448020187484832,0.7839267104705187,0.7896070975918885,0.7814056025572285,0.6311466641006622,0.6448020187484832,0.630799974115879,0.7430632965181398,0.7420766361692155,0.953060153877771,True,0.9775846296279012,0.9416090578716092,0.886466064179952,0.8172403759278758,0.2249046460492536,0.0495977099635638,RF,dedup,Spike2Vec,15,27592,3,3492,3
0.8162230671736375,0.6926651240039963,0.8024523445546675,0.8162230671736375,0.8016585996994608,0.6744048728950806,0.6926651240039963,0.673693869772083,0.7760029759725553,0.7746584570294035,0.9684237105468236,True,0.9792116519868672,0.9593850433386276,0.9009385440483484,0.8418297685496502,0.2459030399913899,0.0603041989961639,RF,dedup,Spike2Vec,16,27592,3,3492,3
0.7997465145754119,0.6625846212816968,0.7795515978668426,0.7997465145754119,0.7856240989917306,0.6595594318833862,0.6625846212816968,0.6541936873018936,0.7548827687148413,0.7540543099978693,0.9422187499092992,True,0.975737322934731,0.932398728674156,0.8910091447537603,0.8263381808569282,0.247241978009697,0.0496454989770427,RF,dedup,Spike2Vec,17,27592,3,3492,3
0.8086185044359949,0.6483903087442154,0.8057035452512122,0.8086185044359949,0.7983910290039086,0.6586701025645124,0.6483903087442154,0.6421440500511287,0.7670638214943902,0.7651762572557677,0.9619316475596256,True,0.976737314588699,0.9502954449126224,0.8970388463683285,0.8195151019343044,0.2375528890406713,0.0591662650112994,RF,dedup,Spike2Vec,18,27592,3,3492,3
0.7896070975918885,0.6344000440355647,0.770027036288848,0.7896070975918885,0.7784274816823805,0.6224507176768245,0.6344000440355647,0.626041637346217,0.7421299243909969,0.7416115591609981,0.9697630397202898,True,0.9797182026112404,0.957314258613666,0.8856092243276573,0.812000441305403,0.2585512509685941,0.0494203799753449,RF,dedup,Spike2Vec,19,27592,3,3492,3
0.761723700887199,0.6339951189544896,0.7533887405243552,0.761723700887199,0.754158498703166,0.6141102425193335,0.6339951189544896,0.619303684650965,0.7093380272322503,0.7082972798640719,0.9709583770807004,True,0.975042306247468,0.9516452002963344,0.8718931097722085,0.8111745190123453,5.475008918030653,0.0050840370240621,MLP,dedup,Spike2Vec,15,27592,3,3492,3
0.7921419518377694,0.6660229484919994,0.7867418179406185,0.7921419518377694,0.7803947239714771,0.717285457418495,0.6660229484919994,0.6712253958725548,0.7469109707891205,0.7450546159544789,0.9743763979391163,True,0.9786753695249668,0.9582064073525632,0.8878076275666141,0.8279118209535731,4.178054807998706,0.0048143340391106,MLP,dedup,Spike2Vec,16,27592,3,3492,3
0.7858048162230672,0.6484404174899103,0.775425591338225,0.7858048162230672,0.775337080202026,0.6867638221378715,0.6484404174899103,0.6524493115845865,0.7383774385073371,0.7371705540191869,0.977596440089644,True,0.980170845392188,0.9607814958472264,0.8836224178309294,0.8189303186463611,5.114324635011144,0.0051246829680167,MLP,dedup,Spike2Vec,17,27592,3,3492,3
0.7858048162230672,0.6508584022107287,0.8064874114733076,0.7858048162230672,0.7873793455295376,0.6786292450366018,0.6508584022107287,0.654349127414052,0.7401202005968324,0.7382899672030759,0.971765431608586,True,0.977672627168524,0.9525278738447382,0.8856790415733209,0.8202327939041517,4.363949741993565,0.0049980060430243,MLP,dedup,Spike2Vec,18,27592,3,3492,3
0.7782002534854245,0.6479069316862163,0.7741711257387144,0.7782002534854245,0.7724439524525233,0.6891329456434441,0.6479069316862163,0.6603694206822387,0.7283681881910233,0.7276772242898307,0.9746302915992532,True,0.977781465416784,0.953963894910544,0.8795430535796656,0.8184781500967291,5.6085626619751565,0.0051685550133697,MLP,dedup,Spike2Vec,19,27592,3,3492,3
0.7743979721166033,0.6419295739787947,0.7595651720809588,0.7743979721166033,0.7659042328353388,0.6293354376191052,0.6419295739787947,0.6337163649652122,0.7233641879174388,0.7231224186028171,0.9677040296141732,True,0.976335794235092,0.9466383389849292,0.8776056130917237,0.815401405766294,69.77304259303492,0.0132803170126862,LR,dedup,Spike2Vec,15,27592,3,3492,3
0.8048162230671736,0.6780001457743164,0.7873573107890635,0.8048162230671736,0.7920172740541153,0.6767340540468221,0.6780001457743164,0.6704152556438197,0.7611104865555156,0.7604981392708465,0.9805894535677891,True,0.9824105265509592,0.968545622460864,0.8943123224432089,0.8341960875436677,85.42166725097923,0.0138509219978004,LR,dedup,Spike2Vec,16,27592,3,3492,3
0.7984790874524715,0.6543836510749661,0.7795663988478072,0.7984790874524715,0.7844313660684635,0.6794516903277285,0.6543836510749661,0.6549986218374976,0.7531092165109177,0.7524429903148655,0.976654600544702,True,0.981838567867131,0.9573582115072832,0.8903077448504693,0.8222058139397771,74.48569419496926,0.0144089829991571,LR,dedup,Spike2Vec,17,27592,3,3492,3
0.8086185044359949,0.6577197344556249,0.8003224109550029,0.8086185044359949,0.7986488612647807,0.6815065095824856,0.6577197344556249,0.6608166446937824,0.7658995922905929,0.7649946840301954,0.9744085426026086,True,0.9827056571169528,0.9592168347773896,0.8963154256632775,0.8241469320306887,81.07647190999705,0.0134847059962339,LR,dedup,Spike2Vec,18,27592,3,3492,3
0.7997465145754119,0.6667473935778254,0.7859298276013463,0.7997465145754119,0.7906831767294283,0.6891320807842095,0.6667473935778254,0.6715662108245055,0.7544902527039609,0.7541425894882161,0.9744854204419277,True,0.9807908891654058,0.9525399950698344,0.891450925200048,0.8284396479343695,78.1282138020033,0.0140132759697735,LR,dedup,Spike2Vec,19,27592,3,3492,3
0.7756653992395437,0.6418659307315062,0.7785301565780314,0.7756653992395437,0.7711838015247657,0.6124891308222445,0.6418659307315062,0.6181101303943883,0.7272354217742205,0.7261158113975736,0.8154750804036877,True,0.8799265308345592,0.8124059637165033,0.8799265308345592,0.8154750804036877,0.4533042549737729,0.0023640390136279,DT,dedup,Spike2Vec,15,27592,3,3492,3
0.788339670468948,0.6762330145232632,0.7830023428325268,0.788339670468948,0.7822150619607134,0.6566323400909867,0.6762330145232632,0.659780936823034,0.7419535531465898,0.7412494992419898,0.8329862416229689,True,0.8871341559494196,0.8304077695121855,0.8871341559494196,0.8329862416229689,0.4630252399947494,0.0021739330259151,DT,dedup,Spike2Vec,16,27592,3,3492,3
0.7807351077313055,0.6606175919186078,0.7773612596638506,0.7807351077313055,0.7776102775933056,0.6389778243762412,0.6606175919186078,0.647480717268044,0.7322806554557927,0.7318819940560959,0.824956943442714,True,0.8822592446350214,0.8222282624335566,0.8822592446350214,0.824956943442714,0.4727445510216057,0.0023785170051269,DT,dedup,Spike2Vec,17,27592,3,3492,3
0.7908745247148289,0.6407262697475568,0.7950625635286402,0.7908745247148289,0.7887454135543028,0.6306332422619367,0.6407262697475568,0.6264098387157723,0.7455424059988848,0.744616615956827,0.8153050046775246,True,0.8887211356824171,0.8118089984391964,0.8887211356824171,0.8153050046775246,0.4880077890120446,0.0023694399860687,DT,dedup,Spike2Vec,18,27592,3,3492,3
0.7541191381495564,0.5867325858947289,0.7558842969973126,0.7541191381495564,0.7534395912203778,0.595996045735589,0.5867325858947289,0.5884155087433884,0.6995512661890473,0.6991822464344883,0.7873884359644346,True,0.8684871463755445,0.7835265926115247,0.8684871463755445,0.7873884359644346,0.4437346050399355,0.0021431549685075,DT,dedup,Spike2Vec,19,27592,3,3492,3
0.6352380952380953,0.4819912656676997,0.7173773252922719,0.6352380952380953,0.6393674432723226,0.539929431237155,0.4819912656676997,0.4485493192631532,0.5159650785318933,0.50556584217942,0.7464391523420905,True,0.8055714785220521,0.7427915760621654,0.79558622490823,0.7317040976024057,0.3930052249925211,7.590246590960305,NB,raw,Murmur2Vec,15,27592,3,27592,3
0.3571428571428571,0.4837446523572485,0.6763543955272283,0.3571428571428571,0.4434156639335592,0.5756435538638628,0.4837446523572485,0.4661372785412312,0.2934662343736969,0.2635162306994492,0.7431585436193003,True,0.667238876406879,0.744972628845696,0.6554553489610905,0.7262112056768555,0.4010795900248922,7.573375347012188,NB,raw,Murmur2Vec,16,27592,3,27592,3
0.3466666666666667,0.4511406090856136,0.6778112060063882,0.3466666666666667,0.4365309262564614,0.5326284000765609,0.4511406090856136,0.430764682588506,0.2825523835262228,0.2530898314241481,0.7285902251369663,True,0.660705830438678,0.7309895961005028,0.6499846259891316,0.70966051481504,0.4003334669978358,7.571204344974831,NB,raw,Murmur2Vec,17,27592,3,27592,3
0.3366666666666666,0.4819420087312933,0.6702035917492651,0.3366666666666666,0.4212723509867091,0.5614498702525479,0.4819420087312933,0.4708932514290216,0.284696445762155,0.2509068858796217,0.7378716934605829,True,0.6546695101544804,0.74126697743496,0.6448597225889073,0.7248282644833242,0.3994652859983034,7.594521437014919,NB,raw,Murmur2Vec,18,27592,3,27592,3
0.3623809523809523,0.4595656662137892,0.6995354483726446,0.3623809523809523,0.4556769717170562,0.5282136019453098,0.4595656662137892,0.4418898767033805,0.3035427894429857,0.2719221498635322,0.7365893851299052,True,0.6711844303481522,0.738576566994453,0.6614342851130613,0.7143934824302156,0.3995001019793562,7.552005660953,NB,raw,Murmur2Vec,19,27592,3,27592,3
0.8171428571428572,0.6286414978774173,0.8132875156598403,0.8171428571428572,0.8083299385913277,0.6843577446639282,0.6286414978774173,0.6326764499430406,0.7516685486561323,0.7506471146463589,0.8975877470032688,True,0.9533973898409976,0.8893483244463956,0.8988823307955713,0.8097244912475983,0.0081958670052699,3.941174003994092,KNN,raw,Murmur2Vec,15,27592,3,27592,3
0.8123809523809524,0.5808251053234582,0.8079559581612619,0.8123809523809524,0.8028331860279176,0.6631391388381694,0.5808251053234582,0.6005398705510072,0.7462430557321171,0.7448351790687131,0.8657334323630117,True,0.9462346720999234,0.8562282381535974,0.8977133650416018,0.7857631601636202,0.0050788990338332,3.791165089991409,KNN,raw,Murmur2Vec,16,27592,3,27592,3
0.819047619047619,0.624859767620764,0.8168762536245662,0.819047619047619,0.8101140031453803,0.6868957296687271,0.624859767620764,0.6338539044759556,0.7549704268687597,0.7533757086198898,0.8936254231071717,True,0.9533770347650308,0.8853678362280089,0.9000204006109301,0.8078853565654242,0.0078674250398762,3.871224211994559,KNN,raw,Murmur2Vec,17,27592,3,27592,3
0.8042857142857143,0.5829983521257002,0.8121398662322609,0.8042857142857143,0.8004773779377038,0.6848302032751362,0.5829983521257002,0.5986366570966721,0.734967764495619,0.7338252831749268,0.910228549590169,True,0.9534761315785664,0.8997388498735873,0.8938656478032854,0.7866748873266357,0.0054366280091926,3.867542540014256,KNN,raw,Murmur2Vec,18,27592,3,27592,3
0.8185714285714286,0.6076967733943333,0.8151081055182242,0.8185714285714286,0.8078496314015279,0.6913545415515064,0.6076967733943333,0.6212107587798837,0.7542272078275224,0.7525276910100527,0.8750895354412328,True,0.9435278156712442,0.866327060669961,0.8992935530404377,0.7992708209262773,0.0080443539773114,3.829665121040307,KNN,raw,Murmur2Vec,19,27592,3,27592,3
0.849047619047619,0.6850879211045219,0.8415497870028871,0.849047619047619,0.8381197563224686,0.7285137496251758,0.6850879211045219,0.6791400083125726,0.7955800398448261,0.7947661514907587,0.9815131243540196,True,0.9890351284232022,0.972894223058892,0.9191998998184948,0.838871228725829,1.5243552359752357,0.109745271038264,RF,raw,Murmur2Vec,15,27592,3,27592,3
0.8495238095238096,0.6634372648374208,0.8373336964839457,0.8495238095238096,0.8347708128528671,0.6930913793050749,0.6634372648374208,0.661557193165396,0.7973182002509889,0.7953385549347587,0.9791362037403876,True,0.9890581458425436,0.967644282478925,0.919705353977545,0.8280688757813263,1.4815892730257474,0.1141644489835016,RF,raw,Murmur2Vec,16,27592,3,27592,3
0.8504761904761905,0.6729604445616147,0.8434798817842937,0.8504761904761905,0.8333693241034936,0.7439791136846382,0.6729604445616147,0.6719351032354492,0.7988302831544326,0.7964006072782615,0.9817272114553164,True,0.9895922069961444,0.972459626124098,0.919564827822228,0.8328240780909085,1.4610373320174403,0.09979835501872,RF,raw,Murmur2Vec,17,27592,3,27592,3
0.8466666666666667,0.6527290246651628,0.841245954571844,0.8466666666666667,0.8354886616307319,0.6917692425906462,0.6527290246651628,0.6459496683383829,0.7926447354804727,0.7914619038646161,0.9800537686035588,True,0.9892813388120644,0.9693621118802004,0.918247424004224,0.8226484861509551,1.41076569003053,0.1004031140473671,RF,raw,Murmur2Vec,18,27592,3,27592,3
0.8528571428571429,0.6753040725955604,0.8512481673314973,0.8528571428571429,0.8417697462803799,0.761498209180195,0.6753040725955604,0.6775731046962025,0.8006385920613478,0.7994965940067125,0.9799161065373748,True,0.9893561557891256,0.969490269716737,0.9200956422556482,0.8340200200366733,1.4919368470436891,0.1106958350283093,RF,raw,Murmur2Vec,19,27592,3,27592,3
0.85,0.7030570898917754,0.8454598360712523,0.85,0.8368515069165018,0.7470264084564573,0.7030570898917754,0.6968348288404106,0.7977399479575199,0.795986846934313,0.9836561607554298,True,0.990029884177966,0.9742264882447208,0.9195405850103466,0.8478712988099943,60.66676025302149,0.096705388976261,MLP,raw,Murmur2Vec,15,27592,3,27592,3
0.8480952380952381,0.6628856048113101,0.8378694835372607,0.8480952380952381,0.8295351068805918,0.723257855454666,0.6628856048113101,0.6566425522779292,0.7957181411783598,0.7931970185054557,0.9853417343146544,True,0.9899334374785186,0.973105086102585,0.9187123281026228,0.8277479082285016,55.81077905400889,0.0958526289905421,MLP,raw,Murmur2Vec,16,27592,3,27592,3
0.8514285714285714,0.6851873445984599,0.8453464039573189,0.8514285714285714,0.835837523611165,0.7638248661792556,0.6851873445984599,0.6850833111517811,0.7998297360586015,0.7978093544650126,0.9856829277927942,True,0.9902814979523636,0.9765868058864988,0.920482109654408,0.8389792227380665,61.92475150700193,0.0959238189971074,MLP,raw,Murmur2Vec,17,27592,3,27592,3
0.8423809523809523,0.7040531508358238,0.8509782926632452,0.8423809523809523,0.8351091555231688,0.7293567171572225,0.7040531508358238,0.695778327022774,0.7883009473213817,0.7859624499739959,0.9851976294641532,True,0.9903156531971052,0.9723290727447936,0.9165276964339122,0.8482323798012714,57.59271575004095,0.0955722900107503,MLP,raw,Murmur2Vec,18,27592,3,27592,3
0.8552380952380952,0.6950284259484675,0.8563412557427625,0.8552380952380952,0.8444292506318908,0.7585724630742433,0.6950284259484675,0.6946775353635691,0.8049834146000974,0.803193906409824,0.9850788830786172,True,0.9904505810803238,0.9694858842856215,0.9225283697981332,0.8439927752377853,53.695546697010286,0.0954135759966448,MLP,raw,Murmur2Vec,19,27592,3,27592,3
0.8514285714285714,0.6867998653662073,0.8413766374684625,0.8514285714285714,0.8356762021244695,0.7514236665487782,0.6867998653662073,0.6828960659350456,0.799179061680798,0.7977358891301254,0.9774010455104531,True,0.9889474825961212,0.9677539111489956,0.920124371372492,0.8397692222909442,306.0020099359681,0.0522767799557186,LR,raw,Murmur2Vec,15,27592,3,27592,3
0.8461904761904762,0.6634190915651917,0.8395950313003726,0.8461904761904762,0.8339651710964685,0.7266887232736255,0.6634190915651917,0.66751638357441,0.7925507554896325,0.7908937189504301,0.9853567560304552,True,0.9896834093989842,0.9728696190438598,0.9182771425745097,0.8279948704450736,341.45781413500663,0.0489364420063793,LR,raw,Murmur2Vec,16,27592,3,27592,3
0.8538095238095238,0.6904761884969968,0.8481419767237952,0.8538095238095238,0.8385786210622066,0.7567081560947813,0.6904761884969968,0.6892075465707997,0.8032250240691223,0.8011212725277126,0.9869515857069122,True,0.991017653566276,0.9765298393936844,0.9217305703992767,0.841680392903011,355.5572337670019,0.0488530760048888,LR,raw,Murmur2Vec,17,27592,3,27592,3
0.8466666666666667,0.6807119030050586,0.8461210406262856,0.8466666666666667,0.8372377483381067,0.7498239225285336,0.6807119030050586,0.6875726474558289,0.7930066278264004,0.7915268393008597,0.9859983445580268,True,0.9902679176970048,0.974798771206276,0.9183986293231852,0.8366467982899468,331.8522766379756,0.0480484350118786,LR,raw,Murmur2Vec,18,27592,3,27592,3
0.8595238095238096,0.689606803678343,0.857716814922015,0.8595238095238096,0.8475994956407465,0.7735233800173792,0.689606803678343,0.6953268698516845,0.8102392651225999,0.808747125418356,0.9806011685875692,True,0.990076233936072,0.9690529193862816,0.9243082915482356,0.8413628696368186,348.0501453829929,0.0484716749633662,LR,raw,Murmur2Vec,19,27592,3,27592,3
0.8442857142857143,0.6873631365910646,0.8440924156450467,0.8442857142857143,0.8344370832510744,0.723982200127446,0.6873631365910646,0.6785151747285452,0.789696449774423,0.7883301384037928,0.9227835371481772,True,0.9538408141813216,0.9158954931282104,0.9167517938444774,0.8398975589248266,1.2720769139705226,0.009215441008564,DT,raw,Murmur2Vec,15,27592,3,27592,3
0.8485714285714285,0.6811652909307765,0.8372023847736463,0.8485714285714285,0.836064341935399,0.6707450383142438,0.6811652909307765,0.6656625012524439,0.7959636879834089,0.7943179011185928,0.9251495869566968,True,0.9589548028314272,0.9176443239808878,0.919807515537122,0.8369375325352574,1.1707391919917427,0.0093580670072697,DT,raw,Murmur2Vec,16,27592,3,27592,3
0.8528571428571429,0.698559043341788,0.8458872297675892,0.8528571428571429,0.8396380447229288,0.7428872334987285,0.698559043341788,0.6941218589914293,0.801612873505872,0.7999449995190542,0.9353341347145544,True,0.963621080401372,0.928479470315527,0.9213382203391074,0.8457039862317626,1.3156330949859694,0.0093888150295242,DT,raw,Murmur2Vec,17,27592,3,27592,3
0.8404761904761905,0.6649718907318558,0.84195795246821,0.8404761904761905,0.8305792484950635,0.7162353674660541,0.6649718907318558,0.6549742609455932,0.785094597884014,0.7834115073604682,0.9335224494055192,True,0.9595205042938788,0.92628332371622,0.9154532313371172,0.828642910426706,1.261434921005275,0.0094110459904186,DT,raw,Murmur2Vec,18,27592,3,27592,3
0.8447619047619047,0.6897961132578381,0.8518989177693006,0.8447619047619047,0.8367439213005551,0.7551571157469623,0.6897961132578381,0.689641518435376,0.7908353679782546,0.7890956343165987,0.9339639459961108,True,0.9580022873720112,0.9266483553341948,0.9168057170619316,0.8411164983135522,1.2283513579750434,0.0094312639557756,DT,raw,Murmur2Vec,19,27592,3,27592,3
0.6352380952380953,0.4825181619928573,0.719785973834034,0.6352380952380953,0.6393938050031442,0.5444208635896124,0.4825181619928573,0.4499692701057026,0.5155892841124629,0.5050195010500564,0.7461404623508134,True,0.8034034928753208,0.7426882247814497,0.7945483172657332,0.7319203681448712,0.0565192559733986,1.0431808079592884,NB,raw,Spike2Vec,15,27592,3,3492,3
0.3585714285714286,0.4852322556630336,0.6787247097910858,0.3585714285714286,0.4451690357169468,0.5768460989255942,0.4852322556630336,0.4668662925572556,0.295439717835698,0.2653047867002166,0.7438038549777363,True,0.6677836112834726,0.7456461125534516,0.6563932378738059,0.7269976386439624,0.055467972997576,1.0401554919662883,NB,raw,Spike2Vec,16,27592,3,3492,3
0.3485714285714286,0.4586805718901345,0.6809294171772211,0.3485714285714286,0.438397956433286,0.5317483082021066,0.4586805718901345,0.435626115048348,0.2858343646755826,0.2559141845891249,0.7323316289093094,True,0.6615556349906909,0.7348593433148024,0.6510415133244366,0.7134785365507234,0.0555807540076784,1.0473442900110967,NB,raw,Spike2Vec,17,27592,3,3492,3
0.3366666666666666,0.4819618972436262,0.6727041306011984,0.3366666666666666,0.4213601028262467,0.5611099724247567,0.4819618972436262,0.4703529309494932,0.2845075839505961,0.2507159731228006,0.7375966181327812,True,0.6539976934096376,0.7409970157720862,0.6445398924864587,0.7248236710075612,0.0559009420103393,1.0422162580071015,NB,raw,Spike2Vec,18,27592,3,3492,3
0.3657142857142857,0.4654174439544489,0.7029432072198454,0.3657142857142857,0.4591895540291255,0.5356650483357431,0.4654174439544489,0.4479857426654485,0.3068013971430842,0.2749814157613005,0.7383285301544792,True,0.6717787807564641,0.7404485332773804,0.6622210958576484,0.7173551354252994,0.0553939649835228,1.0456223959918134,NB,raw,Spike2Vec,19,27592,3,3492,3
0.8195238095238095,0.6369793510700211,0.8179670451532911,0.8195238095238095,0.8123844826868694,0.694988352047814,0.6369793510700211,0.6462913661772715,0.7549642636853514,0.7539934719715141,0.8964419627643451,True,0.9537263531546144,0.8877950305544577,0.9003622392143783,0.8139606864083913,0.0091348409769125,3.912504173000343,KNN,raw,Spike2Vec,15,27592,3,3492,3
0.8052380952380952,0.5706636550109514,0.7994093001147856,0.8052380952380952,0.7961069347029561,0.647176748452098,0.5706636550109514,0.5896191036765429,0.7364416472965455,0.7352275042795484,0.8872686529858202,True,0.9550098101746136,0.8782090992084964,0.8940258946426556,0.7805148227165055,0.0053303189924918,3.874866991012823,KNN,raw,Spike2Vec,16,27592,3,3492,3
0.8142857142857143,0.6207566718371464,0.8112111723830364,0.8142857142857143,0.8049775659085117,0.6866910929999002,0.6207566718371464,0.6298420595704817,0.7483071994660858,0.7468274605959663,0.9196537933761436,True,0.9615428811641032,0.9097995500904128,0.8975069287264029,0.8057195599515914,0.0088315340108238,3.9395419190404937,KNN,raw,Spike2Vec,17,27592,3,3492,3
0.8038095238095239,0.5837992199865264,0.811581497243841,0.8038095238095239,0.8000107320242951,0.6919411382343054,0.5837992199865264,0.6017770925521414,0.7341388718139129,0.7330067201949311,0.9095987688324634,True,0.9543054737237732,0.8993168856403689,0.8931303217803792,0.7870418973469168,0.0088088319753296,3.8739210850326335,KNN,raw,Spike2Vec,18,27592,3,3492,3
0.8176190476190476,0.6042018595656764,0.811318812581003,0.8176190476190476,0.8065485553912012,0.673834514198611,0.6042018595656764,0.6142087735235855,0.7528663438675116,0.7513340712205439,0.8758774484837268,True,0.9447394067749014,0.8673698081317128,0.8989641997573716,0.7975083934081731,0.0091197330038994,3.895923703967128,KNN,raw,Spike2Vec,19,27592,3,3492,3
0.8504761904761905,0.6908833013929339,0.8441807882791156,0.8504761904761905,0.8393779787629742,0.7378250992448098,0.6908833013929339,0.6843033576044514,0.7976814680516681,0.7967217764186163,0.984067610880011,True,0.989683134732481,0.975952781111412,0.9199882946888076,0.8418047550005038,0.9958681869902648,0.0699041300103999,RF,raw,Spike2Vec,15,27592,3,3492,3
0.8528571428571429,0.68140753031944,0.8405449224159498,0.8528571428571429,0.8378934395811248,0.6860368727310854,0.68140753031944,0.6697165623756479,0.8018140021164029,0.7999350073964543,0.979641214304038,True,0.9892936452271274,0.9686658215722672,0.9215548106802977,0.8371380747360972,0.9512367009883748,0.070664869970642,RF,raw,Spike2Vec,16,27592,3,3492,3
0.8538095238095238,0.6833659458039775,0.8460816115192882,0.8538095238095238,0.8378888900398737,0.7425948673135712,0.6833659458039775,0.6809702040730339,0.803334250746596,0.8010736530430763,0.9839675293462756,True,0.9901476424327256,0.9754311091551292,0.921760047362955,0.8381266114184868,0.9456428089761176,0.0804117730003781,RF,raw,Spike2Vec,17,27592,3,3492,3
0.8452380952380952,0.6551449744032389,0.8386214219649296,0.8452380952380952,0.8350812749083812,0.6854034890852339,0.6551449744032389,0.6478383390750312,0.790736899118623,0.7896664433381431,0.9813263536946676,True,0.9900876316299092,0.9710433955898914,0.9178005850432096,0.8238361501581288,0.9361618429538794,0.0898388979840092,RF,raw,Spike2Vec,18,27592,3,3492,3
0.8533333333333334,0.682109866926128,0.8523515240646223,0.8533333333333334,0.8422787012539421,0.7632849148020099,0.682109866926128,0.6823580531384081,0.8015985898203536,0.800310278556047,0.9801239687949348,True,0.9894844773441396,0.9701715083069236,0.920953503821243,0.8374619109094841,0.957523554970976,0.0904529049876146,RF,raw,Spike2Vec,19,27592,3,3492,3
0.8476190476190476,0.6876450720110131,0.849977620520514,0.8476190476190476,0.8364169732782261,0.751678216094313,0.6876450720110131,0.6804350344016129,0.79467796619295,0.7929802434761821,0.9799491262387332,True,0.9890074531237238,0.96927569887655,0.9185669022932968,0.8401210315642927,9.30947775999084,0.0132777540129609,MLP,raw,Spike2Vec,15,27592,3,3492,3
0.8428571428571429,0.704666185614232,0.8505338031774318,0.8428571428571429,0.8357197625892837,0.7230587808660297,0.704666185614232,0.6895242268150295,0.7884554568211001,0.7864744340879238,0.98557096190606,True,0.989748076141682,0.9745315172712968,0.9164851674472958,0.8485369640547205,6.621721128991339,0.0136456500040367,MLP,raw,Spike2Vec,16,27592,3,3492,3
0.8552380952380952,0.6950873046423978,0.8546291608454916,0.8552380952380952,0.8428108419812884,0.7418579227214191,0.6950873046423978,0.690945389693531,0.8054946679236992,0.8031891739247852,0.9863851334159688,True,0.9906251537383226,0.9771089921665836,0.9227793495674026,0.844033622756081,4.453650609997567,0.0126841349992901,MLP,raw,Spike2Vec,17,27592,3,3492,3
0.8085714285714286,0.6487797074399577,0.8375366690658204,0.8085714285714286,0.7980863085896476,0.6835638542156132,0.6487797074399577,0.6353843096223156,0.7475511432673684,0.7412708803777777,0.9858612791980548,True,0.9903063519664724,0.9736190857938104,0.8992168176011988,0.8198087999745788,7.040201233001426,0.0129676340147852,MLP,raw,Spike2Vec,18,27592,3,3492,3
0.8523809523809524,0.68688278406625,0.8553748869264751,0.8523809523809524,0.842968504114966,0.7529409986210722,0.68688278406625,0.6845204870931778,0.800851660099231,0.799253382935119,0.9828734081134788,True,0.9905406821954076,0.971221968618066,0.9209995593255786,0.8398504629115604,4.382379657996353,0.0119247380062006,MLP,raw,Spike2Vec,19,27592,3,3492,3
0.8514285714285714,0.6864568270720933,0.8412464068772291,0.8514285714285714,0.835313675430517,0.7516880319113309,0.6864568270720933,0.6823507142132978,0.7992119106167014,0.7977218391258818,0.9774735976196118,True,0.9889869457914606,0.968010844939969,0.920118154892726,0.8395974205766251,185.20528589299647,0.0351068479940295,LR,raw,Spike2Vec,15,27592,3,3492,3
0.8457142857142858,0.6631170702877928,0.8390157146825399,0.8457142857142858,0.8331334835377189,0.7272773689249128,0.6631170702877928,0.6670727431283662,0.7918263540393055,0.7901412660181526,0.9848202572828516,True,0.9895636017446978,0.9716265781331976,0.9178019915274332,0.827822262031507,189.14188572298733,0.0338152670301497,LR,raw,Spike2Vec,16,27592,3,3492,3
0.8552380952380952,0.6932788322817834,0.8528567615454524,0.8552380952380952,0.8401004790421934,0.7684658086269084,0.6932788322817834,0.6924489970090181,0.8052601249497522,0.8030648343634589,0.9868430603378244,True,0.990948427967094,0.9762819286199896,0.9224663663396364,0.8431151600654206,199.3662391109974,0.0347526479745283,LR,raw,Spike2Vec,17,27592,3,3492,3
0.8471428571428572,0.681166448459604,0.8458909743456748,0.8471428571428572,0.8376840789617318,0.7513745878608915,0.681166448459604,0.6885714424158346,0.7935588651661118,0.7921665824459845,0.9860728223052596,True,0.9904080581658768,0.9747533370695664,0.9186340793867196,0.8368847732928347,200.69200516300043,0.0344490110292099,LR,raw,Spike2Vec,18,27592,3,3492,3
0.86,0.6931652805357443,0.8581280158799887,0.86,0.8482980891476268,0.7758572135136479,0.6931652805357443,0.6995438819292807,0.810875153074326,0.8093954402474464,0.9806108098240696,True,0.9900454541529052,0.9688948996912634,0.9245614741772148,0.8431536163668365,192.15138949797256,0.0341570260352455,LR,raw,Spike2Vec,19,27592,3,3492,3
0.8461904761904762,0.6979373167502237,0.848176161327457,0.8461904761904762,0.8363226217998755,0.735296785288077,0.6979373167502237,0.6860198376751542,0.7925031434376272,0.7910041506458597,0.9275026087353092,True,0.9550065205994736,0.9209484168945166,0.9178213592001482,0.8452332656114823,1.2260329319979064,0.0088194719864986,DT,raw,Spike2Vec,15,27592,3,3492,3
0.8428571428571429,0.6586657221632474,0.8333212659353815,0.8428571428571429,0.8309722046679376,0.6627492140906074,0.6586657221632474,0.6498219727724178,0.7881973926505663,0.7865848400710522,0.9190082354853484,True,0.957798792957888,0.9103885213306177,0.9168105514885716,0.8255515225129225,1.150526877027005,0.0060514159849844,DT,raw,Spike2Vec,16,27592,3,3492,3
0.8523809523809524,0.6994265011601947,0.8488511059848274,0.8523809523809524,0.8409155005147113,0.7468099134490284,0.6994265011601947,0.6953105745902592,0.8010251569737591,0.7993795249393438,0.9378772807563812,True,0.963991674782645,0.9308354012445292,0.9215554144369088,0.8461475875999568,1.2901446800096892,0.0088279279880225,DT,raw,Spike2Vec,17,27592,3,3492,3
0.840952380952381,0.6645543769236621,0.8419410348022834,0.840952380952381,0.8311121525778167,0.7004808222289045,0.6645543769236621,0.657218617733231,0.7859479240037721,0.7839550094161611,0.9367480197998485,True,0.9615489192085002,0.9293192257456584,0.9156825102804912,0.8284445752927625,1.2247204629820772,0.0057463159901089,DT,raw,Spike2Vec,18,27592,3,3492,3
0.8461904761904762,0.6877998296091777,0.8511413980862295,0.8461904761904762,0.8383991347704317,0.7455953914595495,0.6877998296091777,0.6866435734571209,0.792770302474361,0.7910577137222685,0.9327786539033202,True,0.957655134726945,0.9254034282457833,0.9177951411056652,0.8401633303093919,1.19229571003234,0.0087940240046009,DT,raw,Spike2Vec,19,27592,3,3492,3
